<?xml version="1.0" encoding="UTF-8" standalone="no"?>
<databaseChangeLog xmlns="http://www.liquibase.org/xml/ns/dbchangelog" xmlns:ext="http://www.liquibase.org/xml/ns/dbchangelog-ext" xmlns:xsi="http://www.w3.org/2001/XMLSchema-instance" xsi:schemaLocation="http://www.liquibase.org/xml/ns/dbchangelog-ext http://www.liquibase.org/xml/ns/dbchangelog/dbchangelog-ext.xsd http://www.liquibase.org/xml/ns/dbchangelog http://www.liquibase.org/xml/ns/dbchangelog/dbchangelog-3.3.xsd">
    <changeSet author="hobbss (generated)" id="1442501664243-1">
        <addColumn tableName="operator">
            <column name="description" type="VARCHAR(255)"/>
        </addColumn>
    </changeSet>
    <changeSet author="hobbss (generated)" id="1442501664243-2">
        <addColumn tableName="operator">
            <column defaultValueNumeric="0"  name="never_expires" type="BIT(1)">
                <constraints nullable="false"/>
            </column>
        </addColumn>
    </changeSet>
    <changeSet author="hobbss (generated)" id="1442501664243-3">
        <addColumn tableName="site">
            <column name="operator_password_desc" type="VARCHAR(255)"/>
        </addColumn>
    </changeSet>
    <changeSet author="hobbss (generated)" id="1442501664243-4">
        <addColumn tableName="site">
            <column name="operator_password_regexp" type="VARCHAR(255)"/>
        </addColumn>
    </changeSet>
    <changeSet author="hobbss (generated)" id="1442501664243-5">
        <addColumn tableName="site">
            <column name="player_mobile_number_desc" type="VARCHAR(255)">
            </column>
        </addColumn>
    </changeSet>
    <changeSet author="hobbss (generated)" id="1442501664243-6">
        <addColumn tableName="site">
            <column name="player_mobile_number_regexp" type="VARCHAR(255)">
            </column>
        </addColumn>
    </changeSet>
    <changeSet author="hobbss (generated)" id="1442501664243-7">
        <addColumn tableName="player">
            <column name="referafriend_code" type="VARCHAR(255)"/>
        </addColumn>
    </changeSet>
    <changeSet author="hobbss (generated)" id="1442501664243-8">
        <addColumn tableName="player">
            <column name="user_correlation_id" type="VARCHAR(255)">
                <constraints nullable="false"/>
            </column>
        </addColumn>
    </changeSet>

    <changeSet author="hobbss (generated)" id="1442501664243-15">
        <modifyDataType columnName="device_id" newDataType="varchar(512)" tableName="session"/>
    </changeSet>
    <changeSet author="hobbss (generated)" id="1442501664243-16">
        <addDefaultValue columnDataType="int(10)" columnName="failed_loggins" defaultValueNumeric="0" tableName="operator"/>
    </changeSet>
    <changeSet author="hobbss (generated)" id="1442501664243-17">
        <addNotNullConstraint columnDataType="decimal(19,8)" columnName="max_turnover_multiplier" tableName="bonus"/>
    </changeSet>
    <changeSet author="hobbss (generated)" id="1442501664243-18">
        <addNotNullConstraint columnDataType="decimal(19,8)" columnName="play_through_multiplier" tableName="bonus"/>
    </changeSet>

    <changeSet id="1442501664243-19" author="simon.hobbs">
        <comment>US ROC Games</comment>
        <sql>
            update site s
            set s.operator_password_regexp = '^((?=.*\\d)(?=.*[a-zA-Z]).{6,20})$',
            s.operator_password_desc = 'At least 1 letter, one digit, no spaces, 6 to 20 characters in total',
            s.player_mobile_number_regexp = '^\\d{3,12}$',
            s.player_mobile_number_desc = '3 to 12 digits'
            where s.id = 1;
        </sql>
    </changeSet>

    <changeSet id="1442501664243-20" author="simon.hobbs" context="US">
        <comment>US session timeout to 30s </comment>
        <sql>
            update param set val = 31 where param_key = 'player.session.maxIdleTime'
        </sql>
    </changeSet>


    <changeSet id="1442501664243-22" author="simon.hobbs" context="US">
        <comment>set max SL transfer to 1 credit</comment>
        <sql>
            update site set min_deposit = 1 where id = 1
        </sql>
    </changeSet>

    <changeSet id="1442501664243-23" author="simon.hobbs">
        <comment>updated financial summary for player report</comment>
        <sqlFile relativeToChangelogFile="true" path="sql//reporting/financial_summary_by_player_v2.sql" />
    </changeSet>

    <changeSet id="1442501664243-24" author="simon.hobbs">
        <comment>updated financial summary for player report</comment>
        <sqlFile relativeToChangelogFile="true" path="sql//reporting/game_period_v3.sql" />
    </changeSet>


</databaseChangeLog>
