<?xml version="1.0" encoding="UTF-8" standalone="no"?>
<databaseChangeLog xmlns="http://www.liquibase.org/xml/ns/dbchangelog" xmlns:ext="http://www.liquibase.org/xml/ns/dbchangelog-ext" xmlns:xsi="http://www.w3.org/2001/XMLSchema-instance" xsi:schemaLocation="http://www.liquibase.org/xml/ns/dbchangelog-ext http://www.liquibase.org/xml/ns/dbchangelog/dbchangelog-ext.xsd http://www.liquibase.org/xml/ns/dbchangelog http://www.liquibase.org/xml/ns/dbchangelog/dbchangelog-3.3.xsd">
    <changeSet author="hobbss (generated)" id="1443702449750-1">
        <addColumn tableName="w2g_record">
            <column defaultValueNumeric="0" name="is_game_ended" type="BIT(1)">
                <constraints nullable="false"/>
            </column>
        </addColumn>
    </changeSet>
    <changeSet author="hobbss (generated)" id="1443702449750-8">
        <addDefaultValue columnName="is_completed" defaultValueNumeric="0" tableName="w2g_record"/>
    </changeSet>

    <changeSet id="disable_bonus_job" author="simon.hobbs" context="US">
        <comment>disable bonus job for US</comment>
        <sql>
            update param set val = 'false' where param_key = 'bonus.statusCheck.schedule.enable';
        </sql>
    </changeSet>

    <changeSet id="disable_player_bonus_job" author="simon.hobbs" context="US">
        <comment>disable player bonus job for US</comment>
        <sql>
            update param set val = 'false' where param_key = 'player.bonus.statusCheck.schedule.enable';
        </sql>
    </changeSet>

    <changeSet author="hobbss (generated)" id="1443703333453-9">
        <modifyDataType columnName="total_win" newDataType="decimal(19,8)" tableName="w2g_record"/>
    </changeSet>

    <changeSet author="hobbss (generated)" id="1443703333453-10">
        <addNotNullConstraint columnDataType="decimal(19,8)" columnName="total_win" tableName="w2g_record"/>
    </changeSet>

</databaseChangeLog>
