<?xml version="1.0" encoding="UTF-8" standalone="no"?>
<databaseChangeLog xmlns="http://www.liquibase.org/xml/ns/dbchangelog" xmlns:xsi="http://www.w3.org/2001/XMLSchema-instance" xsi:schemaLocation="http://www.liquibase.org/xml/ns/dbchangelog http://www.liquibase.org/xml/ns/dbchangelog/dbchangelog-2.0.xsd">
    <changeSet author="hobbss (generated)" id="1440683107703-1">
        <addUniqueConstraint columnNames="site_id" constraintName="UK_n0pxlainublm4j9d2hgtbxo2v" deferrable="false" disabled="false" initiallyDeferred="false" tableName="messaging_config"/>
    </changeSet>
    <changeSet author="hobbss (generated)" id="1440683107703-2">
        <addUniqueConstraint columnNames="site_id" constraintName="UK_tq1x2k8g7i8kq4seab6vilit0" deferrable="false" disabled="false" initiallyDeferred="false" tableName="adobe_message_service_config"/>
    </changeSet>
    <changeSet author="hobbss (generated)" id="1440683107703-5">
        <dropIndex indexName="unique_name" tableName="bonus"/>
    </changeSet>
    <changeSet author="hobbss (generated)" id="1440683107703-6">
        <addNotNullConstraint columnDataType="varchar(254)" columnName="address_1" tableName="player"/>
    </changeSet>
    <changeSet author="hobbss (generated)" id="1440683107703-7">
        <modifyDataType columnName="deposit_count" newDataType="int(10)" tableName="player_extra"/>
    </changeSet>
    <changeSet author="hobbss (generated)" id="1440683107703-8">
        <addNotNullConstraint columnDataType="varchar(4096)" columnName="description" tableName="bonus"/>
    </changeSet>
    <changeSet author="hobbss (generated)" id="1440683107703-9">
        <addDefaultValue  columnName="is_bonus_abuser" defaultValueNumeric="0" tableName="player"/>
    </changeSet>
    <changeSet author="hobbss (generated)" id="1440683107703-10">
        <addDefaultValue  columnName="is_contactable" defaultValueNumeric="0" tableName="player"/>
    </changeSet>
    <changeSet author="hobbss (generated)" id="1440683107703-11">
        <addDefaultValue  columnName="is_contactable_by_others" defaultValueNumeric="0" tableName="player"/>
    </changeSet>
    <changeSet author="hobbss (generated)" id="1440683107703-12">
        <addDefaultValue columnName="is_default" defaultValueNumeric="0" tableName="account_type"/>
        <addDefaultValue columnName="is_adjustable" defaultValueNumeric="1" tableName="account_type"/>
    </changeSet>
    <changeSet author="hobbss (generated)" id="1440683107703-13">
        <addDefaultValue  columnName="is_demo" defaultValueNumeric="0" tableName="player"/>
    </changeSet>
    <changeSet author="hobbss (generated)" id="1440683107703-14">
        <addDefaultValue columnName="is_email_validated" defaultValueNumeric="0" tableName="player"/>
    </changeSet>
    <changeSet author="hobbss (generated)" id="1440683107703-15">
        <addDefaultValue columnName="is_password_oneshot" defaultValueNumeric="0" tableName="player"/>
    </changeSet>
    <changeSet author="hobbss (generated)" id="1440683107703-16">
        <addDefaultValue columnName="is_tester" defaultValueNumeric="0" tableName="player"/>
    </changeSet>
    <changeSet author="hobbss (generated)" id="1440683107703-17">
        <addNotNullConstraint columnDataType="datetime" columnName="last_updated" tableName="player_bonus"/>
    </changeSet>
    <changeSet author="hobbss (generated)" id="1440683107703-18">
        <addNotNullConstraint columnDataType="varchar(4096)" columnName="mapping" tableName="template_type"/>
    </changeSet>
    <changeSet author="hobbss (generated)" id="1440683107703-19">
        <addNotNullConstraint columnDataType="int(10)" columnName="max_turnover_multiplier" tableName="bonus"/>
    </changeSet>
    <changeSet author="hobbss (generated)" id="1440683107703-20">
        <modifyDataType columnName="name" newDataType="varchar(1024)" tableName="bonus"/>
        <addNotNullConstraint columnDataType="varchar(1024)" columnName="name" tableName="bonus"/>
    </changeSet>
    <changeSet author="hobbss (generated)" id="1440683107703-21">
        <addNotNullConstraint columnDataType="int(10)" columnName="play_through_days" tableName="bonus"/>
    </changeSet>
    <changeSet author="hobbss (generated)" id="1440683107703-22">
        <addNotNullConstraint columnDataType="int(10)" columnName="play_through_multiplier" tableName="bonus"/>
    </changeSet>
    <changeSet author="hobbss (generated)" id="1440683107703-23">
        <addNotNullConstraint columnDataType="int(10)" columnName="play_through_type" tableName="bonus"/>
    </changeSet>
    <changeSet author="hobbss (generated)" id="1440683107703-24">
        <dropDefaultValue columnDataType="int(10)" columnName="security_level" tableName="player"/>
    </changeSet>
    <changeSet author="hobbss (generated)" id="1440683107703-25">
        <addNotNullConstraint columnDataType="varchar(100)" columnName="short_name" tableName="site"/>
    </changeSet>
    <changeSet author="hobbss (generated)" id="1440683107703-26">
        <addNotNullConstraint columnDataType="bigint(19)" columnName="version" tableName="card_detail"/>
    </changeSet>
    <changeSet author="hobbss (generated)" id="1440683107703-27">
        <dropDefaultValue columnDataType="int(10)" columnName="vip_level" tableName="player"/>
    </changeSet>
</databaseChangeLog>
