<?xml version="1.0" encoding="UTF-8" standalone="no"?>
<databaseChangeLog xmlns="http://www.liquibase.org/xml/ns/dbchangelog" xmlns:ext="http://www.liquibase.org/xml/ns/dbchangelog-ext" xmlns:xsi="http://www.w3.org/2001/XMLSchema-instance" xsi:schemaLocation="http://www.liquibase.org/xml/ns/dbchangelog-ext http://www.liquibase.org/xml/ns/dbchangelog/dbchangelog-ext.xsd http://www.liquibase.org/xml/ns/dbchangelog http://www.liquibase.org/xml/ns/dbchangelog/dbchangelog-3.3.xsd">
    <changeSet author="hobbss (generated)" id="1441357061315-1">
        <addColumn tableName="session">
            <column name="app_version" type="VARCHAR(128)"/>
        </addColumn>
    </changeSet>
    <changeSet author="hobbss (generated)" id="1441357061315-2">
        <addColumn tableName="session">
            <column name="device_id" type="VARCHAR(128)"/>
        </addColumn>
    </changeSet>
    <changeSet author="hobbss (generated)" id="1441357061315-3">
        <addColumn tableName="player_extra">
            <column name="kyc_result" type="VARCHAR(255)"/>
        </addColumn>
    </changeSet>
    <changeSet author="hobbss (generated)" id="1441357061315-4">
        <addColumn tableName="site">
            <column name="nektan_game_server_url" type="VARCHAR(256)">
            </column>
        </addColumn>
    </changeSet>
    <changeSet author="hobbss (generated)" id="1441357061315-5">
        <addColumn tableName="player_extra">
            <column name="user_agent_device_string" type="VARCHAR(512)"/>
        </addColumn>
    </changeSet>
    <changeSet author="hobbss (generated)" id="1441784871978-1">
        <addColumn tableName="plugin">
            <column name="mode" type="VARCHAR(32)"/>
        </addColumn>
    </changeSet>
</databaseChangeLog>
