<?xml version="1.0" encoding="UTF-8" standalone="no"?>
<databaseChangeLog xmlns="http://www.liquibase.org/xml/ns/dbchangelog" xmlns:xsi="http://www.w3.org/2001/XMLSchema-instance" xsi:schemaLocation="http://www.liquibase.org/xml/ns/dbchangelog http://www.liquibase.org/xml/ns/dbchangelog/dbchangelog-2.0.xsd">
    <changeSet author="hobbss (generated)" id="1440166113959-1">
        <modifyDataType columnName="description" newDataType="VARCHAR(250)" tableName="bonus"/>
    </changeSet>
    <changeSet author="hobbss (generated)" id="1440166113959-2">
        <addNotNullConstraint columnDataType="DATETIME" columnName="end_time" tableName="bonus"/>
    </changeSet>
    <changeSet author="hobbss (generated)" id="1440166113959-3">
        <addNotNullConstraint columnDataType="DATETIME" columnName="last_updated" tableName="bonus"/>
    </changeSet>
    <changeSet author="hobbss (generated)" id="1440166113959-4">
        <dropNotNullConstraint columnDataType="DECIMAL(19,2)" columnName="max_payout_amount" tableName="bonus"/>
    </changeSet>
    <changeSet author="hobbss (generated)" id="1440166113959-5">
        <dropNotNullConstraint columnDataType="INT" columnName="max_turnover_multiplier" tableName="bonus"/>
    </changeSet>
    <changeSet author="hobbss (generated)" id="1440166113959-6">
        <dropNotNullConstraint columnDataType="INT" columnName="play_through_days" tableName="bonus"/>
    </changeSet>
    <changeSet author="hobbss (generated)" id="1440166113959-7">
        <dropNotNullConstraint columnDataType="INT" columnName="play_through_multiplier" tableName="bonus"/>
    </changeSet>
    <changeSet author="hobbss (generated)" id="1440166113959-8">
        <dropNotNullConstraint columnDataType="INT" columnName="play_through_type" tableName="bonus"/>
    </changeSet>
    <changeSet author="hobbss (generated)" id="1440166113959-9">
        <addNotNullConstraint columnDataType="DATETIME" columnName="start_time" tableName="bonus"/>
    </changeSet>
    <changeSet author="hobbss (generated)" id="1440166113959-11">
        <modifyDataType columnName="exception" newDataType="VARCHAR(2048)" tableName="payment_record"/>
    </changeSet>
    <changeSet author="hobbss (generated)" id="1440166113959-12">
        <modifyDataType columnName="payment_details" newDataType="VARCHAR(255)" tableName="payment_record"/>
    </changeSet>
    <changeSet author="hobbss (generated)" id="1440166113959-13">
        <modifyDataType columnName="sightline_error_friendly_message" newDataType="VARCHAR(1024)" tableName="payment_record"/>
    </changeSet>
    <changeSet author="hobbss (generated)" id="1440166113959-14">
        <modifyDataType columnName="work_flow_response" newDataType="VARCHAR(255)" tableName="payment_record"/>
    </changeSet>
    <changeSet author="hobbss (generated)" id="1440166113959-15">
        <modifyDataType columnName="address_1" newDataType="VARCHAR(254)" tableName="player"/>
    </changeSet>
    <changeSet author="hobbss (generated)" id="1440166113959-16">
        <modifyDataType columnName="address_2" newDataType="VARCHAR(254)" tableName="player"/>
    </changeSet>
    <changeSet author="hobbss (generated)" id="1440166113959-17">
        <modifyDataType columnName="house_number" newDataType="VARCHAR(254)" tableName="player"/>
    </changeSet>
    <changeSet author="hobbss (generated)" id="1440166113959-18">
        <modifyDataType columnName="user_name" newDataType="VARCHAR(254)" tableName="player"/>
    </changeSet>
    <changeSet author="hobbss (generated)" id="1440166113959-19">
        <addNotNullConstraint columnDataType="VARCHAR(254)" columnName="user_name" tableName="player"/>
    </changeSet>
    <changeSet author="hobbss (generated)" id="1440166113959-20">
        <addNotNullConstraint columnDataType="DATETIME" columnName="expires" tableName="player_bonus"/>
    </changeSet>
    <changeSet author="hobbss (generated)" id="1440166113959-21">
        <addNotNullConstraint columnDataType="DECIMAL(19,2)" columnName="max_payout" tableName="player_bonus"/>
    </changeSet>
    <changeSet author="hobbss (generated)" id="1440166113959-22">
        <modifyDataType columnName="name" newDataType="VARCHAR(255)" tableName="player_bonus"/>
    </changeSet>
    <changeSet author="hobbss (generated)" id="1440166113959-23">
        <addNotNullConstraint columnDataType="VARCHAR(255)" columnName="name" tableName="player_bonus"/>
    </changeSet>
    <changeSet author="hobbss (generated)" id="1440166113959-24">
        <addNotNullConstraint columnDataType="DECIMAL(19,2)" columnName="play_through_reached" tableName="player_bonus"/>
    </changeSet>
    <changeSet author="hobbss (generated)" id="1440166113959-25">
        <addNotNullConstraint columnDataType="DECIMAL(19,2)" columnName="play_through_required" tableName="player_bonus"/>
    </changeSet>
    <changeSet author="hobbss (generated)" id="1440166113959-26">
        <modifyDataType columnName="short_name" newDataType="VARCHAR(100)" tableName="site"/>
    </changeSet>
    <changeSet author="hobbss (generated)" id="1440166113959-27">
        <modifyDataType columnName="mapping" newDataType="VARCHAR(4096)" tableName="template_type"/>
    </changeSet>
    <changeSet author="hobbss (generated)" id="1440166113959-28">
        <dropIndex indexName="unique_bonus_name" tableName="bonus"/>
    </changeSet>
    <changeSet author="hobbss (generated)" id="1440166113959-29">
        <createIndex indexName="IX_bonus_status" tableName="bonus" unique="false">
            <column name="status"/>
        </createIndex>
    </changeSet>

    <changeSet id="increment_bonus" author="simon.hobbs">
        <comment>autoincrement bonus</comment>
        <sql>ALTER TABLE bonus AUTO_INCREMENT = 1001;</sql>
    </changeSet>

    <changeSet id="increment_site_game_config" author="simon.hobbs">
        <comment>autoincrement site_game_config</comment>
        <sql>ALTER TABLE site_game_config AUTO_INCREMENT = 1001;</sql>
    </changeSet>

    <changeSet id="increment_void_reason" author="simon.hobbs">
        <comment>autoincrement void reason</comment>
        <sql>ALTER TABLE void_reason AUTO_INCREMENT = 1001;</sql>
    </changeSet>
</databaseChangeLog>
