<?xml version="1.0" encoding="UTF-8" standalone="no"?>
<databaseChangeLog xmlns="http://www.liquibase.org/xml/ns/dbchangelog" xmlns:xsi="http://www.w3.org/2001/XMLSchema-instance" xsi:schemaLocation="http://www.liquibase.org/xml/ns/dbchangelog http://www.liquibase.org/xml/ns/dbchangelog/dbchangelog-2.0.xsd">

    <changeSet id="10kReport_permission" author="simon.hobbs">
        <comment>10kRepor permission</comment>
        <sqlFile relativeToChangelogFile="true" path="sql//reporting//10kReport_permission.sql" />
    </changeSet>

    <changeSet id="10kReport" author="simon.hobbs">
        <comment>10kReport</comment>
        <sqlFile relativeToChangelogFile="true" path="sql//reporting//10kReport.sql" />
    </changeSet>

    <changeSet id="10kReport_category" author="simon.hobbs">
        <comment>10kReport category</comment>
        <sqlFile relativeToChangelogFile="true" path="sql//reporting//10kReport_category.sql" />
    </changeSet>

    <changeSet id="10kReport_role" author="simon.hobbs">
        <comment>10kReport added to superuser role</comment>
        <sqlFile relativeToChangelogFile="true" path="sql//reporting//10kReport_role.sql" />
    </changeSet>

</databaseChangeLog>