<?xml version="1.0" encoding="UTF-8" standalone="no"?>
<databaseChangeLog xmlns="http://www.liquibase.org/xml/ns/dbchangelog" xmlns:xsi="http://www.w3.org/2001/XMLSchema-instance" xsi:schemaLocation="http://www.liquibase.org/xml/ns/dbchangelog http://www.liquibase.org/xml/ns/dbchangelog/dbchangelog-2.0.xsd">
    <changeSet author="veerendranath.kommisetty" id="tag-3.14.0">
        <tagDatabase tag="version_3.14.0"/>
    </changeSet>
    <!-- Create individual files with JIRA ID. For example, "<<JIRAID>>.xml" -->
    <include file="REV-732.xml" relativeToChangelogFile="true"/>
    <!--<include file="REV-740.xml" relativeToChangelogFile="true"/>-->
    <include file="REV-603.xml" relativeToChangelogFile="true"/>
    <!--<include file="REV-733.xml" relativeToChangelogFile="true"/>-->
    <include file="REV-799.xml" relativeToChangelogFile="true"/>
    <include file="REV-797.xml" relativeToChangelogFile="true"/>

</databaseChangeLog>

