<?xml version="1.0" encoding="UTF-8" standalone="no"?>
<databaseChangeLog xmlns="http://www.liquibase.org/xml/ns/dbchangelog" xmlns:xsi="http://www.w3.org/2001/XMLSchema-instance" xsi:schemaLocation="http://www.liquibase.org/xml/ns/dbchangelog http://www.liquibase.org/xml/ns/dbchangelog/dbchangelog-2.0.xsd">
    <changeSet author="veerendranath.kommisetty" id="tag-3.9.0">
        <tagDatabase tag="version_3.9.0"/>
    </changeSet>
    <!-- Create individual files with JIRA ID. For example, "<<JIRAID>>.xml" -->
    <include file="REV-602.xml" relativeToChangelogFile="true"/>
    <include file="REV-516.xml" relativeToChangelogFile="true"/>
    <include file="REV-522.xml" relativeToChangelogFile="true"/>
    <include file="REV-580.xml" relativeToChangelogFile="true"/>
    <include file="REV-624.xml" relativeToChangelogFile="true"/>
</databaseChangeLog>
