<?xml version="1.0" encoding="UTF-8" standalone="no"?>
<databaseChangeLog xmlns="http://www.liquibase.org/xml/ns/dbchangelog" xmlns:xsi="http://www.w3.org/2001/XMLSchema-instance" xsi:schemaLocation="http://www.liquibase.org/xml/ns/dbchangelog http://www.liquibase.org/xml/ns/dbchangelog/dbchangelog-2.0.xsd">


    <changeSet id="increment_player" author="simon.hobbs" context="UK">
        <comment>autoincrement player</comment>
        <sql>ALTER TABLE player AUTO_INCREMENT = 1000001;</sql>
    </changeSet>

    <changeSet id="increment_player-2" author="simon.hobbs" context="UK">
        <comment>autoincrement player</comment>
        <sql>ALTER TABLE player AUTO_INCREMENT = 10000001;</sql>
    </changeSet>

    <changeSet id="increment_account_uk" author="simon.hobbs">
        <comment>autoincrement accout</comment>
        <sql>ALTER TABLE account AUTO_INCREMENT = 1001;</sql>
    </changeSet>

    <changeSet id="increment_account_type" author="simon.hobbs">
        <comment>autoincrement accout type</comment>
        <sql>ALTER TABLE account_type AUTO_INCREMENT = 1001;</sql>
    </changeSet>

    <changeSet id="increment_adobe_message_service_config" author="simon.hobbs">
        <comment>autoincrement adobe_message_service_config</comment>
        <sql>ALTER TABLE adobe_message_service_config AUTO_INCREMENT = 1001;</sql>
    </changeSet>

<!--
    Not updated:

    audit_log
    event_log
    report_lock
    report_log

-->
    <changeSet id="increment_country" author="simon.hobbs">
        <comment>autoincrement country</comment>
        <sql>ALTER TABLE country AUTO_INCREMENT = 1001;</sql>
    </changeSet>

    <changeSet id="increment_currency" author="simon.hobbs">
        <comment>autoincrement currency</comment>
        <sql>ALTER TABLE currency AUTO_INCREMENT = 1001;</sql>
    </changeSet>

    <changeSet id="increment_document" author="simon.hobbs">
        <comment>autoincrement document</comment>
        <sql>ALTER TABLE document AUTO_INCREMENT = 1001;</sql>
    </changeSet>

    <changeSet id="increment_document_type" author="simon.hobbs">
        <comment>autoincrement document_type</comment>
        <sql>ALTER TABLE document_type AUTO_INCREMENT = 1001;</sql>
    </changeSet>

    <changeSet id="increment_exchange_rate" author="simon.hobbs">
        <comment>autoincrement exchange_rate</comment>
        <sql>ALTER TABLE exchange_rate AUTO_INCREMENT = 1001;</sql>
    </changeSet>

    <changeSet id="increment_game" author="simon.hobbs">
        <comment>autoincrement game</comment>
        <sql>ALTER TABLE game AUTO_INCREMENT = 1001;</sql>
    </changeSet>

    <changeSet id="increment_game_round" author="simon.hobbs">
        <comment>autoincrement game_round</comment>
        <sql>ALTER TABLE game_round AUTO_INCREMENT = 1001;</sql>
    </changeSet>


    <changeSet id="increment_game_session" author="simon.hobbs">
        <comment>autoincrement game_session</comment>
        <sql>ALTER TABLE game_session AUTO_INCREMENT = 1001;</sql>
    </changeSet>

    <changeSet id="increment_game_category" author="simon.hobbs">
        <comment>autoincrement game_category</comment>
        <sql>ALTER TABLE game_category AUTO_INCREMENT = 1001;</sql>
    </changeSet>

    <changeSet id="increment_message_service_type" author="simon.hobbs">
        <comment>autoincrement message_service_type</comment>
        <sql>ALTER TABLE message_service_type AUTO_INCREMENT = 1001;</sql>
    </changeSet>

    <changeSet id="increment_messaging_config" author="simon.hobbs">
        <comment>autoincrement messaging_config</comment>
        <sql>ALTER TABLE messaging_config AUTO_INCREMENT = 1001;</sql>
    </changeSet>

    <changeSet id="increment_note" author="simon.hobbs">
        <comment>autoincrement note</comment>
        <sql>ALTER TABLE note AUTO_INCREMENT = 1001;</sql>
    </changeSet>

    <changeSet id="increment_note_type" author="simon.hobbs">
        <comment>autoincrement note_type</comment>
        <sql>ALTER TABLE note_type AUTO_INCREMENT = 1001;</sql>
    </changeSet>

    <changeSet id="increment_operator" author="simon.hobbs">
        <comment>autoincrement operator</comment>
        <sql>ALTER TABLE operator AUTO_INCREMENT = 1001;</sql>
    </changeSet>

    <changeSet id="increment_operator_role" author="simon.hobbs">
        <comment>autoincrement operator_role</comment>
        <sql>ALTER TABLE operator_role AUTO_INCREMENT = 1001;</sql>
    </changeSet>

    <changeSet id="increment_param" author="simon.hobbs">
        <comment>autoincrement param</comment>
        <sql>ALTER TABLE param AUTO_INCREMENT = 10001;</sql>
    </changeSet>


    <changeSet id="increment_payment_record" author="simon.hobbs">
        <comment>autoincrement payment_record</comment>
        <sql>ALTER TABLE payment_record AUTO_INCREMENT = 10001;</sql>
    </changeSet>


    <changeSet id="increment_payment_method" author="simon.hobbs">
        <comment>autoincrement payment_method</comment>
        <sql>ALTER TABLE payment_method AUTO_INCREMENT = 1001;</sql>
    </changeSet>

    <changeSet id="increment_permission" author="simon.hobbs">
        <comment>autoincrement permission</comment>
        <sql>ALTER TABLE permission AUTO_INCREMENT = 1001;</sql>
    </changeSet>

    <changeSet id="increment_platform" author="simon.hobbs">
        <comment>autoincrement platform</comment>
        <sql>ALTER TABLE platform AUTO_INCREMENT = 1001;</sql>
    </changeSet>

    <changeSet id="increment_player_bonus" author="simon.hobbs">
        <comment>autoincrement player_bonus</comment>
        <sql>ALTER TABLE player_bonus AUTO_INCREMENT = 1001;</sql>
    </changeSet>

    <changeSet id="increment_player_extra" author="simon.hobbs">
        <comment>autoincrement player_extra</comment>
        <sql>ALTER TABLE player_extra AUTO_INCREMENT = 1001;</sql>
    </changeSet>


    <changeSet id="increment_player_status" author="simon.hobbs">
        <comment>autoincrement player_status</comment>
        <sql>ALTER TABLE player_status AUTO_INCREMENT = 1001;</sql>
    </changeSet>

    <changeSet id="increment_plugin" author="simon.hobbs">
        <comment>autoincrement plugin</comment>
        <sql>ALTER TABLE plugin AUTO_INCREMENT = 1001;</sql>
    </changeSet>

    <changeSet id="increment_report" author="simon.hobbs">
        <comment>autoincrement report</comment>
        <sql>ALTER TABLE report AUTO_INCREMENT = 1001;</sql>
    </changeSet>

    <changeSet id="increment_report_category" author="simon.hobbs">
        <comment>autoincrement report_category</comment>
        <sql>ALTER TABLE report_category AUTO_INCREMENT = 1001;</sql>
    </changeSet>


    <changeSet id="increment_report_category_report" author="simon.hobbs">
        <comment>autoincrement report_category_report</comment>
        <sql>ALTER TABLE report_category_report AUTO_INCREMENT = 1001;</sql>
    </changeSet>

    <changeSet id="increment_report_schedule" author="simon.hobbs">
        <comment>autoincrement report_schedule</comment>
        <sql>ALTER TABLE report_schedule AUTO_INCREMENT = 1001;</sql>
    </changeSet>

    <changeSet id="increment_report_schedule_parameters" author="simon.hobbs">
        <comment>autoincrement report_schedule_parameters</comment>
        <sql>ALTER TABLE report_schedule_parameters AUTO_INCREMENT = 1001;</sql>
    </changeSet>

    <changeSet id="increment_rgs" author="simon.hobbs">
        <comment>autoincrement rgs</comment>
        <sql>ALTER TABLE rgs AUTO_INCREMENT = 1001;</sql>
    </changeSet>

    <changeSet id="increment_role" author="simon.hobbs">
        <comment>autoincrement role</comment>
        <sql>ALTER TABLE role AUTO_INCREMENT = 1001;</sql>
    </changeSet>

    <changeSet id="increment_security_level" author="simon.hobbs">
        <comment>autoincrement security_level</comment>
        <sql>ALTER TABLE security_level AUTO_INCREMENT = 1001;</sql>
    </changeSet>

    <changeSet id="increment_security_question" author="simon.hobbs">
        <comment>autoincrement security_question</comment>
        <sql>ALTER TABLE security_question AUTO_INCREMENT = 1001;</sql>
    </changeSet>

    <changeSet id="increment_session" author="simon.hobbs">
        <comment>autoincrement session</comment>
        <sql>ALTER TABLE session AUTO_INCREMENT = 1001;</sql>
    </changeSet>

    <changeSet id="increment_site" author="simon.hobbs">
        <comment>autoincrement site</comment>
        <sql>ALTER TABLE site AUTO_INCREMENT = 1001;</sql>
    </changeSet>

    <changeSet id="increment_template" author="simon.hobbs">
        <comment>autoincrement template</comment>
        <sql>ALTER TABLE template AUTO_INCREMENT = 1001;</sql>
    </changeSet>

    <changeSet id="increment_template_type" author="simon.hobbs">
        <comment>autoincrement template_type</comment>
        <sql>ALTER TABLE template_type AUTO_INCREMENT = 1001;</sql>
    </changeSet>

    <changeSet id="increment_transaction" author="simon.hobbs">
        <comment>autoincrement transaction</comment>
        <sql>ALTER TABLE transaction AUTO_INCREMENT = 10001;</sql>
    </changeSet>

    <changeSet id="increment_transaction_subtype" author="simon.hobbs">
        <comment>autoincrement transaction_subtype</comment>
        <sql>ALTER TABLE transaction_subtype AUTO_INCREMENT = 1001;</sql>
    </changeSet>

    <changeSet id="increment_stransaction_type" author="simon.hobbs">
        <comment>autoincrement transaction_type</comment>
        <sql>ALTER TABLE transaction_type AUTO_INCREMENT = 1001;</sql>
    </changeSet>

    <changeSet id="increment_viplevel" author="simon.hobbs">
        <comment>autoincrement viplevel</comment>
        <sql>ALTER TABLE viplevel AUTO_INCREMENT = 1001;</sql>
    </changeSet>



</databaseChangeLog>


