<?xml version="1.0" encoding="UTF-8" standalone="no"?>
<databaseChangeLog xmlns="http://www.liquibase.org/xml/ns/dbchangelog" xmlns:xsi="http://www.w3.org/2001/XMLSchema-instance" xsi:schemaLocation="http://www.liquibase.org/xml/ns/dbchangelog http://www.liquibase.org/xml/ns/dbchangelog/dbchangelog-2.0.xsd">

    <changeSet id="baseline_data_note_type" author="simon.hobbs">
        <comment>Insert base Note Types (these could be edited by the user later</comment>
        <sqlFile relativeToChangelogFile="true" path="sql//baseline//note_type.sql" />
    </changeSet>

    <changeSet id="baseline_data_payment_method" author="simon.hobbs">
        <comment>Insert base payment methods</comment>
        <sqlFile relativeToChangelogFile="true" path="sql//baseline//payment_method.sql" />
    </changeSet>

    <changeSet id="baseline_data_player_status" author="simon.hobbs">
        <comment>Insert base player_status (these could be edited by the user later</comment>
        <sqlFile relativeToChangelogFile="true" path="sql//baseline//player_status.sql" />
    </changeSet>


    <changeSet id="baseline_data_param" author="simon.hobbs">
        <comment>Insert base Params (these could be edited by the user later)</comment>
        <sqlFile relativeToChangelogFile="true" path="sql//baseline//param.sql" />
    </changeSet>

    <changeSet id="baseline_data_permissions" author="simon.hobbs">
        <comment>Insert base permissions (new ones could be added by the reporting system later)</comment>
        <sqlFile relativeToChangelogFile="true" path="sql//baseline//permission.sql" />
    </changeSet>

    <changeSet id="baseline_data_currency" author="simon.hobbs">
        <comment>Insert base currencies</comment>
        <sqlFile relativeToChangelogFile="true" path="sql//baseline//currency.sql" />
    </changeSet>

    <changeSet id="baseline_data_exchnage_rate" author="simon.hobbs">
        <comment>Insert base exchange rates (these could be edited by the user later</comment>
        <sqlFile relativeToChangelogFile="true" path="sql//baseline//exchange_rate.sql" />
    </changeSet>

    <changeSet id="baseline_data_country" author="simon.hobbs">
        <comment>Insert base countries</comment>
        <sqlFile relativeToChangelogFile="true" path="sql//baseline//country.sql" />
    </changeSet>

    <changeSet id="baseline_data_account_type_uk" author="simon.hobbs" context="UK">
        <comment>Insert UK account types</comment>
        <sqlFile relativeToChangelogFile="true" path="sql//baseline//account_type_UK.sql" />
    </changeSet>

    <changeSet id="baseline_data_account_type_us" author="simon.hobbs" context="US">
        <comment>Insert US account types</comment>
        <sqlFile relativeToChangelogFile="true" path="sql//baseline//account_type_US.sql" />
    </changeSet>

    <changeSet id="baseline_data_platform" author="simon.hobbs">
        <comment>Insert base platforms</comment>
        <sqlFile relativeToChangelogFile="true" path="sql//baseline//platform.sql" />
    </changeSet>

    <changeSet id="baseline_data_transaction_type" author="simon.hobbs">
        <comment>Insert base transaction types</comment>
        <sqlFile relativeToChangelogFile="true" path="sql//baseline//transaction_type.sql" />
    </changeSet>

    <changeSet id="baseline_data_transaction_subtype" author="simon.hobbs">
        <comment>Insert base transaction sub types</comment>
        <sqlFile relativeToChangelogFile="true" path="sql//baseline//transaction_subtype.sql" />
    </changeSet>

    <changeSet id="baseline_data_security_questions_US" author="simon.hobbs" context="US">
        <comment>Insert base security questions US</comment>
        <sqlFile relativeToChangelogFile="true" path="sql//baseline//security_question_us.sql" />
    </changeSet>

    <changeSet id="baseline_data_security_questions_UK" author="simon.hobbs" context="UK">
        <comment>Insert base security questions UK</comment>
        <sqlFile relativeToChangelogFile="true" path="sql//baseline//security_question_uk.sql" />
    </changeSet>

    <changeSet id="baseline_data_document_type" author="simon.hobbs">
        <comment>Insert base document types</comment>
        <sqlFile relativeToChangelogFile="true" path="sql//baseline//document_type.sql" />
    </changeSet>

    <changeSet id="baseline_data_vip_level" author="simon.hobbs">
        <comment>Insert base vip levels</comment>
        <sqlFile relativeToChangelogFile="true" path="sql//baseline//viplevel.sql" />
    </changeSet>

    <changeSet id="baseline_data_security_level" author="simon.hobbs">
        <comment>Insert base security levels</comment>
        <sqlFile relativeToChangelogFile="true" path="sql//baseline//security_level.sql" />
    </changeSet>

	<changeSet id="baseline_data_bonus_status" author="srikanth">
        <comment>Insert base bonus statuses</comment>
        <sqlFile relativeToChangelogFile="true" path="sql//baseline//bonus_status.sql" />
    </changeSet>
	

</databaseChangeLog>