<?xml version="1.0" encoding="UTF-8" standalone="no"?>
<databaseChangeLog xmlns="http://www.liquibase.org/xml/ns/dbchangelog" xmlns:xsi="http://www.w3.org/2001/XMLSchema-instance" xsi:schemaLocation="http://www.liquibase.org/xml/ns/dbchangelog http://www.liquibase.org/xml/ns/dbchangelog/dbchangelog-2.0.xsd">
	<changeSet author="chaitanya" id="12222015-1">        
        <createTable tableName="bonus_dep_config">
             <column autoIncrement="true" name="id" type="BIGINT">
                <constraints nullable="false" primaryKey="true"/>
            </column>
            <column name="bonus_id" type="BIGINT">
                <constraints nullable="false"/>
            </column>
            <column name="deposit_count" type="BIGINT">
                <constraints nullable="false"/>
            </column>	
			<column name="deposit_percent" type="BIGINT">
                <constraints nullable="true"/>
            </column>	
			<column name="timeperiod_days" type="BIGINT">
                <constraints nullable="true"/>
            </column>
			<column name="type" type="INT">
                <constraints nullable="false"/>
            </column>
			<column name="position" type="INT">
                <constraints nullable="true"/>
            </column>			
        </createTable>
    </changeSet>
	<changeSet author="chaitanya" id="12222015-2">
        <addForeignKeyConstraint baseColumnNames="bonus_id" baseTableName="bonus_dep_config" constraintName="FK_bondep728919192" deferrable="false" initiallyDeferred="false" onDelete="NO ACTION" onUpdate="NO ACTION" referencedColumnNames="id" referencedTableName="bonus" referencesUniqueColumn="false"/>
    </changeSet>		
   <changeSet author="chaitanya" id="12222015-3">        
        <createTable tableName="bonus_config_payout">
             <column autoIncrement="true" name="id" type="BIGINT">
                <constraints nullable="false" primaryKey="true"/>
            </column>
            <column name="bonus_id" type="BIGINT">
                <constraints nullable="true"/>
            </column>
            <column name="currency_id" type="BIGINT">
                <constraints nullable="false"/>
            </column>	
			<column name="amount" type="DECIMAL(19,2)">
                <constraints nullable="true"/>
            </column>	
			<column name="bonus_dep_config_id" type="BIGINT">
                <constraints nullable="true"/>
            </column>				
			<column name="position" type="INT">
                <constraints nullable="true"/>
            </column>			
        </createTable>
    </changeSet>	
	<changeSet author="chaitanya" id="12222015-4">
        <addForeignKeyConstraint baseColumnNames="currency_id" baseTableName="bonus_config_payout" constraintName="FK_bonus728919192" deferrable="false" initiallyDeferred="false" onDelete="NO ACTION" onUpdate="NO ACTION" referencedColumnNames="id" referencedTableName="currency" referencesUniqueColumn="false"/>
    </changeSet>
	<changeSet author="chaitanya" id="12222015-5">
        <addForeignKeyConstraint baseColumnNames="bonus_id" baseTableName="bonus_config_payout" constraintName="FK_bonus72891919ww" deferrable="false" initiallyDeferred="false" onDelete="NO ACTION" onUpdate="NO ACTION" referencedColumnNames="id" referencedTableName="bonus" referencesUniqueColumn="false"/>
    </changeSet>	
    <changeSet author="chaitanya" id="12222015-6">
        <addForeignKeyConstraint baseColumnNames="bonus_dep_config_id" baseTableName="bonus_config_payout" constraintName="FK_bonus728919w" deferrable="false" initiallyDeferred="false" onDelete="NO ACTION" onUpdate="NO ACTION" referencedColumnNames="id" referencedTableName="bonus_dep_config" referencesUniqueColumn="false"/>
    </changeSet>	
</databaseChangeLog>
