<?xml version="1.0" encoding="UTF-8" standalone="no"?>
<databaseChangeLog xmlns="http://www.liquibase.org/xml/ns/dbchangelog" xmlns:xsi="http://www.w3.org/2001/XMLSchema-instance" xsi:schemaLocation="http://www.liquibase.org/xml/ns/dbchangelog http://www.liquibase.org/xml/ns/dbchangelog/dbchangelog-2.0.xsd">
    <changeSet author="veerendranath.kommisetty" id="bonus-player-group-05172016-1">
        <createTable tableName="bonus_player_group">
            <column autoIncrement="true" name="id" type="BIGINT">
                <constraints nullable="false" primaryKey="true"/>
            </column>
            <column name="bonus_id" type="BIGINT">
                <constraints nullable="false"/>
            </column>
            <column name="player_group_id" type="BIGINT">
                <constraints nullable="false"/>
            </column>
        </createTable>
    </changeSet>
    <changeSet author="veerendranath.kommisetty" id="bonus-player-group-05172016-2">
        <addForeignKeyConstraint constraintName="FK_bpg_bonus_id" referencedTableName="bonus" referencedColumnNames="id" baseColumnNames="bonus_id" baseTableName="bonus_player_group"/>
        <addForeignKeyConstraint constraintName="FK_bpg_player_group_id" referencedTableName="player_group" referencedColumnNames="id" baseColumnNames="player_group_id" baseTableName="bonus_player_group"/>
    </changeSet>
    <changeSet author="veerendranath.kommisetty" id="bonus-player-group-05172016-3">
        <dropForeignKeyConstraint baseTableName="bonus" constraintName="FK_bgp051221062"/>
    </changeSet>
    <changeSet author="veerendranath.kommisetty" id="bonus-player-group-05172016-4">
        <sqlFile relativeToChangelogFile="true" path="sql//bonus-player-group//bonus-player-group.sql" />
    </changeSet>

</databaseChangeLog>