<?xml version="1.0" encoding="UTF-8" standalone="no"?>
<databaseChangeLog xmlns="http://www.liquibase.org/xml/ns/dbchangelog" xmlns:xsi="http://www.w3.org/2001/XMLSchema-instance" xsi:schemaLocation="http://www.liquibase.org/xml/ns/dbchangelog http://www.liquibase.org/xml/ns/dbchangelog/dbchangelog-2.0.xsd">
    <changeSet author="ramesh.padma" id="bonus-promo-code-1">        
        <addColumn tableName="bonus">
            <column name="promo_code" type="VARCHAR(30)"/>
        </addColumn>    
    </changeSet>
    <changeSet author="ramesh.padma" id="bonus-promo-code-2">        
        <addColumn tableName="bonus">
            <column name="available_to_mini_games" type="boolean" />
        </addColumn>		
    </changeSet>
</databaseChangeLog>