<?xml version="1.0" encoding="UTF-8" standalone="no"?>
<databaseChangeLog xmlns="http://www.liquibase.org/xml/ns/dbchangelog" xmlns:xsi="http://www.w3.org/2001/XMLSchema-instance" xsi:schemaLocation="http://www.liquibase.org/xml/ns/dbchangelog http://www.liquibase.org/xml/ns/dbchangelog/dbchangelog-2.0.xsd">
    <changeSet author="rajendra.bayana" id="freerounds-06102016-1">
        <createTable tableName="free_rounds_game_config">
            <column autoIncrement="true" name="id" type="BIGINT">
                <constraints nullable="false" primaryKey="true"/>
            </column>
            <column name="game_id" type="BIGINT">
                <constraints nullable="false"/>
            </column>
            <column name="position" type="INT">
                <constraints nullable="true"/>
            </column>
            <column name="bonus_id" type="BIGINT">
                <constraints nullable="true"/>
            </column>
            <column name="bonus_dep_config_id" type="BIGINT">
                <constraints nullable="true"/>
            </column>
        </createTable>
    </changeSet>
    <changeSet author="rajendra.bayana" id="freerounds-06102016-2">
        <addForeignKeyConstraint baseColumnNames="bonus_id" baseTableName="free_rounds_game_config" constraintName="FK_freeroundsgamebonus0806" deferrable="false" initiallyDeferred="false" onDelete="NO ACTION" onUpdate="NO ACTION" referencedColumnNames="id" referencedTableName="bonus" referencesUniqueColumn="false"/>
    </changeSet>
    <changeSet author="rajendra.bayana" id="freerounds-06102016-3">
        <addForeignKeyConstraint baseColumnNames="bonus_dep_config_id" baseTableName="free_rounds_game_config" constraintName="FK_freeroundsgamebonusdepconfig0806" deferrable="false" initiallyDeferred="false" onDelete="NO ACTION" onUpdate="NO ACTION" referencedColumnNames="id" referencedTableName="bonus_dep_config" referencesUniqueColumn="false"/>
    </changeSet>
    <changeSet author="rajendra.bayana" id="freerounds-06102016-5">
        <addForeignKeyConstraint baseColumnNames="game_id" baseTableName="free_rounds_game_config" constraintName="FK_freeroundsgamegame0806" deferrable="false" initiallyDeferred="false" onDelete="NO ACTION" onUpdate="NO ACTION" referencedColumnNames="id" referencedTableName="game" referencesUniqueColumn="false"/>
    </changeSet>
    <changeSet author="rajendra.bayana" id="freerounds-06102016-6">
        <addColumn tableName="bonus">
            <column name="no_of_free_rounds" type="BIGINT" >
                <constraints nullable="true"/>
            </column>
            <column name="wagering_requirement" type="BIGINT" >
                <constraints nullable="true"/>
            </column>
            <column name="free_round_validity" type="DATE" >
                <constraints nullable="true"/>
            </column>
            <column name="bonus_money_validity" type="DATE" >
                <constraints nullable="true"/>
            </column>
            <column name="automatic_forfeit_value" type="BIGINT" >
                <constraints nullable="true"/>
            </column>
        </addColumn>
    </changeSet>
    <changeSet author="rajendra.bayana" id="freerounds-06102016-7">
        <addColumn tableName="bonus_dep_config">
            <column name="no_of_free_rounds" type="BIGINT" >
                <constraints nullable="true"/>
            </column>
        </addColumn>
    </changeSet>
    <changeSet author="rajendra.bayana" id="freerounds-06102016-8">
        <dropNotNullConstraint columnDataType="DECIMAL(19,8)" columnName="max_turnover_multiplier" tableName="bonus"/>
        <dropNotNullConstraint columnDataType="INT(11)" columnName="play_through_days" tableName="bonus"/>
        <dropNotNullConstraint columnDataType="DECIMAL(19,8)" columnName="play_through_multiplier" tableName="bonus"/>
        <dropNotNullConstraint columnDataType="INT(11)" columnName="play_through_type" tableName="bonus"/>
    </changeSet>

</databaseChangeLog>
