<?xml version="1.0" encoding="UTF-8" standalone="no"?>
<databaseChangeLog xmlns="http://www.liquibase.org/xml/ns/dbchangelog" xmlns:xsi="http://www.w3.org/2001/XMLSchema-instance" xsi:schemaLocation="http://www.liquibase.org/xml/ns/dbchangelog http://www.liquibase.org/xml/ns/dbchangelog/dbchangelog-2.0.xsd">
   	<changeSet author="srikanth.manuri" id="rewardType-06092016-1">
        <addColumn tableName="bonus">
            <column name="reward_type" type="INT">
                <constraints nullable="false"/>
            </column>
        </addColumn>		
    </changeSet>
    <changeSet author="srikanth.manuri" id="03292016-2">
        <addDefaultValue columnName="reward_type" defaultValueNumeric="1" tableName="bonus"/>
    </changeSet>
    <changeSet author="srikanth.manuri" id="03292016-3">
        <comment>updating existing bonus reward type with default value</comment>
        <sql>
            update bonus set reward_type = 1;
        </sql>   	
    </changeSet>    
</databaseChangeLog>
