<?xml version="1.0" encoding="UTF-8" standalone="no"?>
<databaseChangeLog xmlns="http://www.liquibase.org/xml/ns/dbchangelog" xmlns:xsi="http://www.w3.org/2001/XMLSchema-instance" xsi:schemaLocation="http://www.liquibase.org/xml/ns/dbchangelog http://www.liquibase.org/xml/ns/dbchangelog/dbchangelog-2.0.xsd">
   <changeSet author="rajendra.bayana" id="05122016-1">        
        <addColumn tableName="bonus">
            <column name="player_group_id" type="BIGINT" >
            	<constraints nullable="true"/>
            </column>
        </addColumn>		
    </changeSet>   
   <changeSet author="rajendra.bayana" id="05122016-2">
        <addForeignKeyConstraint baseColumnNames="player_group_id" baseTableName="bonus" constraintName="FK_bgp051221062" deferrable="false" initiallyDeferred="false" onDelete="NO ACTION" onUpdate="NO ACTION" referencedColumnNames="id" referencedTableName="player_group" referencesUniqueColumn="false"/>
    </changeSet>
</databaseChangeLog>
