<?xml version="1.0" encoding="UTF-8" standalone="no"?>
<databaseChangeLog xmlns="http://www.liquibase.org/xml/ns/dbchangelog" xmlns:xsi="http://www.w3.org/2001/XMLSchema-instance" xsi:schemaLocation="http://www.liquibase.org/xml/ns/dbchangelog http://www.liquibase.org/xml/ns/dbchangelog/dbchangelog-2.0.xsd">

    <changeSet author="srikanth.manuri" id="bonus-3">
       <createTable tableName="deposit_bonus">
            <column autoIncrement="true" name="id" type="BIGINT">
                <constraints nullable="false" primaryKey="true"/>
            </column>
             <column name="version" type="BIGINT">
                <constraints nullable="false"/>
            </column>                        
            <column name="bonus_id" type="BIGINT">
                <constraints nullable="false"/>
            </column>
           
           <column name="first_deposit_percent" type="DECIMAL(19,8)"/>
            <column name="first_deposit_max_payout" type="DECIMAL(19,8)"/>
            
            <column name="second_deposit_percent" type="DECIMAL(19,8)"/>
            <column name="second_deposit_max_payout" type="DECIMAL(19,8)"/>
            
            <column name="third_deposit_percent" type="DECIMAL(19,8)"/>
            <column name="third_deposit_max_payout" type="DECIMAL(19,8)"/>
            
            <column name="every_after_deposit_percent" type="DECIMAL(19,8)"/>
            <column name="every_after_deposit_max_payout" type="DECIMAL(19,8)"/>
                    
        </createTable>
        
         <addForeignKeyConstraint baseColumnNames="bonus_id" baseTableName="deposit_bonus"  constraintName="FK_deposit_bonus_bonus" deferrable="false" initiallyDeferred="false" onDelete="NO ACTION" onUpdate="NO ACTION" referencedColumnNames="id" referencedTableName="bonus" referencesUniqueColumn="false"/>
         
         <createIndex indexName="IX_deposit_bonus_bonus" tableName="deposit_bonus">
            <column name="bonus_id"/>
        </createIndex>
    
        <sqlFile relativeToChangelogFile="true" path="sql//playerbonus//playerbonus_job_param.sql" />
          
    </changeSet>
</databaseChangeLog>