<?xml version="1.0" encoding="UTF-8" standalone="no"?>
<databaseChangeLog xmlns="http://www.liquibase.org/xml/ns/dbchangelog" xmlns:xsi="http://www.w3.org/2001/XMLSchema-instance" xsi:schemaLocation="http://www.liquibase.org/xml/ns/dbchangelog http://www.liquibase.org/xml/ns/dbchangelog/dbchangelog-2.0.xsd">
     <changeSet author="srikanth.manuri" id="12302015-1">
     	<validCheckSum>any</validCheckSum>
        <sqlFile relativeToChangelogFile="true" path="sql//email-bonus-migration//email_bonus_data_migration.sql" endDelimiter="/"/>
    </changeSet>
	<changeSet author="srikanth.manuri" id="12302015-2" >
        <sql>call emailbonus_data_merge();</sql>
    </changeSet>
</databaseChangeLog>
