<?xml version="1.0" encoding="UTF-8" standalone="no"?>
<databaseChangeLog xmlns="http://www.liquibase.org/xml/ns/dbchangelog" xmlns:xsi="http://www.w3.org/2001/XMLSchema-instance" xsi:schemaLocation="http://www.liquibase.org/xml/ns/dbchangelog http://www.liquibase.org/xml/ns/dbchangelog/dbchangelog-2.0.xsd">
    <changeSet author="veerendranath.kommisetty" id="bonus-code-batch-06022016-1">
        <addColumn tableName="bonus_code_batch">
            <column name="date_created" type="DATETIME">
                <constraints nullable="true"/>
            </column>
        </addColumn>
        <addColumn tableName="bonus_code_batch">
            <column name="last_updated" type="DATETIME">
                <constraints nullable="true"/>
            </column>
        </addColumn>
        <addColumn tableName="bonus_code_batch">
            <column name="created_by_id" type="BIGINT(20)">
                <constraints nullable="true"/>
            </column>
        </addColumn>
        <addColumn tableName="bonus_code_batch">
            <column name="last_edited_by_id" type="BIGINT(20)">
                <constraints nullable="true"/>
            </column>
        </addColumn>
    </changeSet>
    <changeSet author="veerendranath.kommisetty" id="bonus-code-batch-06022016-2">
        <addForeignKeyConstraint constraintName="FK_bcb_created_operator" referencedTableName="operator" referencedColumnNames="id" baseColumnNames="created_by_id" baseTableName="bonus_code_batch"/>
        <addForeignKeyConstraint constraintName="FK_bcb_edited_operator" referencedTableName="operator" referencedColumnNames="id" baseColumnNames="last_edited_by_id" baseTableName="bonus_code_batch"/>
    </changeSet>
    <changeSet author="veerendranath.kommisetty" id="bonus-code-batch-06022016-3">
        <sqlFile relativeToChangelogFile="true" path="sql//bonus-code-batch//bonus-code-batch-1.sql" />
    </changeSet>
    <changeSet author="veerendranath.kommisetty" id="bonus-code-batch-06022016-4">
        <addNotNullConstraint tableName="bonus_code_batch" columnName="date_created" columnDataType="DATETIME" />
        <addNotNullConstraint tableName="bonus_code_batch" columnName="last_updated" columnDataType="DATETIME" />
    </changeSet>
</databaseChangeLog>