<?xml version="1.0" encoding="UTF-8" standalone="no"?>
<databaseChangeLog xmlns="http://www.liquibase.org/xml/ns/dbchangelog" xmlns:xsi="http://www.w3.org/2001/XMLSchema-instance" xsi:schemaLocation="http://www.liquibase.org/xml/ns/dbchangelog http://www.liquibase.org/xml/ns/dbchangelog/dbchangelog-2.0.xsd">
   <changeSet author="chaitanya" id="12232015-1">        
        <addColumn tableName="bonus">
            <column name="is_vip" type="BIT" />
        </addColumn>
		<addColumn tableName="bonus">
            <column name="is_contactable" type="BIT" />
        </addColumn>
		<addColumn tableName="bonus">
            <column name="is_registerd_between" type="BIT" />
        </addColumn>
		<addColumn tableName="bonus">
            <column name="last_nondemo_game" type="BIT" />
        </addColumn>
		<addColumn tableName="bonus">
            <column name="last_played" type="INT" />
        </addColumn>
		<addColumn tableName="bonus">
            <column name="reg_start_date" type="DATE" />
        </addColumn>
		<addColumn tableName="bonus">
            <column name="reg_end_date" type="DATE" />
        </addColumn>
    </changeSet>
		
</databaseChangeLog>
