<?xml version="1.0" encoding="UTF-8" standalone="no"?>
<databaseChangeLog xmlns="http://www.liquibase.org/xml/ns/dbchangelog" xmlns:xsi="http://www.w3.org/2001/XMLSchema-instance" xsi:schemaLocation="http://www.liquibase.org/xml/ns/dbchangelog http://www.liquibase.org/xml/ns/dbchangelog/dbchangelog-2.0.xsd">
    <changeSet author="rajendra.bayana" id="player-ectra-05122016-1">
       <renameColumn columnDataType="BIT" newColumnName="registration_bonus_awarded" oldColumnName="welcome_bonus_awarded" tableName="player_extra"/>
       <addDefaultValue tableName="player_extra" columnName="registration_bonus_awarded" columnDataType="BIT" defaultValueBoolean="false"/>
    </changeSet>
    <changeSet author="rajendra.bayana" id="bonus-excluderegbonus-05122016-1">
        <addColumn tableName="bonus">
            <column name="exclude_reg_bonus" type="BIT" />
        </addColumn>
        <addDefaultValue
                columnDataType="BIT"
                columnName="exclude_reg_bonus"
                defaultValueBoolean="false"
                tableName="bonus"
        />
    </changeSet>
    <changeSet author="rajendra.bayana" id="bonus-allowregBonus-05122016-2">
        <comment>updating existing bonuses with deafault value</comment>
        <sql>
            update bonus set exclude_reg_bonus=0 where exclude_reg_bonus is null;
        </sql>
    </changeSet>
</databaseChangeLog>