<?xml version="1.0" encoding="UTF-8" standalone="no"?>
<databaseChangeLog xmlns="http://www.liquibase.org/xml/ns/dbchangelog" xmlns:xsi="http://www.w3.org/2001/XMLSchema-instance" xsi:schemaLocation="http://www.liquibase.org/xml/ns/dbchangelog http://www.liquibase.org/xml/ns/dbchangelog/dbchangelog-2.0.xsd">
    <changeSet author="veerendranath.kommisetty" id="bonus-site-network-05132016-1">
        <createTable tableName="bonus_site_network_config">
            <column autoIncrement="true" name="id" type="BIGINT">
                <constraints nullable="false" primaryKey="true"/>
            </column>
            <column name="bonus_id" type="BIGINT">
                <constraints nullable="false"/>
            </column>
            <column name="network_configuration_id" type="BIGINT">
                <constraints nullable="true"/>
            </column>
            <column name="site_id" type="BIGINT">
                <constraints nullable="true"/>
            </column>
        </createTable>
    </changeSet>
    <changeSet author="veerendranath.kommisetty" id="bonus-site-network-05132016-2">
        <addForeignKeyConstraint constraintName="FK_bsnc_bonus_id" referencedTableName="bonus" referencedColumnNames="id" baseColumnNames="bonus_id" baseTableName="bonus_site_network_config"/>
        <addForeignKeyConstraint constraintName="FK_bsnc_network_id" referencedTableName="network_configuration" referencedColumnNames="id" baseColumnNames="network_configuration_id" baseTableName="bonus_site_network_config"/>
        <addForeignKeyConstraint constraintName="FK_bsnc_site_id" referencedTableName="site" referencedColumnNames="id" baseColumnNames="site_id" baseTableName="bonus_site_network_config"/>
    </changeSet>
    <changeSet author="veerendranath.kommisetty" id="bonus-site-network-05132016-3">
        <dropForeignKeyConstraint baseTableName="bonus" constraintName="FK_bonus_site"/>
        <dropIndex tableName="bonus" indexName="IX_bonus_site"/>
        <dropNotNullConstraint columnDataType="BIGINT" columnName="site_id" tableName="bonus"/>
    </changeSet>
    <changeSet author="veerendranath.kommisetty" id="bonus-site-network-05132016-4">
        <sqlFile relativeToChangelogFile="true" path="sql//bonus-site-network-config//bonus-site-network-config.sql" />
    </changeSet>

</databaseChangeLog>