<?xml version="1.0" encoding="UTF-8" standalone="no"?>
<databaseChangeLog xmlns="http://www.liquibase.org/xml/ns/dbchangelog" xmlns:xsi="http://www.w3.org/2001/XMLSchema-instance" xsi:schemaLocation="http://www.liquibase.org/xml/ns/dbchangelog http://www.liquibase.org/xml/ns/dbchangelog/dbchangelog-2.0.xsd">
    <changeSet author="ramesh.padma" id="bonus-promocode-oneTimeCode"> 
	<addColumn tableName="bonus">
            <column name="one_time_code" type="BIT" />
     </addColumn>   
    <addDefaultValue
      		columnDataType="BIT"
            columnName="one_time_code"            
            defaultValueBoolean="false"            
            tableName="bonus"
      />      
     </changeSet>
     <changeSet author="ramesh.padma" id="bonus-promocode-oneTimeCode-2">     
        <comment>updating existing Bonus oneTimecode with false</comment>
        <sql>
            update bonus set one_time_code=0 where one_time_code is null;            
        </sql>   	
   </changeSet>
</databaseChangeLog>