<?xml version="1.0" encoding="UTF-8" standalone="no"?>
<databaseChangeLog xmlns="http://www.liquibase.org/xml/ns/dbchangelog" xmlns:xsi="http://www.w3.org/2001/XMLSchema-instance" xsi:schemaLocation="http://www.liquibase.org/xml/ns/dbchangelog http://www.liquibase.org/xml/ns/dbchangelog/dbchangelog-2.0.xsd">
    <changeSet author="sureshreddy.guntaka" id="bonus-code-1">
        <createTable tableName="bonus_code_batch">
            <column autoIncrement="true" name="id" type="BIGINT">
                <constraints nullable="false" primaryKey="true"/>
            </column>
            <column name="name" type="VARCHAR(255)">
                <constraints nullable="false" unique="true"/>
            </column>
            <column name="description" type="VARCHAR(1024)">
                <constraints nullable="true"/>
            </column>
            <column name="prefix" type="VARCHAR(20)">
                <constraints nullable="true"/>
            </column>
            <column name="batch_size" type="BIGINT">
                <constraints nullable="false"/>
            </column>
            <column name="codes_used" type="BIGINT">
                <constraints nullable="false"/>
            </column>
            <column name="no_of_digits" type="INT">
                <constraints nullable="false"/>
            </column>
            <column name="allow_numbers" type="BIT">
                <constraints nullable="true"/>
            </column>
            <column name="allow_alphabets" type="BIT">
                <constraints nullable="true"/>
            </column>
            <column name="code_format" type="VARCHAR(255)">
                <constraints nullable="true"/>
            </column>
            <column name="status" type="VARCHAR(20)">
                <constraints nullable="false"/>
            </column>
        </createTable>
    </changeSet>
    <changeSet id="bonus-code-2" author="sureshreddy.guntaka">
        <createTable tableName="bonus_code">
            <column autoIncrement="true" name="id" type="BIGINT">
                <constraints nullable="false" primaryKey="true"/>
            </column>
            <column name="code" type="VARCHAR(255)">
                <constraints nullable="false"/>
            </column>
            <column name="bonus_code_batch_id" type="BIGINT">
                <constraints nullable="false"/>
            </column>
            <column name="status" type="INT">
                <constraints nullable="false"/>
            </column>
        </createTable>
        <addForeignKeyConstraint baseColumnNames="bonus_code_batch_id"
                                 baseTableName="bonus_code"
                                 constraintName="FK_bonus_code_bonus_code_batch"
                                 deferrable="false"
                                 initiallyDeferred="false"
                                 onDelete="NO ACTION"
                                 onUpdate="NO ACTION"
                                 referencedColumnNames="id"
                                 referencedTableName="bonus_code_batch"
                                 referencesUniqueColumn="true"/>

        <createIndex indexName="IX_bonus_code_bonus_code_batch" tableName="bonus_code">
            <column name="bonus_code_batch_id"/>
        </createIndex>

    </changeSet>
</databaseChangeLog>