<?xml version="1.0" encoding="UTF-8" standalone="no"?>
<databaseChangeLog xmlns="http://www.liquibase.org/xml/ns/dbchangelog" xmlns:xsi="http://www.w3.org/2001/XMLSchema-instance" xsi:schemaLocation="http://www.liquibase.org/xml/ns/dbchangelog http://www.liquibase.org/xml/ns/dbchangelog/dbchangelog-2.0.xsd">
   	<changeSet author="rajendra.bayana" id="03292016-1">        
        <addColumn tableName="bonus">
            <column name="priority" type="BIGINT" />
        </addColumn>		
    </changeSet>
    <changeSet author="rajendra.bayana" id="03292016-2">     
        <addDefaultValue columnName="priority" defaultValueNumeric="100" tableName="bonus"/>    	
    </changeSet>
    <changeSet author="rajendra.bayana" id="03292016-3">     
        <comment>updating existing bonus priority with default value</comment>
        <sql>
            update bonus set priority = 100;
        </sql>   	
    </changeSet>    
</databaseChangeLog>
