<?xml version="1.0" encoding="UTF-8" standalone="no"?>
<databaseChangeLog xmlns="http://www.liquibase.org/xml/ns/dbchangelog" xmlns:xsi="http://www.w3.org/2001/XMLSchema-instance" xsi:schemaLocation="http://www.liquibase.org/xml/ns/dbchangelog http://www.liquibase.org/xml/ns/dbchangelog/dbchangelog-2.0.xsd">

    <changeSet author="srikanth.manuri" id="bonus-1">
        <dropForeignKeyConstraint baseTableName="bonus" constraintName="FK_bonus_status"/>
        <dropColumn columnName="status_id" tableName="bonus"/>
        <addColumn tableName="bonus">
             <column name="status" type="INT">
                <constraints nullable="false"/>
            </column>
        </addColumn>
    </changeSet>
</databaseChangeLog>