<?xml version="1.0" encoding="UTF-8" standalone="no"?>
<databaseChangeLog xmlns="http://www.liquibase.org/xml/ns/dbchangelog" xmlns:xsi="http://www.w3.org/2001/XMLSchema-instance" xsi:schemaLocation="http://www.liquibase.org/xml/ns/dbchangelog http://www.liquibase.org/xml/ns/dbchangelog/dbchangelog-2.0.xsd">
    <changeSet author="srikanth.manuri" id="bonus-code-batch-06022016-1">
        <renameColumn tableName="bonus_code_batch" oldColumnName="allow_numbers_alphabets" newColumnName="allow_alpha_numeric" columnDataType="BIT(1)"/>
    </changeSet>
    <changeSet author="srikanth.manuri" id="bonus-code-batch-06022016-2">
        <addDefaultValue tableName="bonus_code_batch" columnName="allow_alpha_numeric" columnDataType="BIT(1)" defaultValueBoolean="false"/>
    </changeSet>
    <changeSet author="srikanth.manuri" id="bonus-code-batch-06022016-3">
        <addDefaultValue tableName="bonus_code_batch" columnName="allow_numbers" columnDataType="BIT(1)" defaultValueBoolean="false"/>
    </changeSet>
    <changeSet author="srikanth.manuri" id="bonus-code-batch-06022016-4">
        <addDefaultValue tableName="bonus_code_batch" columnName="allow_alphabets" columnDataType="BIT(1)" defaultValueBoolean="false"/>
    </changeSet>
    <changeSet author="srikanth.manuri" id="bonus-code-batch-06022016-5">
        <sqlFile relativeToChangelogFile="true" path="sql//bonus-code-batch//bonus-code-batch.sql" />
    </changeSet>
</databaseChangeLog>