<?xml version="1.0" encoding="UTF-8" standalone="no"?>
<databaseChangeLog xmlns="http://www.liquibase.org/xml/ns/dbchangelog" xmlns:xsi="http://www.w3.org/2001/XMLSchema-instance" xsi:schemaLocation="http://www.liquibase.org/xml/ns/dbchangelog http://www.liquibase.org/xml/ns/dbchangelog/dbchangelog-2.0.xsd">

    <changeSet author="srikanth.manuri" id="bonus-2">
        <addColumn tableName="bonus">
             <column name="payout_amount" type="DECIMAL(19,2)">
                <constraints nullable="true"/>
            </column>
        </addColumn>
        
        <modifyDataType columnName="name" newDataType="varchar(255)" tableName="bonus"/>
        
        <modifyDataType columnName="description" newDataType="varchar(4096)" tableName="bonus"/>
        
        <dropColumn columnName="max_payout_amount" tableName="bonus"/>
    </changeSet>
</databaseChangeLog>