
<databaseChangeLog
		xmlns="http://www.liquibase.org/xml/ns/dbchangelog/1.9"
		xmlns:xsi="http://www.w3.org/2001/XMLSchema-instance"
		xsi:schemaLocation="http://www.liquibase.org/xml/ns/dbchangelog/1.9
         http://www.liquibase.org/xml/ns/dbchangelog/dbchangelog-1.9.xsd">

	<include file="baseline.xml" relativeToChangelogFile="true" />
	<include file="baseline-proc.xml" relativeToChangelogFile="true" />
	<include file="baseline-data.xml" relativeToChangelogFile="true" />
	<include file="auto_increment.xml" relativeToChangelogFile="true" />
	<include file="w2g.xml" relativeToChangelogFile="true" />
	<include file="w2g-data.xml" relativeToChangelogFile="true" />
	<include file="player_fields_for_uk.xml" relativeToChangelogFile="true" />
	<include file="payments-baseline.xml" relativeToChangelogFile="true" />
	<include file="payments-baseline-data.xml" relativeToChangelogFile="true" />
	<include file="trans-subtypes.xml" relativeToChangelogFile="true" />
	<include file="bonus-permission-fix.xml" relativeToChangelogFile="true" />
	<include file="void_reasons.xml" relativeToChangelogFile="true" />
	<include file="player-bonus-baseline.xml" relativeToChangelogFile="true" />
	<include file="games-connect-baseline.xml" relativeToChangelogFile="true" />
	<include file="site-fix.xml" relativeToChangelogFile="true" />
	<include file="payments-fix-1.xml" relativeToChangelogFile="true" />
	<include file="bonus-baseline.xml" relativeToChangelogFile="true" />
	<include file="bonus-status-baseline.xml" relativeToChangelogFile="true" />
	<include file="transaction-types-1.xml" relativeToChangelogFile="true" />
	<include file="messaging.xml" relativeToChangelogFile="true" />
	<include file="reporting.xml" relativeToChangelogFile="true" />
	<include file="1.9.8.xml" relativeToChangelogFile="true" />
	<include file="bonus-baseline-1.xml" relativeToChangelogFile="true" />
	<include file="player-bonus-baseline-1.xml" relativeToChangelogFile="true" />
	<include file="trans-subtypes-1.xml" relativeToChangelogFile="true" />
	<include file="bonus-baseline-2.xml" relativeToChangelogFile="true" />
	<include file="payments-fix-2.xml" relativeToChangelogFile="true" />
	<include file="payments-fix-2-data.xml" relativeToChangelogFile="true" />
	<include file="games-connect-baseline-data.xml" relativeToChangelogFile="true" />
	<include file="games-connect-fix-1.xml" relativeToChangelogFile="true" />
	<include file="role_permissions.xml" relativeToChangelogFile="true" />
	<include file="1.9.8a.xml" relativeToChangelogFile="true" />
	<include file="bonus-baseline-3.xml" relativeToChangelogFile="true" />
	<include file="report-category-map.xml" relativeToChangelogFile="true" />
	<include file="audit_auto_increment.xml" relativeToChangelogFile="true" />
	<include file="report_schedule_parameters.xml" relativeToChangelogFile="true" />
	<include file="epg_product_id.xml" relativeToChangelogFile="true" />
	<include file="session_report.xml" relativeToChangelogFile="true" />
	<include file="1.9.8d.xml" relativeToChangelogFile="true" />
	<include file="plugin_context_fix.xml" relativeToChangelogFile="true" />
	<include file="nyx-site-fix.xml" relativeToChangelogFile="true" />
	<include file="bonus-baseline-4.xml" relativeToChangelogFile="true" />
	<include file="1.9.9.xml" relativeToChangelogFile="true" />
	<include file="kyc-fix.xml" relativeToChangelogFile="true" />
	<include file="bonus-baseline-5.xml" relativeToChangelogFile="true" />
	<include file="1.9.10d_us.xml" relativeToChangelogFile="true" />
	<include file="player-bonus-baseline-2.xml" relativeToChangelogFile="true" />
	<include file="respin_appVersion_param.xml" relativeToChangelogFile="true" />
	<include file="player-bonus-baseline-3.xml" relativeToChangelogFile="true" />
	<include file="player-bonus-baseline-4.xml" relativeToChangelogFile="true" />
	<include file="player-bonus-baseline-5.xml" relativeToChangelogFile="true" />
	<include file="multi-geo-member-number.xml" relativeToChangelogFile="true" />
	<include file="reports-plugin-context-fix.xml" relativeToChangelogFile="true" />
	<include file="netent-site-1.xml" relativeToChangelogFile="true" />
	<include file="netent-integration.xml" relativeToChangelogFile="true" />
	<include file="registration-pincode-fix.xml" relativeToChangelogFile="true" />
	<include file="netent-site-2.xml" relativeToChangelogFile="true" />
	<include file="netent-integration-fix1.xml" relativeToChangelogFile="true" />
	<include file="gameround-external-id-fix.xml" relativeToChangelogFile="true" />
	<include file="event-log-fix.xml" relativeToChangelogFile="true" />
	<include file="P2_US.xml" relativeToChangelogFile="true" />
	<include file="credit_currency_fix.xml" relativeToChangelogFile="true" />
	<include file="netent-site-3.xml" relativeToChangelogFile="true" />	
	<include file="player-bonus-map.xml" relativeToChangelogFile="true" />
	<include file="operator_currency_limits.xml" relativeToChangelogFile="true" />
	<include file="loyality-points.xml" relativeToChangelogFile="true" />
	<include file="network-configuration.xml" relativeToChangelogFile="true" />
	<include file="wagering-contributions.xml" relativeToChangelogFile="true" />
	<include file="gameround-external-id-index.xml" relativeToChangelogFile="true" />
	<include file="bonus-config-payout.xml" relativeToChangelogFile="true" />
	<include file="bonus-12232015.xml" relativeToChangelogFile="true" />
	<include file="player-extra-1.xml" relativeToChangelogFile="true" />
	<include file="deposit-bonus-data-1.xml" relativeToChangelogFile="true" />
	<include file="bonus-12292015.xml" relativeToChangelogFile="true" />
	<include file="bonus-code.xml" relativeToChangelogFile="true" />
	<include file="multicurrency-per-site.xml" relativeToChangelogFile="true" />
	<include file="bonus-12302015.xml" relativeToChangelogFile="true" />
	<include file="operatorlimits-12302015.xml" relativeToChangelogFile="true" />
	<include file="operatorlimits-12312015.xml" relativeToChangelogFile="true" />
	<include file="bonus-config-payout-1.xml" relativeToChangelogFile="true" />
	<include file="bonus-12312015-1.xml" relativeToChangelogFile="true" />
	<include file="10kReport.xml" relativeToChangelogFile="true" />
	<include file="template_v2.xml" relativeToChangelogFile="true" />

	<include file="player-01072016.xml" relativeToChangelogFile="true" />
	<include file="bonus-dep-config-01082016.xml" relativeToChangelogFile="true" />
	<include file="bonus-01112016-1.xml" relativeToChangelogFile="true" />
	<include file="transaction-1.xml" relativeToChangelogFile="true" />
	<include file="site-01202016.xml" relativeToChangelogFile="true" />
	<include file="site-01272016.xml" relativeToChangelogFile="true" />
	<include file="player-postcode-update.xml" relativeToChangelogFile="true" />	
	<include file="game-client-type.xml" relativeToChangelogFile="true"/>
	<include file="game-update-rev14.xml" relativeToChangelogFile="true"/>
	<include file="player-deposit-limits.xml" relativeToChangelogFile="true" />
	<include file="player-deposit-limits-03022016.xml" relativeToChangelogFile="true" />
	<include file="player-deposit-limits-2.xml" relativeToChangelogFile="true" />
	<include file="deposit-limits-02052016.xml" relativeToChangelogFile="true" />
	<include file="site-02052016.xml" relativeToChangelogFile="true" />
	<include file="netent-E1-proxy-02072016.xml" relativeToChangelogFile="true" />
	<include file="player-realitycheck-update.xml" relativeToChangelogFile="true"/>	
	<include file="rgs-reality-check-update.xml" relativeToChangelogFile="true"/>
	<include file="rgs-realitycheck-update-rev149.xml" relativeToChangelogFile="true"/>
	<include file="quickfire-site-02112016.xml" relativeToChangelogFile="true"/>
	<include file="quickfire-site-02222016.xml" relativeToChangelogFile="true"/>
	<include file="bonus-promo-code.xml" relativeToChangelogFile="true"/>
	<include file="promo-code-eligible.xml" relativeToChangelogFile="true"/>
	<include file="bonus-promo-code-2.xml" relativeToChangelogFile="true"/>
	<include file="bonus_promo_code_minigames.xml" relativeToChangelogFile="true"/>
	<include file="game_session_externalSessionId.xml" relativeToChangelogFile="true"/>
    <include file="igt-integration-site.xml" relativeToChangelogFile="true"/>
    <include file="quickfire-admintool-param.xml" relativeToChangelogFile="true"/>
    <include file="loyalty-points.xml" relativeToChangelogFile="true" />
	<include file="loyalty-program.xml" relativeToChangelogFile="true" />
	<include file="player-loyalty-points-history.xml" relativeToChangelogFile="true"/>	
	<include file="loyalty-redemption.xml" relativeToChangelogFile="true"/>
	<include file="game-loyalty-points-awarded.xml" relativeToChangelogFile="true"/>
	<include file="loyalty_program-jobparam-02252016.xml" relativeToChangelogFile="true"/>
	<include file="loyalty-redemption-bonus-02282016.xml" relativeToChangelogFile="true"/>
	<include file="currency-03072016.xml" relativeToChangelogFile="true"/>
	<include file="loyalty-account-03072016.xml" relativeToChangelogFile="true"/>
	<include file="player-loyalty-account-creation.xml" relativeToChangelogFile="true"/>
	<include file="loyalty-permissions-03082016.xml" relativeToChangelogFile="true"/>
	<include file="player-loyalty-history-2.xml" relativeToChangelogFile="true"/>
	<include file="loyalty-permissions-03102016.xml" relativeToChangelogFile="true"/>
	<include file="loyalty-points-03112016.xml" relativeToChangelogFile="true"/>
	<include file="game-IGTUKGCChanges.xml" relativeToChangelogFile="true"/>
	<include file="game_session_UKGC.xml" relativeToChangelogFile="true"/>
    <include file="site-03142016.xml" relativeToChangelogFile="true"/>
    <include file="game-03142016.xml" relativeToChangelogFile="true"/>
    <include file="game-03152016.xml" relativeToChangelogFile="true"/>
    <include file="igt-params.xml" relativeToChangelogFile="true"/>
    <include file="game-mobile-client-type.xml" relativeToChangelogFile="true"/>
	<include file="nyx-admin-param-03162016.xml" relativeToChangelogFile="true"/>
	<include file="player-status-permissions-03152016.xml" relativeToChangelogFile="true"/>
	<include file="loyalty-points-for-bonus-03172016.xml" relativeToChangelogFile="true"/>
	<include file="bonus-priority-03292016.xml" relativeToChangelogFile="true"/>
	<include file="player_group.xml" relativeToChangelogFile="true" />
	<include file="bonus-player-group.xml" relativeToChangelogFile="true" />
	<include file="playergroups-permissions-04182016.xml" relativeToChangelogFile="true" />	
	<include file="silverpop-mailing-config.xml" relativeToChangelogFile="true" />
	<include file="silverpop-mailing-configs-param.xml" relativeToChangelogFile="true" />
	<include file="player-groups-alter-column.xml" relativeToChangelogFile="true" />
	<include file="payment-record-alter-column.xml" relativeToChangelogFile="true" />
	<include file="mailing-config_list_rename.xml" relativeToChangelogFile="true" />
	<include file="message-config-silverpop-04202016.xml" relativeToChangelogFile="true" />
	<include file="player-extra-emial-delivered-flag.xml" relativeToChangelogFile="true" />
	<include file="silverpop-mailing-configs-param-1.xml" relativeToChangelogFile="true" />
	<include file="silverpop-message-service.xml" relativeToChangelogFile="true" />
	<include file="player-extra-kycmatchdesc.xml" relativeToChangelogFile="true" />
	<include file="site-multi-currency.xml" relativeToChangelogFile="true" />
	<include file="silverpop-05032016.xml" relativeToChangelogFile="true" />
	<include file="player-multi-currency.xml" relativeToChangelogFile="true" />
	<include file="max-withdrawal.xml" relativeToChangelogFile="true" />
	<include file="welcome-bonus-code.xml" relativeToChangelogFile="true" />
	<include file="player-extra-welcome-bonus-awarded-flag.xml" relativeToChangelogFile="true" />
	<include file="bonus-promocode-oneTimeCode.xml" relativeToChangelogFile="true" />
	<include file="player-extra-bonusawarded-2.xml" relativeToChangelogFile="true" />
	<include file="bonuscode-rename.xml" relativeToChangelogFile="true" />
	<include file="bonus-site-network.xml" relativeToChangelogFile="true" />
	<include file="min-withdrawal.xml" relativeToChangelogFile="true" />
	<include file="networkConfiguration-1.xml" relativeToChangelogFile="true" />
    <include file="networkConfiguration-permissions.xml" relativeToChangelogFile="true" />
	<include file="games-connect-rgs-country.xml" relativeToChangelogFile="true" />
	<include file="bonusPlayerGroup.xml" relativeToChangelogFile="true" />
	<include file="multi-currency-default.xml" relativeToChangelogFile="true" />
	<include file="US-cure.xml" relativeToChangelogFile="true" />
	<include file="ROC-gameServerURL-05272016.xml" relativeToChangelogFile="true" />
	<include file="bonus-code-batch.xml" relativeToChangelogFile="true"/>
	<include file="site_quick_amounts.xml" relativeToChangelogFile="true"/>
	<include file="bonus-code-1.xml" relativeToChangelogFile="true"/>
	<include file="bonus-code-batch-1.xml" relativeToChangelogFile="true"/>
	<include file="bonus-code-batch-2.xml" relativeToChangelogFile="true"/>
	<include file="site-06072016.xml" relativeToChangelogFile="true"/>
	<include file="epg-payment-record.xml" relativeToChangelogFile="true"/>
	<include file="operator-manual-adj-amnt.xml" relativeToChangelogFile="true"/>
	<include file="platform.xml" relativeToChangelogFile="true"/>
	<include file="matchcode-kyc-col.xml" relativeToChangelogFile="true"/>
	<include file="bonus-rewardType-06092016.xml" relativeToChangelogFile="true"/>
    <include file="freeRounds-rgs-game-changes.xml" relativeToChangelogFile="true"/>
	<include file="freeRounds-rgs-changes.xml" relativeToChangelogFile="true"/>
    <include file="bonus-freeRounds.xml" relativeToChangelogFile="true"/>
	<include file="player-freeRounds.xml" relativeToChangelogFile="true"/>
	<include file="site-status-NN.xml" relativeToChangelogFile="true"/>
	<include file="playerExtra-totalDepositAmount.xml" relativeToChangelogFile="true"/>
	<include file="rgs-allowedforbonus-NN.xml" relativeToChangelogFile="true"/>
	<include file="player-reactivate-flag.xml" relativeToChangelogFile="true"/>
	<include file="nyx-admin-credentials.xml" relativeToChangelogFile="true"/>
	<include file="country-minage.xml" relativeToChangelogFile="true"/>
	<include file="bonus_freerounds_betlevel.xml" relativeToChangelogFile="true"/>
	<include file="site-withdraw-per-day-month.xml" relativeToChangelogFile="true"/>
	<include file="site-withdrawl.xml" relativeToChangelogFile="true"/>
	<include file="player-kyc-permission.xml" relativeToChangelogFile="true"/>
	<include file="player-extra-withdraw-counters.xml" relativeToChangelogFile="true"/>
	<include file="player-extra-kyc-withdraw.xml" relativeToChangelogFile="true"/>
	<include file="site-kyc.xml" relativeToChangelogFile="true"/>
	<include file="quick-amount-rename.xml" relativeToChangelogFile="true"/>
	<include file="player-withdraw-settings.xml" relativeToChangelogFile="true"/>
	<include file="kyc_withdraw_permission_update.xml" relativeToChangelogFile="true"/>
	<include file="3.8.0.xml" relativeToChangelogFile="true"/>
	<include file="3.9.0.xml" relativeToChangelogFile="true"/>
	<include file="3.10.0.xml" relativeToChangelogFile="true"/>
	<include file="3.11.0.xml" relativeToChangelogFile="true"/>
	<include file="3.12.0.xml" relativeToChangelogFile="true"/>
	<include file="3.13.0.xml" relativeToChangelogFile="true"/>
	<include file="3.13.1.xml" relativeToChangelogFile="true"/>
	<include file="3.13.2.xml" relativeToChangelogFile="true"/>
	<include file="3.14.0.xml" relativeToChangelogFile="true"/>
	<include file="3.15.0.xml" relativeToChangelogFile="true"/>
	<include file="3.16.0.xml" relativeToChangelogFile="true"/>
	<include file="3.17.0.xml" relativeToChangelogFile="true"/>
	<include file="3.18.0.xml" relativeToChangelogFile="true"/>
	<include file="3.19.0.xml" relativeToChangelogFile="true"/>
	<include file="3.20.0.xml" relativeToChangelogFile="true"/>
	<include file="3.21.0.xml" relativeToChangelogFile="true"/>
	<include file="3.22.0.xml" relativeToChangelogFile="true"/>
	<include file="3.23.0.xml" relativeToChangelogFile="true"/>
	<include file="3.24.0.xml" relativeToChangelogFile="true"/>
	<include file="3.25.0.xml" relativeToChangelogFile="true"/>
	<include file="3.26.0.xml" relativeToChangelogFile="true"/>
	<include file="3.27.0.xml" relativeToChangelogFile="true"/>
	<include file="3.28.0.xml" relativeToChangelogFile="true"/>
	<include file="3.29.0.xml" relativeToChangelogFile="true"/>
	<include file="3.30.0.xml" relativeToChangelogFile="true"/>
	<include file="3.31.0.xml" relativeToChangelogFile="true"/>
	<include file="3.32.0.xml" relativeToChangelogFile="true"/>
	<include file="3.33.0.xml" relativeToChangelogFile="true"/>
	<include file="3.34.0.xml" relativeToChangelogFile="true"/>
	<include file="3.35.0.xml" relativeToChangelogFile="true"/>
	<include file="3.36.0.xml" relativeToChangelogFile="true"/>
	<include file="3.37.0.xml" relativeToChangelogFile="true"/>
	<include file="3.38.0.xml" relativeToChangelogFile="true"/>
	<include file="3.39.0.xml" relativeToChangelogFile="true"/>
	<include file="3.40.0.xml" relativeToChangelogFile="true"/>
	<include file="3.41.0.xml" relativeToChangelogFile="true"/>
	<include file="3.42.0.xml" relativeToChangelogFile="true"/>
	<include file="3.43.0.xml" relativeToChangelogFile="true"/>
	<include file="3.44.0.xml" relativeToChangelogFile="true"/>
	<include file="3.45.0.xml" relativeToChangelogFile="true"/>
	<include file="3.46.0.xml" relativeToChangelogFile="true"/>
	<include file="3.47.0.xml" relativeToChangelogFile="true"/>
	<include file="3.48.0.xml" relativeToChangelogFile="true"/>
	<include file="3.49.0.xml" relativeToChangelogFile="true"/>
	<include file="3.50.0.xml" relativeToChangelogFile="true"/>
    <include file="3.51.0.xml" relativeToChangelogFile="true"/>
	<include file="3.52.0.xml" relativeToChangelogFile="true"/>
	<include file="3.53.0.xml" relativeToChangelogFile="true"/>
	<include file="3.54.0.xml" relativeToChangelogFile="true"/>
    <include file="3.55.0.xml" relativeToChangelogFile="true"/>
	<include file="3.56.0.xml" relativeToChangelogFile="true"/>
	<include file="3.57.0.xml" relativeToChangelogFile="true"/>
	<include file="3.58.0.xml" relativeToChangelogFile="true"/>
	<include file="3.59.0.xml" relativeToChangelogFile="true"/>
	<include file="3.60.0.xml" relativeToChangelogFile="true"/>
</databaseChangeLog>

