<?xml version="1.0" encoding="UTF-8" standalone="no"?>
<databaseChangeLog xmlns="http://www.liquibase.org/xml/ns/dbchangelog" xmlns:xsi="http://www.w3.org/2001/XMLSchema-instance" xsi:schemaLocation="http://www.liquibase.org/xml/ns/dbchangelog http://www.liquibase.org/xml/ns/dbchangelog/dbchangelog-2.0.xsd">
   <changeSet author="srikanth.manuri" id="country-minage-1">
        <addColumn tableName="country">
            <column name="min_age" type="INT">
            	<constraints nullable="false"/>
            </column>
        </addColumn>
    </changeSet>
    <changeSet author="srikanth.manuri" id="country-minage-2">
        <comment>updating default min age as 18 for all countries</comment>
        <sql>
            update country set min_age=18;
        </sql>
    </changeSet>
    <changeSet author="srikanth.manuri" id="country-minage-3">
        <addNotNullConstraint columnDataType="INT"
                              columnName="min_age"
                              tableName="country"/>
    </changeSet>
</databaseChangeLog>