<?xml version="1.0" encoding="UTF-8" standalone="no"?>
<databaseChangeLog xmlns="http://www.liquibase.org/xml/ns/dbchangelog" xmlns:xsi="http://www.w3.org/2001/XMLSchema-instance" xsi:schemaLocation="http://www.liquibase.org/xml/ns/dbchangelog http://www.liquibase.org/xml/ns/dbchangelog/dbchangelog-2.0.xsd">
   <changeSet author="rajendra.bayana" id="currency-03072016-1">        
        <addColumn tableName="currency">
            <column defaultValue= "uk" name="mode" type="VARCHAR(255)">
            	<constraints nullable="false"/>
            </column>
            <column defaultValueBoolean="true" name="visible" type="BIT">
            	<constraints nullable="false"/>
            </column>
        </addColumn>		
    </changeSet>
</databaseChangeLog>