<?xml version="1.0" encoding="UTF-8" standalone="no"?>
<databaseChangeLog xmlns="http://www.liquibase.org/xml/ns/dbchangelog" xmlns:xsi="http://www.w3.org/2001/XMLSchema-instance" xsi:schemaLocation="http://www.liquibase.org/xml/ns/dbchangelog http://www.liquibase.org/xml/ns/dbchangelog/dbchangelog-2.0.xsd">

    <changeSet author="vasavi.kakumanu" id="external-backoffices-module-permission-02082016-1">
        <validCheckSum>any</validCheckSum>
        <sqlFile relativeToChangelogFile="true" path="sql//external-backoffices//external-backoffices-permission.sql" />
        <rollback>
            <sql>
                delete from permission where id = 74;
            </sql>
        </rollback>
    </changeSet>
</databaseChangeLog>