<?xml version="1.0" encoding="UTF-8" standalone="no"?>
<databaseChangeLog xmlns="http://www.liquibase.org/xml/ns/dbchangelog" xmlns:xsi="http://www.w3.org/2001/XMLSchema-instance" xsi:schemaLocation="http://www.liquibase.org/xml/ns/dbchangelog http://www.liquibase.org/xml/ns/dbchangelog/dbchangelog-2.0.xsd">
    <changeSet author="rajendra.bayana" id="rgs-allow-free-rounds-06102016-1">
        <addColumn tableName="game">
            <column name="allow_free_rounds" type="boolean" />
        </addColumn>
    </changeSet>
    <changeSet author="rajendra.bayana" id="rgs-allow-free-rounds-06102016-2">
        <addDefaultValue
                columnDataType="BIT"
                columnName="allow_free_rounds"
                defaultValueBoolean="false"
                tableName="game"
        />
    </changeSet>
    <changeSet author="rajendra.bayana" id="rgs-allow-free-rounds-06102016-3">
        <comment>updating existing records with default value(false)</comment>
        <sql>
            update game set allow_free_rounds=0 where allow_free_rounds is null;
        </sql>
    </changeSet>
</databaseChangeLog>