<?xml version="1.0" encoding="UTF-8" standalone="no"?>
<databaseChangeLog xmlns="http://www.liquibase.org/xml/ns/dbchangelog" xmlns:xsi="http://www.w3.org/2001/XMLSchema-instance" xsi:schemaLocation="http://www.liquibase.org/xml/ns/dbchangelog http://www.liquibase.org/xml/ns/dbchangelog/dbchangelog-2.0.xsd">
    <changeSet author="rajendra.bayana" id="rgs-allowed-for-bonus-06102016-1">
        <addColumn tableName="rgs">
            <column name="allowed_for_bonus" type="boolean" />
        </addColumn>
    </changeSet>
    <changeSet author="rajendra.bayana" id="rgs-allowed-for-bonus-06102016-2">
        <addDefaultValue
                columnDataType="BIT"
                columnName="allowed_for_bonus"
                defaultValueBoolean="false"
                tableName="rgs"
        />
    </changeSet>
    <changeSet author="rajendra.bayana" id="rgs-allowed-for-bonus-06102016-32">
        <comment>updating existing records with default value(false)</comment>
        <sql>
            update rgs set allowed_for_bonus=0 where allowed_for_bonus is null;
        </sql>
    </changeSet>
</databaseChangeLog>