<?xml version="1.0" encoding="UTF-8" standalone="no"?>
<databaseChangeLog xmlns="http://www.liquibase.org/xml/ns/dbchangelog" xmlns:xsi="http://www.w3.org/2001/XMLSchema-instance" xsi:schemaLocation="http://www.liquibase.org/xml/ns/dbchangelog http://www.liquibase.org/xml/ns/dbchangelog/dbchangelog-2.0.xsd">
   <changeSet author="srikanth.manuri" id="game-IGTUKGCChanges-03112016-1">
        <addColumn tableName="Game">
            <column name="min_bet" type="DECIMAL(19,8)">
            	<constraints nullable="true"/>
            </column>
            <column name="denom_amount" type="DECIMAL(19,8)">
                <constraints nullable="true"/>
            </column>
            <column name="mobile_client_type" type="INT" >
                <constraints nullable="true"/>
            </column>
        </addColumn>		
    </changeSet>
</databaseChangeLog>