<?xml version="1.0" encoding="UTF-8" standalone="no"?>
<databaseChangeLog xmlns="http://www.liquibase.org/xml/ns/dbchangelog" xmlns:xsi="http://www.w3.org/2001/XMLSchema-instance" xsi:schemaLocation="http://www.liquibase.org/xml/ns/dbchangelog http://www.liquibase.org/xml/ns/dbchangelog/dbchangelog-2.0.xsd">
    <changeSet author="srikanth.manuri" id="17052016-1">
        <createTable tableName="rgs_country">
            <column name="rgs_countries_id" type="BIGINT(20)"/>
            <column name="country_id" type="BIGINT(20)"/>
        </createTable>
        <addForeignKeyConstraint baseColumnNames="rgs_countries_id" baseTableName="rgs_country" constraintName="FK_l5bh9htvequv5k9h0g78l1wfd" deferrable="false" initiallyDeferred="false" onDelete="NO ACTION" onUpdate="NO ACTION" referencedColumnNames="id" referencedTableName="rgs" referencesUniqueColumn="false"/>
        <addForeignKeyConstraint baseColumnNames="country_id" baseTableName="rgs_country" constraintName="FK_k2ynckxcleusfm98oxl7ok9j5" deferrable="false" initiallyDeferred="false" onDelete="NO ACTION" onUpdate="NO ACTION" referencedColumnNames="id" referencedTableName="country" referencesUniqueColumn="false"/>
    </changeSet>
</databaseChangeLog>