<?xml version="1.0" encoding="UTF-8" standalone="no"?>
<databaseChangeLog xmlns="http://www.liquibase.org/xml/ns/dbchangelog" xmlns:xsi="http://www.w3.org/2001/XMLSchema-instance" xsi:schemaLocation="http://www.liquibase.org/xml/ns/dbchangelog http://www.liquibase.org/xml/ns/dbchangelog/dbchangelog-2.0.xsd">
    <changeSet author="sureshreddy.guntaka" id="games-connect-fix-1-1">
        <addColumn tableName="game_round">
            <column name="cash_stake" type="DECIMAL(19,8)">
                <constraints nullable="true"/>
            </column>
        </addColumn>
        <addColumn tableName="game_round">
            <column name="cash_win" type="DECIMAL(19,8)">
                <constraints nullable="true"/>
            </column>
        </addColumn>
        <addColumn tableName="game_round">
            <column name="bonus_stake" type="DECIMAL(19,8)">
                <constraints nullable="true"/>
            </column>
        </addColumn>
        <addColumn tableName="game_round">
            <column name="bonus_win" type="DECIMAL(19,8)">
                <constraints nullable="true"/>
            </column>
        </addColumn>
    </changeSet>
</databaseChangeLog>