<?xml version="1.0" encoding="UTF-8" standalone="no"?>
<databaseChangeLog xmlns="http://www.liquibase.org/xml/ns/dbchangelog" xmlns:xsi="http://www.w3.org/2001/XMLSchema-instance" xsi:schemaLocation="http://www.liquibase.org/xml/ns/dbchangelog http://www.liquibase.org/xml/ns/dbchangelog/dbchangelog-2.0.xsd">
    <changeSet id="games-connect-baseline-data-1" author="sureshreddy.guntaka">
        <comment>NYX SAPI Username</comment>
        <sql>INSERT INTO `param` (`id`, `version`, `description`, `editable`, `param_key`, `param_type`, `system`, `val`) VALUES (54, 0,'NYX OGS SAPI Username',x'01','nyx.sapi.username','String',x'00','nektan');</sql>
    </changeSet>
    <changeSet id="games-connect-baseline-data-2" author="sureshreddy.guntaka">
        <comment>NYX SAPI Password</comment>
        <sql>INSERT INTO `param` (`id`, `version`, `description`, `editable`, `param_key`, `param_type`, `system`, `val`) VALUES (55, 0,'NYX OGS SAPI Password',x'01','nyx.sapi.password','String',x'00','nektan1');</sql>
    </changeSet>
    <changeSet id="games-connect-baseline-data-3" author="sureshreddy.guntaka">
        <comment>NYX SAPI URL</comment>
        <sql>INSERT INTO `param` (`id`, `version`, `description`, `editable`, `param_key`, `param_type`, `system`, `val`) VALUES (56,0,'NYX OGS SAPI URL',x'01','nyx.sapi.baseurl','String',x'00','https://ogs-sapi-stage.nyxgib.eu/');</sql>
    </changeSet>
    <changeSet id="games-connect-baseline-data-4" author="sureshreddy.guntaka">
        <comment>NYX Operator ID</comment>
        <sql>INSERT INTO `param` (`id`, `version`, `description`, `editable`, `param_key`, `param_type`, `system`, `val`) VALUES (57,0,'NYX OGS SAPI URL',x'01','nyx.operatorid','Integer',x'00','430');</sql>
    </changeSet>
</databaseChangeLog>