<?xml version="1.0" encoding="UTF-8" standalone="no"?>
<databaseChangeLog xmlns="http://www.liquibase.org/xml/ns/dbchangelog" xmlns:xsi="http://www.w3.org/2001/XMLSchema-instance" xsi:schemaLocation="http://www.liquibase.org/xml/ns/dbchangelog http://www.liquibase.org/xml/ns/dbchangelog/dbchangelog-2.0.xsd">
    <changeSet author="sureshreddy.guntaka" id="games-connect-baseline-2">
        <createIndex indexName="UK_ppifuymwtie8yrtpw1bv6yofv" tableName="game" unique="true">
            <column name="short_name"/>
        </createIndex>
    </changeSet>
    <changeSet author="sureshreddy.guntaka" id="games-connect-baseline-3">
        <createTable tableName="site_game_config">
            <column autoIncrement="true" name="id" type="BIGINT">
                <constraints nullable="false" primaryKey="true"/>
            </column>
            <column name="version" type="BIGINT">
                <constraints nullable="false"/>
            </column>
            <column name="short_name" type="VARCHAR(255)">
                <constraints nullable="false"/>
            </column>
            <column name="description" type="VARCHAR(255)">
                <constraints nullable="true"/>
            </column>
            <column name="url" type="VARCHAR(255)">
                <constraints nullable="true"/>
            </column>
            <column name="site_id" type="BIGINT">
                <constraints nullable="false"/>
            </column>
            <column name="game_id" type="BIGINT">
                <constraints nullable="false"/>
            </column>
        </createTable>
    </changeSet>
    <changeSet author="sureshreddy.guntaka" id="games-connect-baseline-4">
        <createIndex indexName="UK_2esu73rwf3ky5e9tcycvynlp1" tableName="site_game_config" unique="true">
            <column name="short_name"/>
        </createIndex>
    </changeSet>
    <changeSet author="sureshreddy.guntaka" id="games-connect-baseline-5">
        <addForeignKeyConstraint baseColumnNames="site_id" baseTableName="site_game_config"  constraintName="FK_5tn2lma79s0mqa3jipv0lugcn" deferrable="false" initiallyDeferred="false" onDelete="NO ACTION" onUpdate="NO ACTION" referencedColumnNames="id" referencedTableName="site" referencesUniqueColumn="false"/>
    </changeSet>
    <changeSet author="sureshreddy.guntaka" id="games-connect-baseline-6">
        <addForeignKeyConstraint baseColumnNames="game_id" baseTableName="site_game_config"  constraintName="FK_sx4nroaqpibkfq69lq3ah1xh4" deferrable="false" initiallyDeferred="false" onDelete="NO ACTION" onUpdate="NO ACTION" referencedColumnNames="id" referencedTableName="game" referencesUniqueColumn="false"/>
    </changeSet>


</databaseChangeLog>