<?xml version="1.0" encoding="UTF-8" standalone="no"?>
<databaseChangeLog xmlns="http://www.liquibase.org/xml/ns/dbchangelog" xmlns:xsi="http://www.w3.org/2001/XMLSchema-instance" xsi:schemaLocation="http://www.liquibase.org/xml/ns/dbchangelog http://www.liquibase.org/xml/ns/dbchangelog/dbchangelog-2.0.xsd">

    <changeSet id="game_session_external_session_id" author="srikanth.manuri">
        <addColumn tableName="game_session">
            <column name="external_session_id" type="VARCHAR(255)"/>
        </addColumn>
        <createIndex indexName="UIDX_GS_EXT_SESSION_ID" tableName="game_session" unique="true">
            <column name="external_session_id"/>
            <column name="token" />
        </createIndex>

        <createIndex indexName="IDX_GS_EXT_SESSION_ID" tableName="game_session">
            <column name="external_session_id"/>
        </createIndex>
    </changeSet>

    <changeSet author="srikanth.manuri" id="igt-username-password">
        <sqlFile relativeToChangelogFile="true" path="sql//igt//igt_admin_params.sql" />
    </changeSet>


</databaseChangeLog>