<?xml version="1.0" encoding="UTF-8" standalone="no"?>
<databaseChangeLog xmlns="http://www.liquibase.org/xml/ns/dbchangelog" xmlns:xsi="http://www.w3.org/2001/XMLSchema-instance" xsi:schemaLocation="http://www.liquibase.org/xml/ns/dbchangelog http://www.liquibase.org/xml/ns/dbchangelog/dbchangelog-2.0.xsd">
    <changeSet author="srikanth.manuri" id="igt-integration-site-1">
        <addColumn tableName="site">
            <column name="igt_ns_code" type="VARCHAR(255)">
                <constraints nullable="true"/>
            </column>
        </addColumn>
        <addColumn tableName="site">
            <column name="igt_skin_code" type="VARCHAR(255)">
                <constraints nullable="true"/>
            </column>
        </addColumn>
    </changeSet>
</databaseChangeLog>