<?xml version="1.0" encoding="UTF-8" standalone="no"?>
<databaseChangeLog xmlns="http://www.liquibase.org/xml/ns/dbchangelog" xmlns:xsi="http://www.w3.org/2001/XMLSchema-instance" xsi:schemaLocation="http://www.liquibase.org/xml/ns/dbchangelog http://www.liquibase.org/xml/ns/dbchangelog/dbchangelog-2.0.xsd">
   <changeSet author="rajendra.bayana" id="loyalty_points_for_bonus-03172016-1">        
        <addColumn tableName="loyalty_program">
            <column name="consider_bonus_wagers" type="BIT">
            </column>
        </addColumn>
   </changeSet>
   <changeSet author="rajendra.bayana" id="loyalty_points_for_bonus-03172016-2">     
        <addDefaultValue columnName="consider_bonus_wagers" defaultValueBoolean="false" tableName="loyalty_program"/>    	
    </changeSet>
    <changeSet author="rajendra.bayana" id="loyalty_points_for_bonus-03172016-3">     
        <comment>updating existing programs with default value</comment>
        <sql>
            update loyalty_program set consider_bonus_wagers = 0;
        </sql>   	
    </changeSet>     
</databaseChangeLog>