<?xml version="1.0" encoding="UTF-8" standalone="no"?>
<databaseChangeLog xmlns="http://www.liquibase.org/xml/ns/dbchangelog" xmlns:xsi="http://www.w3.org/2001/XMLSchema-instance" xsi:schemaLocation="http://www.liquibase.org/xml/ns/dbchangelog http://www.liquibase.org/xml/ns/dbchangelog/dbchangelog-2.0.xsd">
   <changeSet author="rajendra.bayana" id="loyalty_redemption_bonus-02282016-1">        
        <addColumn tableName="loyalty_redemption">
            <column name="bonus_id" type="BIGINT">
            </column>
        </addColumn>		
    </changeSet>
    <changeSet author="rajendra.bayana" id="loyalty_redemption_bonus-02282016-2">
        <addForeignKeyConstraint baseColumnNames="bonus_id" baseTableName="loyalty_redemption" constraintName="FK_loyaltyredemptionbonus728919534" deferrable="false" initiallyDeferred="false" onDelete="NO ACTION" onUpdate="NO ACTION" referencedColumnNames="id" referencedTableName="bonus" referencesUniqueColumn="false"/>
    </changeSet>
</databaseChangeLog>