<?xml version="1.0" encoding="UTF-8" standalone="no"?>
<databaseChangeLog xmlns="http://www.liquibase.org/xml/ns/dbchangelog" xmlns:xsi="http://www.w3.org/2001/XMLSchema-instance" xsi:schemaLocation="http://www.liquibase.org/xml/ns/dbchangelog http://www.liquibase.org/xml/ns/dbchangelog/dbchangelog-2.0.xsd">
   <changeSet author="rajendra.bayana" id="02082016-1">        
        <createTable tableName="loyalty_program">
            <column autoIncrement="true" name="id" type="BIGINT">
                <constraints nullable="false" primaryKey="true"/>
            </column>
            <column name="name" type="varchar(256)">
                <constraints nullable="false"/>
            </column>
            <column name="site_id" type="BIGINT">
                <constraints nullable="false"/>
            </column>
            <column name="loyalty_points_id" type="BIGINT">
                <constraints nullable="false"/>
            </column>
            <column name="active_from" type="DATETIME">
                <constraints nullable="false"/>
            </column>
            <column name="active_to" type="DATETIME">
                <constraints nullable="false"/>
            </column>
            <column name="status" type="BIGINT">
                <constraints nullable="false"/>
            </column>            		
        </createTable>
    </changeSet>
        <changeSet author="rajendra.bayana" id="02082016-21">
        <createIndex indexName="IX_loyaltyprogram_activefrom" tableName="loyalty_program">
            <column name="active_from"/>
        </createIndex>
    </changeSet>
    <changeSet author="rajendra.bayana" id="02082016-22">
        <createIndex indexName="IX_loyaltyprogram_activeto" tableName="loyalty_program">
            <column name="active_to"/>
        </createIndex>
    </changeSet>
    <changeSet author="rajendra.bayana" id="02082016-23">
        <createIndex indexName="IX_loyaltyprogram_status" tableName="loyalty_program">
            <column name="status"/>
        </createIndex>
    </changeSet>
    <changeSet author="rajendra.bayana" id="02082016-24">
        <createIndex indexName="IX_loyaltyprogram_site" tableName="loyalty_program">
            <column name="site_id"/>
        </createIndex>
    </changeSet>	
	<changeSet author="rajendra.bayana" id="02082016-2">
        <addForeignKeyConstraint baseColumnNames="site_id" baseTableName="loyalty_program" constraintName="FK_loyaltyprogram_site" deferrable="false" initiallyDeferred="false" onDelete="NO ACTION" onUpdate="NO ACTION" referencedColumnNames="id" referencedTableName="site" referencesUniqueColumn="false"/>
    </changeSet>
	<changeSet author="rajendra.bayana" id="02082016-3">
        <addForeignKeyConstraint baseColumnNames="loyalty_points_id" baseTableName="loyalty_program" constraintName="FK_loyaltyprogram_loyaltypionts" deferrable="false" initiallyDeferred="false" onDelete="NO ACTION" onUpdate="NO ACTION" referencedColumnNames="id" referencedTableName="loyalty_points" referencesUniqueColumn="false"/>
    </changeSet>  
</databaseChangeLog>
