<?xml version="1.0" encoding="UTF-8" standalone="no"?>
<databaseChangeLog xmlns="http://www.liquibase.org/xml/ns/dbchangelog" xmlns:xsi="http://www.w3.org/2001/XMLSchema-instance" xsi:schemaLocation="http://www.liquibase.org/xml/ns/dbchangelog http://www.liquibase.org/xml/ns/dbchangelog/dbchangelog-2.0.xsd">
   <changeSet author="rajendra.bayana" id="02122016-1">        
        <createTable tableName="loyalty_redemption">
            <column autoIncrement="true" name="id" type="BIGINT">
                <constraints nullable="false" primaryKey="true"/>
            </column>
            <column name="block_size" type="BIGINT">
                <constraints nullable="false"/>
            </column>     
            <column name="max_blocks_in_one_go" type="BIGINT">
                <constraints nullable="false"/>
            </column>
            <column name="max_blocks_per_day" type="BIGINT">
                <constraints nullable="false"/>
            </column>       		
        </createTable>
    </changeSet>
	<changeSet author="rajendra.bayana" id="02122016-2">        
        <createTable tableName="loyalty_redemption_map">
            <column autoIncrement="true" name="id" type="BIGINT">
                <constraints nullable="false" primaryKey="true"/>
            </column>
            <column name="loyalty_redemption_id" type="BIGINT">
                <constraints nullable="false"/>
            </column>
            <column name="currency_id" type="BIGINT">
                <constraints nullable="false"/>
            </column>
			<column name="amount" type="DECIMAL(19,2)">
                <constraints nullable="false"/>
            </column>	
			<column name="position" type="INT">
                <constraints nullable="true"/>
            </column>
        </createTable>
    </changeSet>
    <changeSet author="rajendra.bayana" id="02122016-3">        
        <createTable tableName="player_loyalty_redemption_history">
            <column autoIncrement="true" name="id" type="BIGINT">
                <constraints nullable="false" primaryKey="true"/>
            </column>
            <column name="player_id" type="BIGINT">
                <constraints nullable="false"/>
            </column>
            <column name="points_redeemed" type="BIGINT">
                <constraints nullable="false"/>
            </column>
            <column name="points_after_redemption" type="BIGINT">
                <constraints nullable="false"/>
            </column>
			<column name="blocks_redeemed" type="BIGINT">
                <constraints nullable="false"/>
            </column>
            <column name="amount_awarded" type="DECIMAL(19,2)">
                <constraints nullable="false"/>
            </column>	
			<column name="redeemed_on" type="DATETIME">
                <constraints nullable="false"/>
            </column>
        </createTable>
    </changeSet>
	<changeSet author="rajendra.bayana" id="02122016-4">
        <addForeignKeyConstraint baseColumnNames="loyalty_redemption_id" baseTableName="loyalty_redemption_map" constraintName="FK_redemption874521" deferrable="false" initiallyDeferred="false" onDelete="NO ACTION" onUpdate="NO ACTION" referencedColumnNames="id" referencedTableName="loyalty_redemption" referencesUniqueColumn="false"/>
    </changeSet>
	<changeSet author="rajendra.bayana" id="02122016-5">
        <addForeignKeyConstraint baseColumnNames="currency_id" baseTableName="loyalty_redemption_map" constraintName="FK_redemption874522" deferrable="false" initiallyDeferred="false" onDelete="NO ACTION" onUpdate="NO ACTION" referencedColumnNames="id" referencedTableName="currency" referencesUniqueColumn="false"/>
    </changeSet>
    <changeSet author="rajendra.bayana" id="02122016-6">
        <addForeignKeyConstraint baseColumnNames="player_id" baseTableName="player_loyalty_redemption_history" constraintName="FK_redemptionhistory874523" deferrable="false" initiallyDeferred="false" onDelete="NO ACTION" onUpdate="NO ACTION" referencedColumnNames="id" referencedTableName="player" referencesUniqueColumn="false"/>
    </changeSet>  
</databaseChangeLog>
