<?xml version="1.0" encoding="UTF-8" standalone="no"?>
<databaseChangeLog xmlns="http://www.liquibase.org/xml/ns/dbchangelog" xmlns:xsi="http://www.w3.org/2001/XMLSchema-instance" xsi:schemaLocation="http://www.liquibase.org/xml/ns/dbchangelog http://www.liquibase.org/xml/ns/dbchangelog/dbchangelog-2.0.xsd">
   <changeSet author="rajendra.bayana" id="12172015-11">        
        <dropTable cascadeConstraints="true" tableName="loyality_points_map"/>
    </changeSet>
    <changeSet author="rajendra.bayana" id="12172015-12">        
        <dropTable cascadeConstraints="true" tableName="loyality_points"/>
    </changeSet> 
   
   <changeSet author="rajendra.bayana" id="12172015-1">        
        <createTable tableName="loyalty_points">
            <column autoIncrement="true" name="id" type="BIGINT">
                <constraints nullable="false" primaryKey="true"/>
            </column>
            <column name="name" type="varchar(256)">
                <constraints nullable="false"/>
            </column>
             <column name="loyalty_points_type" type="INT">
                <constraints nullable="false"/>
            </column>             		
        </createTable>
    </changeSet>
	<changeSet author="rajendra.bayana" id="12172015-2">        
        <createTable tableName="loyalty_points_map">
            <column autoIncrement="true" name="id" type="BIGINT">
                <constraints nullable="false" primaryKey="true"/>
            </column>
            <column name="loyalty_points_id" type="BIGINT">
                <constraints nullable="false"/>
            </column>
            <column name="game_id" type="BIGINT">
                <constraints nullable="false"/>
            </column>
			<column name="amount" type="DECIMAL(19,2)">
                <constraints nullable="true"/>
            </column>	
			<column name="position" type="INT">
                <constraints nullable="true"/>
            </column>
        </createTable>
    </changeSet>
	<changeSet author="chaitanya" id="12172015-3">
        <addForeignKeyConstraint baseColumnNames="loyalty_points_id" baseTableName="loyalty_points_map" constraintName="FK_loya728912" deferrable="false" initiallyDeferred="false" onDelete="NO ACTION" onUpdate="NO ACTION" referencedColumnNames="id" referencedTableName="loyalty_points" referencesUniqueColumn="false"/>
    </changeSet>
	<changeSet author="chaitanya" id="12172015-4">
        <addForeignKeyConstraint baseColumnNames="game_id" baseTableName="loyalty_points_map" constraintName="FK_loya728913" deferrable="false" initiallyDeferred="false" onDelete="NO ACTION" onUpdate="NO ACTION" referencedColumnNames="id" referencedTableName="game" referencesUniqueColumn="false"/>
    </changeSet>  
</databaseChangeLog>
