<?xml version="1.0" encoding="UTF-8" standalone="no"?>
<databaseChangeLog xmlns="http://www.liquibase.org/xml/ns/dbchangelog" xmlns:xsi="http://www.w3.org/2001/XMLSchema-instance" xsi:schemaLocation="http://www.liquibase.org/xml/ns/dbchangelog http://www.liquibase.org/xml/ns/dbchangelog/dbchangelog-2.0.xsd">
    <changeSet author="veerendranath.kommisetty" id="player-extra-kyc-match-06222016-1">
        <addColumn tableName="match_code">
            <column name="kyc_result" type="VARCHAR(50)">
                <constraints nullable="false"/>
            </column>
        </addColumn>
        <addColumn tableName="match_code">
            <column name="kyc_description" type="VARCHAR(255)">
                <constraints nullable="false"/>
            </column>
        </addColumn>
    </changeSet>
    <changeSet author="veerendranath.kommisetty" id="player-extra-kyc-match-06222016-2">
        <sqlFile relativeToChangelogFile="true" path="sql//player//match_code_update.sql" />
    </changeSet>
</databaseChangeLog>