<?xml version="1.0" encoding="UTF-8" standalone="no"?>
<databaseChangeLog xmlns="http://www.liquibase.org/xml/ns/dbchangelog" xmlns:xsi="http://www.w3.org/2001/XMLSchema-instance" xsi:schemaLocation="http://www.liquibase.org/xml/ns/dbchangelog http://www.liquibase.org/xml/ns/dbchangelog/dbchangelog-2.0.xsd">

    <changeSet id="messaging_service_type" author="simon.hobbs">
        <comment>messaging params</comment>
        <sqlFile relativeToChangelogFile="true" path="sql//messaging//service_type.sql" />
    </changeSet>

    <changeSet id="messaging_template_type" author="simon.hobbs">
        <comment>messaging template type</comment>
        <sqlFile relativeToChangelogFile="true" path="sql//messaging//template_type.sql" />
    </changeSet>

    <changeSet id="messaging_template_US" author="simon.hobbs" context="US">
        <comment>messaging template for US</comment>
        <sqlFile relativeToChangelogFile="true" path="sql//messaging//template.sql" />
    </changeSet>

</databaseChangeLog>