<?xml version="1.0" encoding="UTF-8" standalone="no"?>
<databaseChangeLog xmlns="http://www.liquibase.org/xml/ns/dbchangelog" xmlns:xsi="http://www.w3.org/2001/XMLSchema-instance" xsi:schemaLocation="http://www.liquibase.org/xml/ns/dbchangelog http://www.liquibase.org/xml/ns/dbchangelog/dbchangelog-2.0.xsd">
    <changeSet author="sureshreddy.guntaka" id="multicurrency-per-site-1">
        <addColumn tableName="player">
            <column name="currency_id" type="BIGINT">
                <constraints nullable="true"/>
            </column>
        </addColumn>
    </changeSet>
    <changeSet author="sureshreddy.guntaka" id="multicurrency-per-site-2">
        <addForeignKeyConstraint
                baseColumnNames="currency_id"
                baseTableName="player"
                constraintName="FK_player_currency_id"
                deferrable="false"
                initiallyDeferred="false"
                onDelete="NO ACTION"
                onUpdate="NO ACTION"
                referencedColumnNames="id"
                referencedTableName="currency"
                referencesUniqueColumn="false"/>
    </changeSet>

</databaseChangeLog>