<?xml version="1.0" encoding="UTF-8" standalone="no"?>
<databaseChangeLog xmlns="http://www.liquibase.org/xml/ns/dbchangelog" xmlns:xsi="http://www.w3.org/2001/XMLSchema-instance" xsi:schemaLocation="http://www.liquibase.org/xml/ns/dbchangelog http://www.liquibase.org/xml/ns/dbchangelog/dbchangelog-2.0.xsd">
    <changeSet author="veerendranath.kommisetty" id="country-defaultcurrency-05202016-1">
        <addColumn tableName="country">
            <column name="default_currency_id" type="BIGINT(20)">
                <constraints nullable="true"/>
            </column>
        </addColumn>
    </changeSet>
   <changeSet author="veerendranath.kommisetty" id="country-defaultcurrency-05202016-2">
        <addForeignKeyConstraint constraintName="FK_country_def_currency" referencedTableName="currency" referencedColumnNames="id" baseColumnNames="default_currency_id" baseTableName="country"/>
    </changeSet>
    <changeSet author="veerendranath.kommisetty" id="country-defaultcurrency-05202016-3">
        <sqlFile relativeToChangelogFile="true" path="sql//site-multi-currency//param_insert_country_ip_url.sql" />
    </changeSet>
    <changeSet author="veerendranath.kommisetty" id="country-defaultcurrency-05202016-4">
        <sqlFile relativeToChangelogFile="true" path="sql//site-multi-currency//param_insert_country_ip_url_2.sql" />
    </changeSet>
</databaseChangeLog>