<?xml version="1.0" encoding="UTF-8" standalone="no"?>
<databaseChangeLog xmlns="http://www.liquibase.org/xml/ns/dbchangelog" xmlns:ext="http://www.liquibase.org/xml/ns/dbchangelog-ext" xmlns:xsi="http://www.w3.org/2001/XMLSchema-instance" xsi:schemaLocation="http://www.liquibase.org/xml/ns/dbchangelog-ext http://www.liquibase.org/xml/ns/dbchangelog/dbchangelog-ext.xsd http://www.liquibase.org/xml/ns/dbchangelog http://www.liquibase.org/xml/ns/dbchangelog/dbchangelog-3.3.xsd">

    <changeSet author="hobbss (generated)" id="1446199231458-1">
        <addColumn tableName="player">
            <column name="member_number" type="VARCHAR(60)"/>
        </addColumn>
    </changeSet>

    <changeSet author="hobbss (generated)" id="1446199231458-2">
        <addColumn tableName="site">
            <column name="multi_geo_fence" type="VARCHAR(4096)"/>
        </addColumn>
    </changeSet>

    <changeSet author="simon.hobbs" id="1446199231458-3" context="US">
        <comment>autoincrement US player</comment>
        <sql>ALTER TABLE player AUTO_INCREMENT = 1001;</sql>
    </changeSet>

    <changeSet author="simon.hobbs" id="1446199231458-4" context="US">
        <comment>set existing US player numbers</comment>
        <sql>update player set member_number = id where member_number is null;</sql>
    </changeSet>

    <changeSet id="1446199231458-5" author="simon.hobbs">
        <comment>report dp update</comment>
        <sqlFile relativeToChangelogFile="true" path="sql//reporting//daily_finanical_summary_for_period.sql" />
    </changeSet>

    <changeSet id="1446199231458-6" author="simon.hobbs">
        <comment>report dp update</comment>
        <sqlFile relativeToChangelogFile="true" path="sql//reporting//financial_summary_by_player_v4.sql" />
    </changeSet>

    <changeSet id="1446199231458-7" author="simon.hobbs">
        <comment>report dp update</comment>
        <sqlFile relativeToChangelogFile="true" path="sql//reporting//game_period_v4.sql" />
    </changeSet>


</databaseChangeLog>
