<?xml version="1.0" encoding="UTF-8" standalone="no"?>
<databaseChangeLog xmlns="http://www.liquibase.org/xml/ns/dbchangelog" xmlns:xsi="http://www.w3.org/2001/XMLSchema-instance" xsi:schemaLocation="http://www.liquibase.org/xml/ns/dbchangelog http://www.liquibase.org/xml/ns/dbchangelog/dbchangelog-2.0.xsd">

    <changeSet author="sureshreddy.guntaka" id="netent-integration-1">
        <addColumn tableName="site">
            <column name="netent_game_server_url" type="VARCHAR(255)">
                <constraints nullable="true"/>
            </column>
        </addColumn>
    </changeSet>
    <changeSet id="netent-integration-2" author="sureshreddy.guntaka">
        <comment>Netent casino module url - prama </comment>
        <sql>INSERT INTO `param` (`id`, `version`, `description`, `editable`, `param_key`, `param_type`, `system`, `val`) VALUES (69, 0,'NetEnt Casinomodule Url',x'01','netent.api.casinomodule.endpoint','String',x'00','https://nektan-api-test.casinomodule.com/ws-jaxws/services/casino');</sql>
    </changeSet>
    <changeSet id="netent-integration-3" author="sureshreddy.guntaka">
        <comment>Netent merchant id</comment>
        <sql>INSERT INTO `param` (`id`, `version`, `description`, `editable`, `param_key`, `param_type`, `system`, `val`) VALUES (70, 0,'NetEnt merchant id',x'01','netent.api.merchant.id','String',x'00','testmerchant');</sql>
    </changeSet>
    <changeSet id="netent-integration-4" author="sureshreddy.guntaka">
        <comment>Netent merchant password</comment>
        <sql>INSERT INTO `param` (`id`, `version`, `description`, `editable`, `param_key`, `param_type`, `system`, `val`) VALUES (71, 0,'NetEnt merchang password',x'01','netent.api.merchant.password','Password',x'00','testing');</sql>
    </changeSet>
</databaseChangeLog>