<?xml version="1.0" encoding="UTF-8" standalone="no"?>
<databaseChangeLog xmlns="http://www.liquibase.org/xml/ns/dbchangelog" xmlns:xsi="http://www.w3.org/2001/XMLSchema-instance" xsi:schemaLocation="http://www.liquibase.org/xml/ns/dbchangelog http://www.liquibase.org/xml/ns/dbchangelog/dbchangelog-2.0.xsd">
   <changeSet author="chaitanya" id="12162015-1">        
        <createTable tableName="network_configuration">
            <column autoIncrement="true" name="id" type="BIGINT">
                <constraints nullable="false" primaryKey="true"/>
            </column>
            <column name="name" type="varchar(256)">
                <constraints nullable="false" />
            </column>            		
        </createTable>
    </changeSet>
	 <changeSet author="chaitanya" id="12162015-2">        
        <createTable tableName="network_configuration_map">
            <column autoIncrement="true" name="id" type="BIGINT">
                <constraints nullable="false" primaryKey="true"/>
            </column>
            <column name="network_configuration_id" type="BIGINT">
                <constraints nullable="false"/>
            </column>
            <column name="site_id" type="BIGINT">
                <constraints nullable="false"/>
            </column>			
			<column name="position" type="INT">
                <constraints nullable="true"/>
            </column>
        </createTable>
    </changeSet>
	 <changeSet author="chaitanya" id="12162015-3">
        <addForeignKeyConstraint baseColumnNames="network_configuration_id" baseTableName="network_configuration_map" constraintName="FK_nete728919192" deferrable="false" initiallyDeferred="false" onDelete="NO ACTION" onUpdate="NO ACTION" referencedColumnNames="id" referencedTableName="network_configuration" referencesUniqueColumn="false"/>
    </changeSet>
	<changeSet author="chaitanya" id="12162015-4">
        <addForeignKeyConstraint baseColumnNames="site_id" baseTableName="network_configuration_map" constraintName="FK_nete72891919ww" deferrable="false" initiallyDeferred="false" onDelete="NO ACTION" onUpdate="NO ACTION" referencedColumnNames="id" referencedTableName="site" referencesUniqueColumn="false"/>
    </changeSet>	
</databaseChangeLog>
