<?xml version="1.0" encoding="UTF-8" standalone="no"?>
<databaseChangeLog xmlns="http://www.liquibase.org/xml/ns/dbchangelog" xmlns:xsi="http://www.w3.org/2001/XMLSchema-instance" xsi:schemaLocation="http://www.liquibase.org/xml/ns/dbchangelog http://www.liquibase.org/xml/ns/dbchangelog/dbchangelog-2.0.xsd">
    <changeSet author="srikanth.manuri" id="nc-05132016-1">
        <addColumn tableName="network_configuration">
            <column name="description" type="VARCHAR(1024)">
                <constraints nullable="false"/>
            </column>
            <column name="version" type="BIGINT">
                <constraints nullable="false"/>
            </column>
            <column name="status" type="BIGINT">
                <constraints nullable="false"/>
            </column>
            <column name="date_created" type="DATETIME">
                <constraints nullable="false"/>
            </column>
            <column name="last_updated" type="DATETIME">
                <constraints nullable="true"/>
            </column>
            <column name="created_by_id" type="BIGINT">
                <constraints nullable="false"/>
            </column>
            <column name="last_edited_by_id" type="BIGINT"/>
        </addColumn>
    </changeSet>
    <changeSet author="srikanth.manuri" id="nc-05132016-2">
        <createTable tableName="network_site">
            <column autoIncrement="true" name="id" type="BIGINT">
                <constraints nullable="false" primaryKey="true"/>
            </column>
            <column name="version" type="BIGINT">
                <constraints nullable="false"/>
            </column>
            <column name="network_configuration_id" type="BIGINT">
                <constraints nullable="false"/>
            </column>
            <column name="site_id" type="BIGINT">
                <constraints nullable="false"/>
            </column>
        </createTable>
    </changeSet>
    <changeSet author="srikanth.manuri" id="nc-05132016-3">
        <addForeignKeyConstraint baseColumnNames="network_configuration_id" baseTableName="network_site" constraintName="FK_051320163" deferrable="false" initiallyDeferred="false" onDelete="NO ACTION" onUpdate="NO ACTION" referencedColumnNames="id" referencedTableName="network_configuration" referencesUniqueColumn="false"/>
    </changeSet>
    <changeSet author="srikanth.manuri" id="nc-05132016-4">
        <addForeignKeyConstraint baseColumnNames="site_id" baseTableName="network_site" constraintName="FK_ns130520164" deferrable="false" initiallyDeferred="false" onDelete="NO ACTION" onUpdate="NO ACTION" referencedColumnNames="id" referencedTableName="site" referencesUniqueColumn="false"/>
    </changeSet>
    <changeSet author="srikanth.manuri" id="nc-05132016-5">
        <createIndex tableName="network_site" indexName="idx_networkConfigSite" unique="true">
            <column name="network_configuration_id"/>
            <column name="site_id"/>
        </createIndex>
    </changeSet>

    <changeSet author="srikanth.manuri" id="nc-05132016-6">
        <modifyDataType columnName="name" newDataType="VARCHAR(255)" tableName="network_configuration"/>
    </changeSet>

    <changeSet author="srikanth.manuri" id="nc-05132016-7">
        <createIndex tableName="network_configuration" indexName="idx_networkCfg" unique="true">
           <column name="name"/>
        </createIndex>
    </changeSet>
</databaseChangeLog>
