<?xml version="1.0" encoding="UTF-8" standalone="no"?>
<databaseChangeLog xmlns="http://www.liquibase.org/xml/ns/dbchangelog" xmlns:xsi="http://www.w3.org/2001/XMLSchema-instance" xsi:schemaLocation="http://www.liquibase.org/xml/ns/dbchangelog http://www.liquibase.org/xml/ns/dbchangelog/dbchangelog-2.0.xsd">
    <changeSet author="sureshreddy.guntaka" id="nyx-site-fix-1">
        <addColumn tableName="site">
            <column name="nyx_game_server_url" type="VARCHAR(255)">
                <constraints nullable="true"/>
            </column>
        </addColumn>
        <addColumn tableName="site">
            <column name="nyx_operator_id" type="VARCHAR(255)">
                <constraints nullable="true"/>
            </column>
        </addColumn>
        <addColumn tableName="site">
            <column name="default_locale" type="VARCHAR(255)">
                <constraints nullable="true"/>
            </column>
        </addColumn>
        <addColumn tableName="site">
            <column name="nyx_game_mode" type="VARCHAR(255)">
                <constraints nullable="true"/>
            </column>
        </addColumn>
        <addColumn tableName="site">
            <column name="nyx_client_type" type="VARCHAR(255)">
                <constraints nullable="true"/>
            </column>
        </addColumn>
    </changeSet>
</databaseChangeLog>