<?xml version="1.0" encoding="UTF-8" standalone="no"?>
<databaseChangeLog xmlns="http://www.liquibase.org/xml/ns/dbchangelog" xmlns:xsi="http://www.w3.org/2001/XMLSchema-instance" xsi:schemaLocation="http://www.liquibase.org/xml/ns/dbchangelog http://www.liquibase.org/xml/ns/dbchangelog/dbchangelog-2.0.xsd">
     <changeSet author="chaitanya" id="12302015559-1">
	    <validCheckSum>any</validCheckSum>		
        <sqlFile relativeToChangelogFile="true" path="sql//operatorlimits//operatorlimits_data_migration.sql" endDelimiter="/"/>
    </changeSet>
	<changeSet author="chaitanya" id="12302015558-2" >
        <sql>call OPERATOR_LIMITS_MERGE();</sql>
    </changeSet>
</databaseChangeLog>
