<?xml version="1.0" encoding="UTF-8" standalone="no"?>
<databaseChangeLog xmlns="http://www.liquibase.org/xml/ns/dbchangelog" xmlns:xsi="http://www.w3.org/2001/XMLSchema-instance" xsi:schemaLocation="http://www.liquibase.org/xml/ns/dbchangelog http://www.liquibase.org/xml/ns/dbchangelog/dbchangelog-2.0.xsd">

   <changeSet author="chaitanya" id="12072015-1">
        <createTable tableName="operator_currency_limits">
            <column autoIncrement="true" name="id" type="BIGINT">
                <constraints nullable="false" primaryKey="true"/>
            </column>
            <column name="currency_id" type="BIGINT">
                <constraints nullable="false"/>
            </column>
            <column name="operator_id" type="BIGINT">
                <constraints nullable="true"/>
            </column>
			<column name="position" type="BIGINT">
                <constraints nullable="true"/>
            </column>
            <column name="credit_limit" type="DECIMAL(19,2)">
                <constraints nullable="true"/>
            </column>
            <column name="credit_limit_cap_foraday" type="DECIMAL(19,2)">
                <constraints nullable="true"/>
            </column>
            <column name="debit_limit" type="DECIMAL(19,2)">
                <constraints nullable="true"/>
            </column>
            <column name="debit_limit_cap_foraday" type="DECIMAL(19,2)">
                <constraints nullable="true"/>
            </column>
        </createTable>
    </changeSet>
	 <changeSet author="chaitanya" id="12072015-2">
        <addForeignKeyConstraint baseColumnNames="currency_id" baseTableName="operator_currency_limits" constraintName="FK_operLimir72892" deferrable="false" initiallyDeferred="false" onDelete="NO ACTION" onUpdate="NO ACTION" referencedColumnNames="id" referencedTableName="currency" referencesUniqueColumn="false"/>
    </changeSet>
	<changeSet author="chaitanya" id="12072015-3">
        <addForeignKeyConstraint baseColumnNames="operator_id" baseTableName="operator_currency_limits" constraintName="FK_operLimir72893" deferrable="false" initiallyDeferred="false" onDelete="NO ACTION" onUpdate="NO ACTION" referencedColumnNames="id" referencedTableName="operator" referencesUniqueColumn="false"/>
    </changeSet>
</databaseChangeLog>