<?xml version="1.0" encoding="UTF-8" standalone="no"?>
<databaseChangeLog xmlns="http://www.liquibase.org/xml/ns/dbchangelog" xmlns:xsi="http://www.w3.org/2001/XMLSchema-instance" xsi:schemaLocation="http://www.liquibase.org/xml/ns/dbchangelog http://www.liquibase.org/xml/ns/dbchangelog/dbchangelog-2.0.xsd">
    <changeSet author="veerendranath.kommisetty" id="operator-manual-adj-amnt-06102016-1">
        <createTable tableName="operator_manual_adj_amount">
            <column autoIncrement="true" name="id" type="BIGINT">
                <constraints nullable="false" primaryKey="true"/>
            </column>
            <column name="operator_id" type="BIGINT">
                <constraints nullable="false"/>
            </column>
            <column name="currency_id" type="BIGINT">
                <constraints nullable="false"/>
            </column>
            <column name="credit_per_day" type="DECIMAL(19,8)">
                <constraints nullable="false"/>
            </column>
            <column name="debit_per_day" type="DECIMAL(19,8)">
                <constraints nullable="false"/>
            </column>
            <column name="last_updated" type="DATETIME">
                <constraints nullable="false"/>
            </column>
            <column name="version" type="BIGINT">
                <constraints nullable="false"/>
            </column>
        </createTable>
    </changeSet>
    <changeSet author="veerendranath.kommisetty" id="operator-manual-adj-amnt-06102016-2">
        <addForeignKeyConstraint constraintName="FK_operator_id" referencedTableName="operator" referencedColumnNames="id" baseColumnNames="operator_id" baseTableName="operator_manual_adj_amount"/>
        <addForeignKeyConstraint constraintName="FK_currency_id" referencedTableName="currency" referencedColumnNames="id" baseColumnNames="currency_id" baseTableName="operator_manual_adj_amount"/>
    </changeSet>
</databaseChangeLog>