<?xml version="1.0" encoding="UTF-8" standalone="no"?>
<databaseChangeLog xmlns="http://www.liquibase.org/xml/ns/dbchangelog" xmlns:xsi="http://www.w3.org/2001/XMLSchema-instance" xsi:schemaLocation="http://www.liquibase.org/xml/ns/dbchangelog http://www.liquibase.org/xml/ns/dbchangelog/dbchangelog-2.0.xsd">
    <changeSet author="sureshreddy.guntaka" id="payments-fix-2-1">
        <addColumn tableName="player_extra">
            <column name="deposit_count" type="BIGINT">
                <constraints nullable="true"/>
            </column>
        </addColumn>
    </changeSet>
    <changeSet author="sureshreddy.guntaka" id="payments-fix-2-2">
        <createTable tableName="card_detail">
            <column autoIncrement="true" name="id" type="BIGINT">
                <constraints nullable="false" primaryKey="true"/>
            </column>
            <column name="version" type="BIGINT">
                <constraints nullable="true"/>
            </column>
            <column name="card_holder_name" type="VARCHAR(255)">
                <constraints nullable="true"/>
            </column>
            <column name="card_number" type="VARCHAR(255)">
                <constraints nullable="true"/>
            </column>
            <column name="card_number_token" type="VARCHAR(255)">
                <constraints nullable="true"/>
            </column>
            <column name="card_type" type="VARCHAR(255)">
                <constraints nullable="true"/>
            </column>
            <column name="issuer_bank" type="VARCHAR(255)">
                <constraints nullable="true"/>
            </column>
            <column name="issuer_country" type="VARCHAR(255)">
                <constraints nullable="true"/>
            </column>
        </createTable>
    </changeSet>
    <changeSet author="sureshreddy.guntaka" id="payments-fix-2-3">
        <addColumn tableName="payment_record">
            <column name="card_detail_id" type="BIGINT">
                <constraints nullable="true"/>
            </column>
        </addColumn>
    </changeSet>
    <changeSet author="sureshreddy.guntaka" id="payments-fix-2-4">
        <addForeignKeyConstraint baseColumnNames="card_detail_id" baseTableName="payment_record"  constraintName="FK_8nwtlfe8t10ue1eao7m5l6tjm" deferrable="false" initiallyDeferred="false" onDelete="NO ACTION" onUpdate="NO ACTION" referencedColumnNames="id" referencedTableName="card_detail" referencesUniqueColumn="false"/>
    </changeSet>
</databaseChangeLog>