<?xml version="1.0" encoding="UTF-8" standalone="no"?>
<databaseChangeLog xmlns="http://www.liquibase.org/xml/ns/dbchangelog" xmlns:xsi="http://www.w3.org/2001/XMLSchema-instance" xsi:schemaLocation="http://www.liquibase.org/xml/ns/dbchangelog http://www.liquibase.org/xml/ns/dbchangelog/dbchangelog-2.0.xsd">
    <changeSet author="sureshreddy.guntaka" id="payments-baseline-1">
        <addColumn tableName="payment_record">
            <column name="is_completed" type="BIT"/>
        </addColumn>
        <addColumn tableName="payment_record">
            <column name="completed_at" type="DATETIME"/>
        </addColumn>
    </changeSet>
</databaseChangeLog>