<?xml version="1.0" encoding="UTF-8" standalone="no"?>
<databaseChangeLog xmlns="http://www.liquibase.org/xml/ns/dbchangelog" xmlns:xsi="http://www.w3.org/2001/XMLSchema-instance" xsi:schemaLocation="http://www.liquibase.org/xml/ns/dbchangelog http://www.liquibase.org/xml/ns/dbchangelog/dbchangelog-2.0.xsd">
    <changeSet author="sureshreddy.guntaka" id="payments-fix-1">
        <addColumn tableName="payment_record">
            <column name="payment_method_id" type="BIGINT">
                <constraints nullable="true"/>
            </column>
        </addColumn>
        <addColumn tableName="payment_record">
            <column name="payment_record_id" type="BIGINT">
                <constraints nullable="true"/>
            </column>
        </addColumn>
        <addColumn tableName="payment_record">
            <column name="pay_frex_txn_id" type="VARCHAR(255)">
                <constraints nullable="true"/>
            </column>
        </addColumn>
        <addColumn tableName="payment_record">
            <column name="pay_sol_txn_id" type="VARCHAR(255)">
                <constraints nullable="true"/>
            </column>
        </addColumn>
        <addColumn tableName="payment_record">
            <column name="payment_details" type="VARCHAR(1000)">
                <constraints nullable="true"/>
            </column>
        </addColumn>
        <addColumn tableName="payment_record">
            <column name="work_flow_response" type="VARCHAR(1000)">
                <constraints nullable="true"/>
            </column>
        </addColumn>
    </changeSet>
    <changeSet author="sureshreddy.guntaka" id="payments-fix-2">
        <addForeignKeyConstraint baseColumnNames="payment_method_id" baseTableName="payment_record"  constraintName="FK_9ytp2h44eckw2wmh2c3khm9wr" deferrable="false" initiallyDeferred="false" onDelete="NO ACTION" onUpdate="NO ACTION" referencedColumnNames="id" referencedTableName="payment_method" referencesUniqueColumn="false"/>
    </changeSet>
    <changeSet author="sureshreddy.guntaka" id="payments-fix-3">
        <addForeignKeyConstraint baseColumnNames="payment_record_id" baseTableName="payment_record"  constraintName="FK_bi2f4yto7mns04uot4hq0ht8r" deferrable="false" initiallyDeferred="false" onDelete="NO ACTION" onUpdate="NO ACTION" referencedColumnNames="id" referencedTableName="payment_record" referencesUniqueColumn="false"/>
    </changeSet>
</databaseChangeLog>