<?xml version="1.0" encoding="UTF-8" standalone="no"?>
<databaseChangeLog xmlns="http://www.liquibase.org/xml/ns/dbchangelog" xmlns:xsi="http://www.w3.org/2001/XMLSchema-instance" xsi:schemaLocation="http://www.liquibase.org/xml/ns/dbchangelog http://www.liquibase.org/xml/ns/dbchangelog/dbchangelog-2.0.xsd">
    
    <changeSet author="srikanth.manuri" id="player-bonus-2">
        <addColumn tableName="player_bonus">
           <column name="last_updated" type="DATETIME">
                <constraints nullable="true"/>
            </column>
        </addColumn>
        <addColumn tableName="player_bonus">
             <column name="created_by_id" type="BIGINT">
             	 <constraints nullable="true"/>
             </column>
        </addColumn>
        <addColumn tableName="player_bonus">
             <column name="last_edited_by_id" type="BIGINT">
              	<constraints nullable="true"/>
             </column>
        </addColumn>
        
        <dropColumn columnName="active" tableName="player_bonus"/>
        
        <renameColumn columnDataType="varchar(1024)" newColumnName="player_description"   oldColumnName="name"        tableName="player_bonus"/>
        <renameColumn columnDataType="varchar(4096)" newColumnName="internal_description" oldColumnName="description" tableName="player_bonus"/>
        
        <addForeignKeyConstraint constraintName="FK_player_bonus_created_by" referencedTableName="operator" baseColumnNames="created_by_id" baseTableName="player_bonus" referencedColumnNames="id"/>
        <addForeignKeyConstraint constraintName="FK_player_bonus_lated_edited_by" referencedTableName="operator" baseColumnNames="last_edited_by_id" baseTableName="player_bonus" referencedColumnNames="id"/>
        
        <addNotNullConstraint columnDataType="BIGINT" columnName="bonus_id"  tableName="player_bonus"/>
        <addNotNullConstraint columnDataType="varchar(1024)" columnName="player_description" tableName="player_bonus"/>
        <addNotNullConstraint columnDataType="varchar(4096)" columnName="internal_Description" tableName="player_bonus"/>
    </changeSet>
</databaseChangeLog>