<?xml version="1.0" encoding="UTF-8" standalone="no"?>
<databaseChangeLog xmlns="http://www.liquibase.org/xml/ns/dbchangelog" xmlns:xsi="http://www.w3.org/2001/XMLSchema-instance" xsi:schemaLocation="http://www.liquibase.org/xml/ns/dbchangelog http://www.liquibase.org/xml/ns/dbchangelog/dbchangelog-2.0.xsd">

    <changeSet author="rajendra.bayana" id="loyaltyaccount-03072016-3" context="UK">
    	<validCheckSum>any</validCheckSum>
        <sqlFile relativeToChangelogFile="true" path="sql//loyalty-account//loyalty_account_creation.sql"  endDelimiter="/"/>
    </changeSet>
    <changeSet author="rajendra.bayana" id="loyaltyaccount-03072016-4" context="UK">
        <validCheckSum>any</validCheckSum>
        <sql>call LOYALTY_ACCOUNT_CREATION();</sql>
    </changeSet>
</databaseChangeLog>