<?xml version="1.0" encoding="UTF-8" standalone="no"?>
<databaseChangeLog xmlns="http://www.liquibase.org/xml/ns/dbchangelog" xmlns:xsi="http://www.w3.org/2001/XMLSchema-instance" xsi:schemaLocation="http://www.liquibase.org/xml/ns/dbchangelog http://www.liquibase.org/xml/ns/dbchangelog/dbchangelog-2.0.xsd">
    <changeSet author="veerendranath.kommisetty" id="player-extra-kyc-04272016-1">
        <createTable tableName="match_code">
            <column autoIncrement="true" name="id" type="BIGINT">
                <constraints nullable="false" primaryKey="true"/>
            </column>
            <column name="code" type="INT(255)">
                <constraints nullable="false" unique="true"/>
            </column>
            <column name="description" type="VARCHAR(255)">
                <constraints nullable="false"/>
            </column>
            <column name="version" type="BIGINT">
                <constraints nullable="false"/>
            </column>
        </createTable>
    </changeSet>
    <changeSet author="veerendranath.kommisetty" id="player-extra-kyc-04272016-2">
        <sqlFile relativeToChangelogFile="true" path="sql//player//match_code.sql" />
    </changeSet>
    <changeSet author="veerendranath.kommisetty" id="player-extra-kyc-04272016-3">
    <addColumn tableName="player_extra">
        <column name="kyc_match_description" type="VARCHAR(255)">
            <constraints nullable="true"/>
        </column>
    </addColumn>
</changeSet>
</databaseChangeLog>