<?xml version="1.0" encoding="UTF-8" standalone="no"?>
<databaseChangeLog xmlns="http://www.liquibase.org/xml/ns/dbchangelog" xmlns:xsi="http://www.w3.org/2001/XMLSchema-instance" xsi:schemaLocation="http://www.liquibase.org/xml/ns/dbchangelog http://www.liquibase.org/xml/ns/dbchangelog/dbchangelog-2.0.xsd">

    <changeSet author="rajendra.bayana" id="player-deposit-limits-1">
       <createTable tableName="player_deposit_limits">
            <column autoIncrement="true" name="id" type="BIGINT">
                <constraints nullable="false" primaryKey="true"/>
            </column>
             <column name="version" type="BIGINT">
                <constraints nullable="false"/>
            </column>                        
                       
            <column name="daily_limit" type="DECIMAL(19,8)"/>
            <column name="weekly_limit" type="DECIMAL(19,8)"/>
            <column name="monthly_limit" type="DECIMAL(19,8)"/>
            
            <column name="pending_daily_limit" type="DECIMAL(19,8)"/>
            <column name="pending_weekly_limit" type="DECIMAL(19,8)"/>
            <column name="pending_monthly_limit" type="DECIMAL(19,8)"/>
            
            <column name="daily_requested_date" type="DATETIME"/>
            <column name="weekly_requested_date" type="DATETIME"/>
            <column name="monthly_requested_date" type="DATETIME"/>
            
            <column name="pending_daily_requested_date" type="DATETIME"/>
            <column name="pending_weekly_requested_date" type="DATETIME"/>
            <column name="pending_monthly_requested_date" type="DATETIME"/>
            
            <column name="pending_daily_activation_date" type="DATETIME"/>
            <column name="pending_weekly_activation_date" type="DATETIME"/>
            <column name="pending_monthly_activation_date" type="DATETIME"/>
        </createTable>
    </changeSet>
    <changeSet author="rajendra.bayana" id="player-deposit-limits-2">
    	<addColumn tableName="player">
            <column name="player_deposit_limits_id" type="BIGINT" />
        </addColumn>
    </changeSet>
</databaseChangeLog>