<?xml version="1.0" encoding="UTF-8" standalone="no"?>
<databaseChangeLog xmlns="http://www.liquibase.org/xml/ns/dbchangelog" xmlns:xsi="http://www.w3.org/2001/XMLSchema-instance" xsi:schemaLocation="http://www.liquibase.org/xml/ns/dbchangelog http://www.liquibase.org/xml/ns/dbchangelog/dbchangelog-2.0.xsd">
    <changeSet author="rajendra.bayana" id="playerfreerounds-07072016-1">
        <createTable tableName="player_free_rounds">
            <column autoIncrement="true" name="id" type="BIGINT">
                <constraints nullable="false" primaryKey="true"/>
            </column>
            <column name="bonus_id" type="BIGINT">
                <constraints nullable="true"/>
            </column>
            <column name="no_of_free_rounds" type="BIGINT" >
                <constraints nullable="false"/>
            </column>
            <column name="awarded_on" type="DATETIME">
                <constraints nullable="false"/>
            </column>
            <column name="player_id" type="BIGINT">
                <constraints nullable="false"/>
            </column>
        </createTable>
    </changeSet>
    <changeSet author="rajendra.bayana" id="playerfreerounds-07072016-2">
        <addForeignKeyConstraint baseColumnNames="bonus_id" baseTableName="player_free_rounds" constraintName="FK_playerfreeroundsbonus0707" deferrable="false" initiallyDeferred="false" onDelete="NO ACTION" onUpdate="NO ACTION" referencedColumnNames="id" referencedTableName="bonus" referencesUniqueColumn="false"/>
    </changeSet>
    <changeSet author="rajendra.bayana" id="playerfreerounds-07072016-3">
        <addForeignKeyConstraint baseColumnNames="player_id" baseTableName="player_free_rounds" constraintName="FK_playerfreeroundsplayer0707" deferrable="false" initiallyDeferred="false" onDelete="NO ACTION" onUpdate="NO ACTION" referencedColumnNames="id" referencedTableName="player" referencesUniqueColumn="false"/>
    </changeSet>
</databaseChangeLog>
