<?xml version="1.0" encoding="UTF-8" standalone="no"?>
<databaseChangeLog xmlns="http://www.liquibase.org/xml/ns/dbchangelog" xmlns:xsi="http://www.w3.org/2001/XMLSchema-instance" xsi:schemaLocation="http://www.liquibase.org/xml/ns/dbchangelog http://www.liquibase.org/xml/ns/dbchangelog/dbchangelog-2.0.xsd">
   <changeSet author="rajendra.bayana" id="02082016-5">        
        <createTable tableName="player_loyalty_points_history">
            <column autoIncrement="true" name="id" type="BIGINT">
                <constraints nullable="false" primaryKey="true"/>
            </column>
            <column name="player_id" type="BIGINT">
                <constraints nullable="false"/>
            </column>
            <column name="points_awarded" type="DECIMAL(19,8)">
                <constraints nullable="true"/>
            </column>
            <column name="total_points" type="DECIMAL(19,8)">
                <constraints nullable="true"/>
            </column>
            <column name="loyalty_program_id" type="BIGINT">
                <constraints nullable="false"/>
            </column>
            <column name="game_round_id" type="BIGINT">
                <constraints nullable="false"/>
            </column>
            <column name="external_transaction_id" type="varchar(256)">
                <constraints nullable="false"/>
            </column> 
            <column name="awarded_on" type="DATETIME">
                <constraints nullable="false"/>
            </column>                        		
        </createTable>
    </changeSet>	
	<changeSet author="rajendra.bayana" id="02082016-6">
        <addForeignKeyConstraint baseColumnNames="player_id" baseTableName="player_loyalty_points_history" constraintName="FK_loyaltyhistory_player" deferrable="false" initiallyDeferred="false" onDelete="NO ACTION" onUpdate="NO ACTION" referencedColumnNames="id" referencedTableName="player" referencesUniqueColumn="false"/>
    </changeSet>
	<changeSet author="rajendra.bayana" id="02082016-7">
        <addForeignKeyConstraint baseColumnNames="loyalty_program_id" baseTableName="player_loyalty_points_history" constraintName="FK_loyaltyhistory_loyaltyprogram" deferrable="false" initiallyDeferred="false" onDelete="NO ACTION" onUpdate="NO ACTION" referencedColumnNames="id" referencedTableName="loyalty_program" referencesUniqueColumn="false"/>
    </changeSet>
    <changeSet author="rajendra.bayana" id="02082016-8">
        <addForeignKeyConstraint baseColumnNames="game_round_id" baseTableName="player_loyalty_points_history" constraintName="FK_loyaltyhistory_gameround" deferrable="false" initiallyDeferred="false" onDelete="NO ACTION" onUpdate="NO ACTION" referencedColumnNames="id" referencedTableName="game_round" referencesUniqueColumn="false"/>
    </changeSet>     
</databaseChangeLog>
