<?xml version="1.0" encoding="UTF-8" standalone="no"?>
<databaseChangeLog xmlns="http://www.liquibase.org/xml/ns/dbchangelog" xmlns:xsi="http://www.w3.org/2001/XMLSchema-instance" xsi:schemaLocation="http://www.liquibase.org/xml/ns/dbchangelog http://www.liquibase.org/xml/ns/dbchangelog/dbchangelog-2.0.xsd">
    <changeSet author="srikanth.manuri" id="player-withdraw-settings-1">
        <validCheckSum>any</validCheckSum>
        <createTable tableName="player_withdraw_settings">
            <column autoIncrement="true" name="id" type="BIGINT">
                <constraints nullable="false" primaryKey="true"/>
            </column>
            <column name="is_allowed" type="BIT" defaultValueBoolean="true">
                 <constraints nullable="false"/>
            </column>
            <column name="player_daily_limit" type="DECIMAL(19,2)" />
            <column name="player_monthly_limit" type="DECIMAL(19,2)" />
            <column name="withdrawals_per_day" type="INT(11)" />
            <column name="player_id" type="BIGINT" >
                <constraints nullable="false"/>
            </column>
            <column name="version" type="BIGINT">
                <constraints nullable="false"/>
            </column>
        </createTable>
    </changeSet>
    <changeSet author="srikanth.manuri" id="player-withdraw-settings-2">
        <comment>updating existing player extra with true</comment>
        <sql>
            update player_extra set is_allowed = true;
        </sql>
    </changeSet>
    <changeSet author="srikanth.manuri" id="player-withdraw-settings-3">
        <dropColumn tableName="player_extra" columnName="is_allowed"/>
        <dropColumn tableName="player_extra" columnName="player_daily_limit"/>
        <dropColumn tableName="player_extra" columnName="player_monthly_limit"/>
        <dropColumn tableName="player_extra" columnName="no_of_withdrawal_day"/>
    </changeSet>

    <changeSet author="srikanth.manuri" id="player-withdraw-settings-4">
        <dropColumn tableName="player_extra" columnName="last_withdraw_amount"/>
        <addColumn tableName="player_extra">
            <column name="withdraw_count_week" type="BIGINT(20)" />
        </addColumn>
        <addColumn tableName="player_extra">
            <column name="withdraw_count_month" type="BIGINT(20)" />
        </addColumn>
    </changeSet>
    <changeSet author="srikanth.manuri" id="player-withdraw-settings-5">
    <addForeignKeyConstraint constraintName="FK_pws_player_id" referencedTableName="player" referencedColumnNames="id" baseColumnNames="player_id" baseTableName="player_withdraw_settings"/>
    </changeSet>
    <changeSet author="srikanth.manuri" id="player-withdraw-settings-6">
        <comment>updating existing player extra with default values</comment>
        <sql>
            update player_extra set total_withdraw_amount_day = 0.00 where total_withdraw_amount_day is null;
            update player_extra set total_withdraw_amount_week = 0.00 where total_withdraw_amount_week is null;
            update player_extra set total_withdraw_amount_month = 0.00 where total_withdraw_amount_month is null;
            update player_extra set withdraw_count = 0 where withdraw_count is null;
            update player_extra set withdraw_count_today = 0 where withdraw_count_today is null;
            update player_extra set withdraw_count_week = 0 where withdraw_count_week is null;
            update player_extra set withdraw_count_month = 0 where withdraw_count_month is null;
        </sql>
    </changeSet>
</databaseChangeLog>
