<?xml version="1.0" encoding="UTF-8" standalone="no"?>
<databaseChangeLog xmlns="http://www.liquibase.org/xml/ns/dbchangelog" xmlns:xsi="http://www.w3.org/2001/XMLSchema-instance" xsi:schemaLocation="http://www.liquibase.org/xml/ns/dbchangelog http://www.liquibase.org/xml/ns/dbchangelog/dbchangelog-2.0.xsd">
    <changeSet author="hobbss (generated)" id="1438953281589-1">
        <addColumn tableName="player">
            <column name="platform_tag" type="VARCHAR(255)"/>
        </addColumn>
    </changeSet>
    <changeSet author="hobbss (generated)" id="1438953281589-2">
        <addColumn tableName="player">
            <column name="terms_and_conditions_version" type="INT">
                <constraints nullable="false"/>
            </column>
        </addColumn>
    </changeSet>
    <changeSet author="hobbss (generated)" id="1438953281589-3">
        <modifyDataType columnName="user_name" newDataType="VARCHAR(100)" tableName="player"/>
    </changeSet>
</databaseChangeLog>
