<?xml version="1.0" encoding="UTF-8" standalone="no"?>
<databaseChangeLog xmlns="http://www.liquibase.org/xml/ns/dbchangelog" xmlns:xsi="http://www.w3.org/2001/XMLSchema-instance" xsi:schemaLocation="http://www.liquibase.org/xml/ns/dbchangelog http://www.liquibase.org/xml/ns/dbchangelog/dbchangelog-2.0.xsd">

    <changeSet author="rajendra.bayana" id="playerdepositlimits-1" >
    	<validCheckSum>any</validCheckSum>
        <sqlFile relativeToChangelogFile="true" path="sql//deposit_limits//depositlimits_data_migration.sql"  endDelimiter="/"/>
    </changeSet>
    <changeSet author="rajendra.bayana" id="player-deposit-limits-02152016-1">
    	<modifyDataType columnName="daily_limit" newDataType="decimal(19,2)" tableName="player_deposit_limits"/>
    	<modifyDataType columnName="weekly_limit" newDataType="decimal(19,2)" tableName="player_deposit_limits"/>
    	<modifyDataType columnName="monthly_limit" newDataType="decimal(19,2)" tableName="player_deposit_limits"/>
    	<modifyDataType columnName="pending_daily_limit" newDataType="decimal(19,2)" tableName="player_deposit_limits"/>
    	<modifyDataType columnName="pending_weekly_limit" newDataType="decimal(19,2)" tableName="player_deposit_limits"/>
    	<modifyDataType columnName="pending_monthly_limit" newDataType="decimal(19,2)" tableName="player_deposit_limits"/>
    </changeSet>
    <changeSet author="rajendra.bayana" id="playerdepositlimits-2" >
        <sql>call depositlimit_data_merge();</sql>
    </changeSet>
</databaseChangeLog>