<?xml version="1.0" encoding="UTF-8" standalone="no"?>
<databaseChangeLog xmlns="http://www.liquibase.org/xml/ns/dbchangelog" xmlns:xsi="http://www.w3.org/2001/XMLSchema-instance" xsi:schemaLocation="http://www.liquibase.org/xml/ns/dbchangelog http://www.liquibase.org/xml/ns/dbchangelog/dbchangelog-2.0.xsd">

    <changeSet author="srikanth.manuri" id="player-bonus-baseline-3">
       <addColumn tableName="player_bonus">
        	<column name="in_game" type="BIT">
                <constraints nullable="false"/>
        	</column>
       </addColumn>
    </changeSet>
    
     <changeSet id="player_bonus_game_round_map_create" author="srikanth.manuri">
        <comment>player bonus game round map create</comment>
        <sqlFile relativeToChangelogFile="true" path="sql//player_bonus_game_round_map//create.sql" />
    </changeSet>

</databaseChangeLog>