<?xml version="1.0" encoding="UTF-8" standalone="no"?>
<databaseChangeLog xmlns="http://www.liquibase.org/xml/ns/dbchangelog" xmlns:xsi="http://www.w3.org/2001/XMLSchema-instance" xsi:schemaLocation="http://www.liquibase.org/xml/ns/dbchangelog http://www.liquibase.org/xml/ns/dbchangelog/dbchangelog-2.0.xsd">
    <changeSet author="rajendra.bayana" id="player-reactivate-flag-07122016-1">
        <addColumn tableName="player">
            <column name="reactivate" type="boolean" />
        </addColumn>
    </changeSet>
    <changeSet author="rajendra.bayana" id="player-reactivate-flag-07122016-2">
        <addDefaultValue
                columnDataType="BIT"
                columnName="reactivate"
                defaultValueBoolean="false"
                tableName="player"
        />
    </changeSet>
    <changeSet author="rajendra.bayana" id="player-reactivate-flag-07122016-3">
        <comment>updating existing players with default value(false)</comment>
        <sql>
            update player set reactivate=0 where reactivate is null;
        </sql>
    </changeSet>
</databaseChangeLog>