<?xml version="1.0" encoding="UTF-8" standalone="no"?>
<databaseChangeLog xmlns="http://www.liquibase.org/xml/ns/dbchangelog" xmlns:xsi="http://www.w3.org/2001/XMLSchema-instance" xsi:schemaLocation="http://www.liquibase.org/xml/ns/dbchangelog http://www.liquibase.org/xml/ns/dbchangelog/dbchangelog-2.0.xsd">
    <changeSet author="vasavi.kakumanu" id="07062016-1">
        <addColumn tableName="player_extra">
            <column name="is_allowed" type="BIT" />
        </addColumn>
    </changeSet>
    <changeSet author="vasavi.kakumanu" id="07062016-2">
        <addColumn tableName="player_extra">
            <column name="no_of_withdrawal_day" type="INT(11)" />
        </addColumn>
    </changeSet>
    <changeSet author="vasavi.kakumanu" id="07062016-3">
        <addColumn tableName="player_extra">
            <column name="player_daily_limit" type="DECIMAL(19,2)" />
        </addColumn>
    </changeSet>
    <changeSet author="vasavi.kakumanu" id="07062016-4">
        <addColumn tableName="player_extra">
            <column name="player_monthly_limit" type="DECIMAL(19,2)" />
        </addColumn>
    </changeSet>
    <changeSet author="vasavi.kakumanu" id="07062016-5">
        <comment>updating existing player extra with true</comment>
        <sql>
            update player_extra set is_allowed = true;
        </sql>
    </changeSet>
</databaseChangeLog>
