<?xml version="1.0" encoding="UTF-8" standalone="no"?>
<databaseChangeLog xmlns="http://www.liquibase.org/xml/ns/dbchangelog" xmlns:xsi="http://www.w3.org/2001/XMLSchema-instance" xsi:schemaLocation="http://www.liquibase.org/xml/ns/dbchangelog http://www.liquibase.org/xml/ns/dbchangelog/dbchangelog-2.0.xsd">
    
    <changeSet author="srikanth.manuri" id="player-bonus-1">
        <addColumn tableName="player_bonus">
            <column name="max_payout" type="DECIMAL(19,2)"/>
        </addColumn>
        <addColumn tableName="player_bonus">
            <column name="play_through_required" type="DECIMAL(19,2)"/>
        </addColumn>
        <addColumn tableName="player_bonus">
            <column name="play_through_reached" type="DECIMAL(19,2)"/>
        </addColumn>
        <addColumn tableName="player_bonus">
            <column name="bonus_id" type="BIGINT"/>
        </addColumn>
         <addColumn tableName="player_bonus">
            <column name="name" type="VARCHAR(50)"/>
        </addColumn>
        <addForeignKeyConstraint constraintName="FK_player_bonus_id" referencedTableName="bonus" baseColumnNames="bonus_id" baseTableName="player_bonus" referencedColumnNames="id"/>
    </changeSet>
</databaseChangeLog>