<?xml version="1.0" encoding="UTF-8" standalone="no"?>
<databaseChangeLog xmlns="http://www.liquibase.org/xml/ns/dbchangelog" xmlns:xsi="http://www.w3.org/2001/XMLSchema-instance" xsi:schemaLocation="http://www.liquibase.org/xml/ns/dbchangelog http://www.liquibase.org/xml/ns/dbchangelog/dbchangelog-2.0.xsd">
    <changeSet author="srikanth.manuri" id="playerExtra-totalDepositAmt-1">
        <addColumn tableName="player_extra">
            <column name="total_deposit_amount" type="DECIMAL(19,8)"/>
        </addColumn>
        <addDefaultValue tableName="player_extra" columnName="total_deposit_amount" columnDataType="DECIMAL(19,8)" defaultValueNumeric="0" />
    </changeSet>
    <changeSet author="srikanth.manuri" id="playerExtra-totalDepositAmt-2">
        <comment>updating total deposit amount with ZERO</comment>
        <sql>
            update player_extra set total_deposit_amount=0;
        </sql>
        <addNotNullConstraint tableName="player_extra" columnName="total_deposit_amount" columnDataType="DECIMAL(19,8)" />
    </changeSet>
</databaseChangeLog>