<?xml version="1.0" encoding="UTF-8" standalone="no"?>
<databaseChangeLog xmlns="http://www.liquibase.org/xml/ns/dbchangelog" xmlns:xsi="http://www.w3.org/2001/XMLSchema-instance" xsi:schemaLocation="http://www.liquibase.org/xml/ns/dbchangelog http://www.liquibase.org/xml/ns/dbchangelog/dbchangelog-2.0.xsd">
    <changeSet author="rajendra.bayana" id="player-extra-05122016-1">
	<addDefaultValue
      		columnDataType="BIT"
            columnName="welcome_bonus_awarded"
            defaultValueBoolean="false"            
            tableName="player_extra"
      />      
     </changeSet>
     <changeSet author="ramesh.padma" id="player-extra-05122016-2">
        <comment>updating existing records with default value(false)</comment>
        <sql>
            update player_extra set welcome_bonus_awarded=0 where welcome_bonus_awarded is null;
        </sql>   	
   </changeSet>
</databaseChangeLog>