<?xml version="1.0" encoding="UTF-8" standalone="no"?>
<databaseChangeLog xmlns="http://www.liquibase.org/xml/ns/dbchangelog" xmlns:xsi="http://www.w3.org/2001/XMLSchema-instance" xsi:schemaLocation="http://www.liquibase.org/xml/ns/dbchangelog http://www.liquibase.org/xml/ns/dbchangelog/dbchangelog-2.0.xsd">
   <changeSet author="srikanth.manuri" id="04122016-1">
        <createTable tableName="player_group">
            <column autoIncrement="true" name="id" type="BIGINT">
                <constraints nullable="false" primaryKey="true"/>
            </column>
            <column name="version" type="BIGINT">
                <constraints nullable="false"/>
            </column>
            <column name="name" type="VARCHAR(30)">
                <constraints nullable="false"/>
            </column>
            <column name="description" type="VARCHAR(255)">
                <constraints nullable="false"/>
            </column>
            <column name="site_id" type="BIGINT">
                <constraints nullable="false"/>
            </column>
            <column name="status" type="BIGINT">
                <constraints nullable="false"/>
            </column>
            <column name="date_created" type="DATETIME">
                <constraints nullable="false"/>
            </column>
            <column name="last_updated" type="DATETIME">
                <constraints nullable="true"/>
            </column>
            <column name="created_by_id" type="BIGINT">
                <constraints nullable="false"/>
            </column>
            <column name="last_edited_by_id" type="BIGINT"/>
        </createTable>
    </changeSet>
	 <changeSet author="srikanth.manuri" id="04122016-2">
        <createTable tableName="player_group_player">
            <column autoIncrement="true" name="id" type="BIGINT">
                <constraints nullable="false" primaryKey="true"/>
            </column>
            <column name="version" type="BIGINT">
                <constraints nullable="false"/>
            </column>
            <column name="player_group_id" type="BIGINT">
                <constraints nullable="false"/>
            </column>
            <column name="player_id" type="BIGINT">
                <constraints nullable="false"/>
            </column>
        </createTable>
    </changeSet>
    <changeSet author="srikanth.manuri" id="04122016-3">
        <addForeignKeyConstraint baseColumnNames="site_id" baseTableName="player_group" constraintName="FK_pgp041221063" deferrable="false" initiallyDeferred="false" onDelete="NO ACTION" onUpdate="NO ACTION" referencedColumnNames="id" referencedTableName="site" referencesUniqueColumn="false"/>
    </changeSet>
	 <changeSet author="srikanth.manuri" id="04122016-4">
        <addForeignKeyConstraint baseColumnNames="player_group_id" baseTableName="player_group_player" constraintName="FK_pgp041221064" deferrable="false" initiallyDeferred="false" onDelete="NO ACTION" onUpdate="NO ACTION" referencedColumnNames="id" referencedTableName="player_group" referencesUniqueColumn="false"/>
    </changeSet>
	<changeSet author="srikanth.manuri" id="04122016-5">
        <addForeignKeyConstraint baseColumnNames="player_id" baseTableName="player_group_player" constraintName="FK_pgp041220165" deferrable="false" initiallyDeferred="false" onDelete="NO ACTION" onUpdate="NO ACTION" referencedColumnNames="id" referencedTableName="player" referencesUniqueColumn="false"/>
    </changeSet>
    <changeSet author="srikanth.manuri" id="04122016-6">
        <createIndex tableName="player_group_player" indexName="idx_playerGrpPlayer" unique="true">
            <column name="player_group_id"/>
            <column name="player_id"/>
        </createIndex>
    </changeSet>

    <changeSet author="srikanth.manuri" id="04122016-7">
        <createIndex tableName="player_group" indexName="idx_playerGroup" unique="true">
            <column name="name"/>
            <column name="site_id"/>
        </createIndex>
    </changeSet>
</databaseChangeLog>
