<?xml version="1.0" encoding="UTF-8" standalone="no"?>
<databaseChangeLog xmlns="http://www.liquibase.org/xml/ns/dbchangelog" xmlns:xsi="http://www.w3.org/2001/XMLSchema-instance" xsi:schemaLocation="http://www.liquibase.org/xml/ns/dbchangelog http://www.liquibase.org/xml/ns/dbchangelog/dbchangelog-2.0.xsd">
   <changeSet author="rajendra.bayana" id="04212016-1">        
        <addColumn tableName="player_extra">
            <column name="welcome_mail_delivered" type="BIT" />
        </addColumn>
   </changeSet>
   <changeSet author="rajendra.bayana" id="04212016-3">     
        <comment>updating existing player extra with true</comment>
        <sql>
            update player_extra set welcome_mail_delivered = true;            
        </sql>   	
   </changeSet>   
</databaseChangeLog>
