<?xml version="1.0" encoding="UTF-8" standalone="no"?>
<databaseChangeLog xmlns="http://www.liquibase.org/xml/ns/dbchangelog" xmlns:xsi="http://www.w3.org/2001/XMLSchema-instance" xsi:schemaLocation="http://www.liquibase.org/xml/ns/dbchangelog http://www.liquibase.org/xml/ns/dbchangelog/dbchangelog-2.0.xsd">
    <changeSet author="vasavi.kakumanu" id="playerExtra-withdraw-08062016-1">
        <addColumn tableName="player_extra">
            <column name="withdraw_count" type="BIGINT(20)"/>
        </addColumn>
    </changeSet>
    <changeSet author="vasavi.kakumanu" id="playerExtra-withdraw-08062016-2">
        <addColumn tableName="player_extra">
            <column name="last_withdraw_at" type="DATE"/>
        </addColumn>
    </changeSet>
    <changeSet author="vasavi.kakumanu" id="playerExtra-withdraw-08062016-3">
        <addColumn tableName="player_extra">
            <column name="last_withdraw_amount" type="DECIMAL(19,2)" />
        </addColumn>
    </changeSet>
    <changeSet author="vasavi.kakumanu" id="playerExtra-withdraw-08062016-4">
        <addColumn tableName="player_extra">
            <column name="total_withdraw_amount_day" type="DECIMAL(19,2)" />
        </addColumn>
    </changeSet>
    <changeSet author="vasavi.kakumanu" id="playerExtra-withdraw-08062016-5">
        <addColumn tableName="player_extra">
            <column name="total_withdraw_amount_week" type="DECIMAL(19,2)" />
        </addColumn>
    </changeSet>
    <changeSet author="vasavi.kakumanu" id="playerExtra-withdraw-08062016-6">
        <addColumn tableName="player_extra">
            <column name="withdraw_count_today" type="BIGINT(20)" />
        </addColumn>
    </changeSet>
    <changeSet author="vasavi.kakumanu" id="playerExtra-withdraw-08062016-7">
        <addColumn tableName="player_extra">
            <column name="total_withdraw_amount_month" type="BIGINT(20)" />
        </addColumn>
    </changeSet>
</databaseChangeLog>
