<?xml version="1.0" encoding="UTF-8" standalone="no"?>
<databaseChangeLog xmlns="http://www.liquibase.org/xml/ns/dbchangelog" xmlns:xsi="http://www.w3.org/2001/XMLSchema-instance" xsi:schemaLocation="http://www.liquibase.org/xml/ns/dbchangelog http://www.liquibase.org/xml/ns/dbchangelog/dbchangelog-2.0.xsd">

    <changeSet author="rajendra.bayana" id="loyalty-history-03092016-1">
         <dropColumn columnName="external_transaction_id" tableName="player_loyalty_points_history"/>
    </changeSet>    
    <changeSet author="rajendra.bayana" id="loyalty-history-03092016-2">
        <addColumn tableName="player_loyalty_points_history">
            <column name="transaction_id" type="BIGINT">
            	<constraints nullable="false"/>
            </column>
        </addColumn>
    </changeSet>    
    <changeSet author="rajendra.bayana" id="loyalty-history-03092016-3">
        <addForeignKeyConstraint baseColumnNames="transaction_id" baseTableName="player_loyalty_points_history" constraintName="FK_loyaltyhistory_transaction" deferrable="false" initiallyDeferred="false" onDelete="NO ACTION" onUpdate="NO ACTION" referencedColumnNames="id" referencedTableName="transaction" referencesUniqueColumn="false"/>
    </changeSet>
</databaseChangeLog>