<?xml version="1.0" encoding="UTF-8" standalone="no"?>
<databaseChangeLog xmlns="http://www.liquibase.org/xml/ns/dbchangelog" xmlns:xsi="http://www.w3.org/2001/XMLSchema-instance" xsi:schemaLocation="http://www.liquibase.org/xml/ns/dbchangelog http://www.liquibase.org/xml/ns/dbchangelog/dbchangelog-2.0.xsd">

    <changeSet author="simon.hobbs" id="plugin-fix-1">
        <update tableName="PLUGIN">
            <column name="MODE" value="UK"/>
            <where>INTERNAL_NAME='BonusPlugin'</where>
        </update>
    </changeSet>

    <changeSet author="simon.hobbs" id="plugin-fix-2">
        <update tableName="PLUGIN">
            <column name="MODE" value="UK"/>
            <where>INTERNAL_NAME='PaymentsPlugin'</where>
        </update>
    </changeSet>


    <changeSet author="simon.hobbs" id="plugin-fix-3">
        <update tableName="PLUGIN">
            <column name="MODE" value="US"/>
            <where>INTERNAL_NAME='ReportingPlugin'</where>
        </update>
    </changeSet>

    <changeSet author="simon.hobbs" id="plugin-fix-4">
        <update tableName="PLUGIN">
            <column name="MODE" value="US"/>
            <where>INTERNAL_NAME='SightlinePlugin'</where>
        </update>
    </changeSet>

    <changeSet author="simon.hobbs" id="plugin-fix-5">
        <update tableName="PLUGIN">
            <column name="MODE" value="US"/>
            <where>INTERNAL_NAME='W2gPlugin'</where>
        </update>
    </changeSet>

</databaseChangeLog>