<?xml version="1.0" encoding="UTF-8" standalone="no"?>
<databaseChangeLog xmlns="http://www.liquibase.org/xml/ns/dbchangelog" xmlns:xsi="http://www.w3.org/2001/XMLSchema-instance" xsi:schemaLocation="http://www.liquibase.org/xml/ns/dbchangelog http://www.liquibase.org/xml/ns/dbchangelog/dbchangelog-2.0.xsd">
   <changeSet author="ramesh.padma" id="promo-code-eligible">
        <createTable tableName="promo_code_eligible">
            <column autoIncrement="true" name="id" type="BIGINT">
                <constraints nullable="false" primaryKey="true"/>
            </column>
            <column name="promo_code" type="VARCHAR(30)">
                <constraints nullable="false"/>
            </column>
            <column name="player_id" type="BIGINT">
                <constraints nullable="false"/>
            </column>
            <column name="eligble" type="BIT">
                <constraints nullable="false"/>
            </column>
            <column name="bonus_id" type="BIGINT">
                <constraints nullable="false"/>
            </column> 
          </createTable>
      </changeSet>           
</databaseChangeLog>