<?xml version="1.0" encoding="UTF-8" standalone="no"?>
<databaseChangeLog xmlns="http://www.liquibase.org/xml/ns/dbchangelog" xmlns:ext="http://www.liquibase.org/xml/ns/dbchangelog-ext" xmlns:xsi="http://www.w3.org/2001/XMLSchema-instance" xsi:schemaLocation="http://www.liquibase.org/xml/ns/dbchangelog-ext http://www.liquibase.org/xml/ns/dbchangelog/dbchangelog-ext.xsd http://www.liquibase.org/xml/ns/dbchangelog http://www.liquibase.org/xml/ns/dbchangelog/dbchangelog-3.3.xsd">
    <changeSet author="hobbss (generated)" id="1441184958308-1">
        <addColumn tableName="report_schedule">
            <column name="parameters" type="VARCHAR(4096)"/>
        </addColumn>
    </changeSet>
    <changeSet author="hobbss (generated)" id="1441184958308-2">
        <dropTable tableName="report_schedule_parameters"/>
    </changeSet>
</databaseChangeLog>
