<?xml version="1.0" encoding="UTF-8" standalone="no"?>
<databaseChangeLog xmlns="http://www.liquibase.org/xml/ns/dbchangelog" xmlns:xsi="http://www.w3.org/2001/XMLSchema-instance" xsi:schemaLocation="http://www.liquibase.org/xml/ns/dbchangelog http://www.liquibase.org/xml/ns/dbchangelog/dbchangelog-2.0.xsd">

    <changeSet id="report_category" author="simon.hobbs">
        <comment>report category</comment>
        <sqlFile relativeToChangelogFile="true" path="sql//reporting//report_category.sql" />
    </changeSet>

    <changeSet id="report_lock" author="simon.hobbs">
        <comment>report lock</comment>
        <sqlFile relativeToChangelogFile="true" path="sql//reporting//report_lock.sql" />
    </changeSet>

    <changeSet id="report_permission" author="simon.hobbs">
        <comment>report permission</comment>
        <sqlFile relativeToChangelogFile="true" path="sql//reporting//permission.sql" />
    </changeSet>

    <changeSet id="report" author="simon.hobbs">
        <validCheckSum>any</validCheckSum>
        <comment>report</comment>
        <sqlFile relativeToChangelogFile="true" path="sql//reporting//report.sql" />
    </changeSet>

    <changeSet id="report-fix" author="simon.hobbs">
        <comment>report fix</comment>
        <sqlFile relativeToChangelogFile="true" path="sql//reporting//report-fix.sql" />
    </changeSet>

</databaseChangeLog>