<?xml version="1.0" encoding="UTF-8" standalone="no"?>
<databaseChangeLog xmlns="http://www.liquibase.org/xml/ns/dbchangelog" xmlns:xsi="http://www.w3.org/2001/XMLSchema-instance" xsi:schemaLocation="http://www.liquibase.org/xml/ns/dbchangelog http://www.liquibase.org/xml/ns/dbchangelog/dbchangelog-2.0.xsd">


    <changeSet id="report_category_map_create" author="simon.hobbs">
        <comment>report category map create</comment>
        <sqlFile relativeToChangelogFile="true" path="sql//report_category_map//create.sql" />
    </changeSet>

    <changeSet id="report_category_map_data" author="simon.hobbs">
        <comment>report category map data</comment>
        <sqlFile relativeToChangelogFile="true" path="sql//report_category_map//data.sql" />
    </changeSet>

</databaseChangeLog>