<?xml version="1.0" encoding="UTF-8" standalone="no"?>
<databaseChangeLog xmlns="http://www.liquibase.org/xml/ns/dbchangelog" xmlns:xsi="http://www.w3.org/2001/XMLSchema-instance" xsi:schemaLocation="http://www.liquibase.org/xml/ns/dbchangelog http://www.liquibase.org/xml/ns/dbchangelog/dbchangelog-2.0.xsd">
    <changeSet id="app-version" author="simon.hobbs">
        <comment>respin api version param</comment>
        <sql>INSERT INTO `param` (`id`, `version`, `description`, `editable`, `param_key`, `param_type`, `system`, `val`) VALUES (68, 0,'Respin rapid bingo app version',x'01','rapid.setting.appVersion','String',x'00','1.0');</sql>
    </changeSet>
    <changeSet id="app-version-2" author="simon.hobbs">
    	<validCheckSum>any</validCheckSum>
        <comment>fix player finanical summary report (v3)</comment>
        <sqlFile relativeToChangelogFile="true" path="sql//reporting//financial_summary_by_player_v3.sql" />
    </changeSet>
 </databaseChangeLog>