<?xml version="1.0" encoding="UTF-8" standalone="no"?>
<databaseChangeLog xmlns="http://www.liquibase.org/xml/ns/dbchangelog" xmlns:xsi="http://www.w3.org/2001/XMLSchema-instance" xsi:schemaLocation="http://www.liquibase.org/xml/ns/dbchangelog http://www.liquibase.org/xml/ns/dbchangelog/dbchangelog-2.0.xsd">
    <changeSet author="srikanth.manuri" id="REV-885-1">
        <validCheckSum>any</validCheckSum>
        <comment>Adding new table game_min_bets</comment>
        <createTable tableName="game_min_bets">
            <column autoIncrement="true" name="id" type="BIGINT">
                <constraints nullable="false" primaryKey="true"/>
            </column>
            <column name="game_id" type="BIGINT">
                <constraints nullable="false"/>
            </column>
            <column name="currency_id" type="BIGINT">
                <constraints nullable="false"/>
            </column>
            <column name="min_bet" type="DECIMAL(19,8)">
                <constraints nullable="false"/>
            </column>
            <column name="position" type="INT">
                <constraints nullable="false"/>
            </column>
        </createTable>
    </changeSet>
    <changeSet author="srikanth.manuri" id="REV-885-2">
        <addForeignKeyConstraint baseColumnNames="currency_id" baseTableName="game_min_bets" constraintName="FK_game_min_bets_curr" deferrable="false" initiallyDeferred="false" onDelete="NO ACTION" onUpdate="NO ACTION" referencedColumnNames="id" referencedTableName="currency" referencesUniqueColumn="false"/>
    </changeSet>
    <changeSet author="srikanth.manuri" id="REV-885-3">
        <addForeignKeyConstraint baseColumnNames="game_id" baseTableName="game_min_bets" constraintName="FK_game_min_bets_game" deferrable="false" initiallyDeferred="false" onDelete="NO ACTION" onUpdate="NO ACTION" referencedColumnNames="id" referencedTableName="game" referencesUniqueColumn="false"/>
    </changeSet>
    <changeSet author="srikanth.manuri" id="REV-885-4">
        <validCheckSum>any</validCheckSum>
        <comment>Adding default values for all currencies for IGT games.</comment>
        <sql>
            INSERT INTO game_min_bets(game_id,currency_id,min_Bet,position)
            select g.id game_id,c.id currency_id,(case when iso in ('SEK','NOK') then 0.10 else 0.01 end) min_Bet,
            case when iso='GBP' then 0
            when iso='EUR' then 1
            when iso='CAD' then 2
            when iso='SEK' then 3
            when iso='NZD' then 4
            when iso='AUD' then 5
            when iso='NOK' then 6
            end position  FROM game g,  currency c
            where rgs_id = (Select id from RGS where name='IGT_RGS')
            and iso in ('GBP','EUR','SEK','CAD','AUD','NZD','NOK');
        </sql>
        <rollback>
            delete from game_min_bets;
        </rollback>
    </changeSet>


    <changeSet author="srikanth.manuri" id="REV-885-5">
        <validCheckSum>any</validCheckSum>
        <comment>Adding new table game_denom_amounts</comment>
        <createTable tableName="game_denom_amounts">
            <column autoIncrement="true" name="id" type="BIGINT">
                <constraints nullable="false" primaryKey="true"/>
            </column>
            <column name="game_id" type="BIGINT">
                <constraints nullable="false"/>
            </column>
            <column name="currency_id" type="BIGINT">
                <constraints nullable="false"/>
            </column>
            <column name="amount" type="DECIMAL(19,8)">
                <constraints nullable="false"/>
            </column>
            <column name="position" type="INT">
                <constraints nullable="false"/>
            </column>
        </createTable>
    </changeSet>
    <changeSet author="srikanth.manuri" id="REV-885-6">
        <addForeignKeyConstraint baseColumnNames="currency_id" baseTableName="game_denom_amounts" constraintName="FK_game_denom_amts_curr" deferrable="false" initiallyDeferred="false" onDelete="NO ACTION" onUpdate="NO ACTION" referencedColumnNames="id" referencedTableName="currency" referencesUniqueColumn="false"/>
    </changeSet>
    <changeSet author="srikanth.manuri" id="REV-885-7">
        <addForeignKeyConstraint baseColumnNames="game_id" baseTableName="game_denom_amounts" constraintName="FK_game_denom_amts_game" deferrable="false" initiallyDeferred="false" onDelete="NO ACTION" onUpdate="NO ACTION" referencedColumnNames="id" referencedTableName="game" referencesUniqueColumn="false"/>
    </changeSet>
    <changeSet author="srikanth.manuri" id="REV-885-8">
        <comment>Adding default denom amount for all currencies for IGT games.</comment>
        <sql>
            INSERT INTO game_denom_amounts(game_id,currency_id,amount,position)
            select g.id game_id,c.id currency_id,(case when iso in ('SEK','NOK') then 0.10 else 0.01 end) amount,
            case when iso='GBP' then 0
            when iso='EUR' then 1
            when iso='CAD' then 2
            when iso='SEK' then 3
            when iso='NZD' then 4
            when iso='AUD' then 5
            when iso='NOK' then 6
            end position  FROM game g,  currency c
            where rgs_id = (Select id from RGS where name='IGT_RGS')
            and iso in ('GBP','EUR','SEK','CAD','AUD','NZD','NOK');
        </sql>
        <rollback>
            delete from game_denom_amounts;
        </rollback>
    </changeSet>


</databaseChangeLog>