<?xml version="1.0" encoding="UTF-8" standalone="no"?>
<databaseChangeLog xmlns="http://www.liquibase.org/xml/ns/dbchangelog"
                   xmlns:xsi="http://www.w3.org/2001/XMLSchema-instance"
                   xsi:schemaLocation="http://www.liquibase.org/xml/ns/dbchangelog http://www.liquibase.org/xml/ns/dbchangelog/dbchangelog-2.0.xsd">
    <changeSet author="veerendranath.kommisetty" id="REV-1190-1">
        <validCheckSum>any</validCheckSum>
        <comment>Adding new parameter for active optin threshold date.</comment>
        <sql>
            INSERT INTO `param` (`id`, `version`, `description`, `editable`, `param_key`, `param_type`, `system`, `val`)
            VALUES ((select max(p1.id)+1 from param p1) , 0, 'Threshold date for active optin(yyyy-MM-dd)', b'1', 'threshold.date.active.optin', 'Date', b'0', '2017-12-14');
        </sql>
        <rollback>
            <sql>
                Delete from param where param_key='threshold.date.active.optin';
            </sql>
        </rollback>
    </changeSet>
    <changeSet author="veerendranath.kommisetty" id="REV-1190-2">
        <validCheckSum>any</validCheckSum>
        <comment>Adding new field to player_extra table to persist the value of showOptInPopUp for players.</comment>
        <addColumn tableName="player_extra">
            <column name="show_opt_in_pop_up" type="boolean" defaultValueBoolean="true" >
                <constraints nullable="false" />
            </column>
        </addColumn>
    </changeSet>
    <changeSet author="veerendranath.kommisetty" id="REV-1190-3">
        <validCheckSum>any</validCheckSum>
        <comment>Adding new note type PlayerOptInOptOut.</comment>
        <sql>
            INSERT INTO note_type (version, editable, hidden, name, selectable, short_name) VALUES
            (0, b'0', b'0', 'Player OptIn and OptOut', b'1', 'PlayerOptInOptOut');
        </sql>
        <rollback>
            delete from note_type where short_name='PlayerOptInOptOut';
        </rollback>
    </changeSet>
    <changeSet author="veerendranath.kommisetty" id="REV-1190-4">
        <validCheckSum>any</validCheckSum>
        <comment>Adding 3 new fields emailOptInOptOut, smsOptInOptOut, othersOptInOptOut to player_extra table to save the values of when the player has opted in or opted out communication preference.</comment>
        <addColumn tableName="player_extra">
            <column name="email_opt_in_opt_out" type="DATETIME">
                <constraints nullable="true" />
            </column>
            <column name="sms_opt_in_opt_out" type="DATETIME">
                <constraints nullable="true" />
            </column>
            <column name="others_opt_in_opt_out" type="DATETIME">
                <constraints nullable="true" />
            </column>
        </addColumn>
    </changeSet>
</databaseChangeLog>

