<?xml version="1.0" encoding="UTF-8" standalone="no"?>
<databaseChangeLog xmlns="http://www.liquibase.org/xml/ns/dbchangelog"
                   xmlns:xsi="http://www.w3.org/2001/XMLSchema-instance"
                   xsi:schemaLocation="http://www.liquibase.org/xml/ns/dbchangelog http://www.liquibase.org/xml/ns/dbchangelog/dbchangelog-2.0.xsd">

    <changeSet author="veerendranath.kommisetty" id="REV-1262-1">
        <validCheckSum>any</validCheckSum>
        <comment>remove nullable constraint for the epg_brand_name column.</comment>
        <dropNotNullConstraint columnDataType="VARCHAR(22)" columnName="epg_brand_name" tableName="site"/>
        <rollback>
            <addNotNullConstraint tableName="site" columnName="epg_brand_name" columnDataType="VARCHAR(22)" defaultNullValue="NEKTAN*"/>
        </rollback>
    </changeSet>

</databaseChangeLog>