<?xml version="1.0" encoding="UTF-8" standalone="no"?>
<databaseChangeLog xmlns="http://www.liquibase.org/xml/ns/dbchangelog" xmlns:xsi="http://www.w3.org/2001/XMLSchema-instance" xsi:schemaLocation="http://www.liquibase.org/xml/ns/dbchangelog http://www.liquibase.org/xml/ns/dbchangelog/dbchangelog-2.0.xsd">
    <changeSet author="veerendranath.kommisetty" id="REV-828-1">
        <comment>Adding new columns min_deposit and max_deposit to bonus_dep_config table.</comment>
        <addColumn tableName="bonus_dep_config">
            <column name="min_deposit" type="DECIMAL(19,2)" defaultValue="null"></column>
        </addColumn>
        <addColumn tableName="bonus_dep_config">
            <column name="max_deposit" type="DECIMAL(19,2)" defaultValue="null"></column>
        </addColumn>
    </changeSet>
</databaseChangeLog>