<?xml version="1.0" encoding="UTF-8" standalone="no"?>
<databaseChangeLog xmlns="http://www.liquibase.org/xml/ns/dbchangelog" xmlns:xsi="http://www.w3.org/2001/XMLSchema-instance" xsi:schemaLocation="http://www.liquibase.org/xml/ns/dbchangelog http://www.liquibase.org/xml/ns/dbchangelog/dbchangelog-2.0.xsd">
   	<changeSet author="rajendra.bayana" id="REV-580-1">
        <comment>Adding default wagering contributions to game Table.</comment>
        <addColumn tableName="game">
            <column name="default_wagering_contribution" type="BIGINT">
                <constraints nullable="true"/>
            </column>
        </addColumn>
        <sql>
            update game set default_wagering_contribution = 100 where default_wagering_contribution is null;
        </sql>
        <rollback>
            <sql>
                update game set default_wagering_contribution = null where default_wagering_contribution = 100;
            </sql>
            <dropColumn tableName="game" columnName="default_wagering_contribution"/>
        </rollback>
    </changeSet>
    <changeSet author="rajendra.bayana" id="REV-580-2">
        <comment>Deleting currency_id column from wagering contribution map table</comment>
        <dropForeignKeyConstraint baseTableName="wagering_contributions_map" constraintName="FK_wage728919192"/>
        <dropColumn tableName="wagering_contributions_map" columnName="currency_id"/>
        <rollback>
            <addColumn tableName="wagering_contributions_map">
                <column name="currency_id" type="BIGINT"></column>
            </addColumn>
            <addForeignKeyConstraint baseTableName="wagering_contributions_map" baseColumnNames="currency_id" constraintName="FK_wage728919192"
                                     referencedTableName="currency" referencedColumnNames="id"/>
        </rollback>
    </changeSet>
    <changeSet author="rajendra.bayana" id="REV-580-3">
        <comment>Deleting converted_amount column from wagering contribution map table</comment>
        <dropColumn tableName="wagering_contributions_map" columnName="converted_amount"/>
        <rollback>
            <addColumn tableName="wagering_contributions_map">
                <column name="converted_amount" type="DECIMAL(19,2)"></column>
            </addColumn>
        </rollback>
    </changeSet>
    <changeSet author="rajendra.bayana" id="REV-580-4">
        <comment>Deleting base_amount column from wagering contribution map table</comment>
        <dropColumn tableName="wagering_contributions_map" columnName="base_amount"/>
        <rollback>
            <addColumn tableName="wagering_contributions_map">
                <column name="base_amount" type="DECIMAL(19,2)"></column>
            </addColumn>
        </rollback>
    </changeSet>
    <changeSet author="rajendra.bayana" id="REV-580-5">
        <comment>Adding contribution_percent to wagering contribution map table</comment>
        <addColumn tableName="wagering_contributions_map">
            <column name="contribution_percent" type="BIGINT">
                <constraints nullable="true"/>
            </column>
        </addColumn>
        <rollback>
            <dropColumn tableName="wagering_contributions_map" columnName="contribution_percent"/>
        </rollback>
    </changeSet>
    <changeSet author="rajendra.bayana" id="REV-580-6">
        <comment>Adding wagering_contribution_id to bonus table</comment>
        <addColumn tableName="bonus">
            <column name="wagering_contributions_id" type="BIGINT">
                <constraints nullable="true"/>
            </column>
        </addColumn>
        <addForeignKeyConstraint baseTableName="bonus" baseColumnNames="wagering_contributions_id" constraintName="FK_bonuswagecontrib658795"
                                 referencedTableName="wagering_contributions" referencedColumnNames="id"/>
    </changeSet>
    <changeSet author="rajendra.bayana" id="REV-580-7">
        <validCheckSum>any</validCheckSum>
        <comment>Adding new permissions for Wagering Contributions</comment>
        <sqlFile relativeToChangelogFile="true" path="sql//wagering_contributions//wagering_contributions_permissions.sql" />
        <rollback>
            <sql>
                delete from permission where id = 75;
                delete from permission where id = 76;
            </sql>
        </rollback>
    </changeSet>
    <changeSet author="veerendranath.kommisetty" id="REV-580-8">
        <comment>deleting type column from wagering contributions table.</comment>
        <dropColumn tableName="wagering_contributions" columnName="type"/>
        <rollback>
            <addColumn tableName="wagering_contributions">
                <column name="type" type="INT">
                    <constraints nullable="true"/>
                </column>
            </addColumn>
        </rollback>
    </changeSet>
    <changeSet author="veerendranath.kommisetty" id="REV-580-9">
        <comment>Adding column is deleted to wagering contributions.</comment>
        <addColumn tableName="wagering_contributions">
            <column name="is_deleted" type="boolean" />
        </addColumn>
    </changeSet>
    <changeSet author="veerendranath.kommisetty" id="REV-580-10">
        <comment>Adding column  min ber wagering contribution to game table.</comment>
        <addColumn tableName="game">
            <column name="min_bet_wagering_contribution" type="DECIMAL(19,2)">
                <constraints nullable="true"/>
            </column>
        </addColumn>
    </changeSet>
    <changeSet author="srikanth.manuri" id="REV-580-11">
        <comment>Renaming column wagering requirements to free rounds wagering requirements</comment>
        <renameColumn tableName="bonus" oldColumnName="wagering_requirement" newColumnName="free_rounds_wagering_requirement" columnDataType="BIGINT(20)"/>
    </changeSet>
    <changeSet author="srikanth.manuri" id="REV-580-12">
        <comment>updating default wagering contributions and min bet values to 100 and 0.10</comment>
        <sql>
            update game set default_wagering_contribution=100, min_bet_wagering_contribution=0.10;
        </sql>
        <rollback>
            <sql>
                update game set default_wagering_contribution=null, min_bet_wagering_contribution=null;
            </sql>
        </rollback>
    </changeSet>
    <changeSet author="srikanth.manuri" id="REV-580-13">
        <comment>updating default wagering contributions and min bet wagering contrubutions columns to not null.</comment>
        <addNotNullConstraint tableName="game" columnName="default_wagering_contribution" columnDataType="BIGINT" defaultNullValue="100"/>
        <addNotNullConstraint tableName="game" columnName="min_bet_wagering_contribution" columnDataType="DECIMAL(19,2)" defaultNullValue="0.10"/>
    </changeSet>
    <changeSet author="veerendranath.kommisetty" id="REV-580-14">
        <comment>updating contribution_percent column to not null.</comment>
        <addNotNullConstraint tableName="wagering_contributions_map" columnName="contribution_percent" columnDataType="BIGINT" defaultNullValue="0"/>
    </changeSet>
</databaseChangeLog>
