<?xml version="1.0" encoding="UTF-8" standalone="no"?>
<databaseChangeLog xmlns="http://www.liquibase.org/xml/ns/dbchangelog" xmlns:xsi="http://www.w3.org/2001/XMLSchema-instance" xsi:schemaLocation="http://www.liquibase.org/xml/ns/dbchangelog http://www.liquibase.org/xml/ns/dbchangelog/dbchangelog-2.0.xsd">
    <changeSet author="veerendranath.kommisetty" id="REV-733-1">
        <comment> Adding mobileinterface api url for quickfire rgs into params.</comment>
        <sql>
            INSERT INTO param (id,version, description, editable, param_key, param_type, system, val)
            select    max(id)+1,0, 'mobileinterface api url for quickfire', b'1', 'quickfire.mobileinterface.api', 'String', b'0', 'https://webserver9-efe1.installprogram.eu/MobileWebGames/js/InterfaceApi/InterfaceApi.js' from param;
        </sql>
        <rollback>
            <sql>
                Delete from param where param_key='quickfire.mobileinterface.api';
            </sql>
        </rollback>
    </changeSet>
    <changeSet author="veerendranath.kommisetty" id="REV-733-2">
        <comment> Adding desktop game rc url for quickfire rgs into params.</comment>
        <sql>
            INSERT INTO param (id,version, description, editable, param_key, param_type, system, val)
            select    max(id)+1,0, 'quickfire game reality check url desktop', b'1', 'quickfire.game.rc.url.desktop', 'String', b'0', 'https://firefly.gameassists.co.uk/Aurora/' from param;
        </sql>
        <rollback>
            <sql>
                Delete from param where param_key='quickfire.game.rc.url.desktop';
            </sql>
        </rollback>
    </changeSet>
    <changeSet author="veerendranath.kommisetty" id="REV-733-3">
        <comment> Adding desktop game reg market parameter for quickfire rgs into params.</comment>
        <sql>
            INSERT INTO param (id,version, description, editable, param_key, param_type, system, val)
            select    max(id)+1,0, 'quickfire game reg market value for desktop', b'1', 'quickfire.game.reg.market', 'String', b'0', 'rmuk' from param;
        </sql>
        <rollback>
            <sql>
                Delete from param where param_key='quickfire.game.reg.market';
            </sql>
        </rollback>
    </changeSet>
</databaseChangeLog>