<?xml version="1.0" encoding="UTF-8" standalone="no"?>
<databaseChangeLog xmlns="http://www.liquibase.org/xml/ns/dbchangelog" xmlns:xsi="http://www.w3.org/2001/XMLSchema-instance" xsi:schemaLocation="http://www.liquibase.org/xml/ns/dbchangelog http://www.liquibase.org/xml/ns/dbchangelog/dbchangelog-2.0.xsd">
    <changeSet author="rajendra.bayana" id="REV-1066">
        <comment>Adding new parameter from enabling/disabling sql query call for session expiry.</comment>
        <sql>
            INSERT INTO param (id,version, description, editable, param_key, param_type, system, val)
            select max(id)+1,0, 'Enable player session status check', b'1', 'player.session.statusCheck.schedule.enable', 'Boolean', b'1', 'true' from param;
        </sql>
        <rollback>
            <sql>
                Delete from param where param_key='player.session.statusCheck.schedule.enable';
            </sql>
        </rollback>
    </changeSet>

    <changeSet author="srikanth.manuri" id="REV-1066-2">
        <comment>Adding procedure for player session expiry.</comment>
        <sqlFile relativeToChangelogFile="true" path="sql//REV-1066//player-session-expiry-proc.sql"  endDelimiter="\n/" stripComments="true"/>
        <rollback>
            <sql>
                DROP PROCEDURE IF EXISTS  player_session_cleanup;
            </sql>
        </rollback>
    </changeSet>

    <changeSet author="srikanth.manuri" id="REV-1066-3">
        <comment>Adding event for player session expiry to run every minute.</comment>
        <sqlFile relativeToChangelogFile="true" path="sql//REV-1066//player-session-expiry-event.sql"  endDelimiter="\n/" stripComments="true"/>
        <rollback>
            <sql>
                DROP EVENT IF EXISTS  player_session_cleanup;
            </sql>
        </rollback>
    </changeSet>

    <changeSet author="srikanth.manuri" id="REV-1066-4">
        <comment>Disabling player session expiry job.</comment>
        <sql>
            update param set val='false' where param_key='player.session.statusCheck.schedule.enable';
        </sql>
        <rollback>
            <sql>
                update param set val='true' where param_key='player.session.statusCheck.schedule.enable';
            </sql>
        </rollback>
    </changeSet>
</databaseChangeLog>