<?xml version="1.0" encoding="UTF-8" standalone="no"?>
<databaseChangeLog xmlns="http://www.liquibase.org/xml/ns/dbchangelog"
                   xmlns:xsi="http://www.w3.org/2001/XMLSchema-instance"
                   xsi:schemaLocation="http://www.liquibase.org/xml/ns/dbchangelog http://www.liquibase.org/xml/ns/dbchangelog/dbchangelog-2.0.xsd">

    <changeSet author="veerendranath.kommisetty" id="REV-1361-1">
        <validCheckSum>any</validCheckSum>
        <comment>Adding new permissions for Promotions module.</comment>
        <sql>
            INSERT INTO `permission` (`version`, `category`, `description`, `name`) VALUES (0,	'Promotions','View Promotions details', 'PROMOTION_VIEW');
            INSERT INTO `permission` (`version`, `category`, `description`, `name`) VALUES (0,	'Promotions','Create Promotions details', 'PROMOTION_CREATE');
            INSERT INTO `permission` (`version`, `category`, `description`, `name`) VALUES (0,	'Promotions','Edit Promotions details', 'PROMOTION_EDIT');
            INSERT INTO `permission` (`version`, `category`, `description`, `name`) VALUES (0,	'Promotions','State Change Promotions details', 'PROMOTION_STATE_CHANGE');

        </sql>
        <rollback>
            <sql>
                delete from permission where name = 'PROMOTION_VIEW';
                delete from permission where name = 'PROMOTION_CREATE';
                delete from permission where name = 'PROMOTION_EDIT';
                delete from permission where name = 'PROMOTION_STATE_CHANGE';
            </sql>
        </rollback>
    </changeSet>
    <changeSet author="veerendranath.kommisetty" id="REV-1361-2">
        <validCheckSum>any</validCheckSum>
        <comment>Adding a plugin Promotions to Modules.</comment>
        <sql>
            insert into plugin (version, action, controller, fa_icon, internal_name, module, permission_id, register, title, tooltip, mode)
            values( 0, 'index', 'promotion','fa-gift', 'PromotionPlugin', 'portal', (select id from permission where name = 'PROMOTION_VIEW'), 'HOME', 'Promotions', 'Promotions', 'UK');
        </sql>
        <rollback>
            <sql>
                delete from plugin where internal_name = 'PromotionPlugin' and controller = 'promotion';
            </sql>
        </rollback>
    </changeSet>
    <changeSet author="veerendranath.kommisetty" id="REV-1361-3">
        <validCheckSum>any</validCheckSum>
        <comment>Create promotions table.</comment>
        <createTable tableName="promotion">
            <column autoIncrement="true" name="id" type="BIGINT">
                <constraints nullable="false" primaryKey="true"/>
            </column>
            <column name="version" type="BIGINT">
                <constraints nullable="false"/>
            </column>
            <column name="name" type="VARCHAR(1024)" >
                <constraints nullable="false"/>
            </column>
            <column name="description" type="VARCHAR(1024)" >
                <constraints nullable="false"/>
            </column>
            <column name="date_created" type="DATETIME">
                <constraints nullable="false"/>
            </column>
            <column name="last_updated" type="DATETIME">
                <constraints nullable="true"/>
            </column>
            <column name="status" type="INT(11)" >
                <constraints nullable="false"/>
            </column>
            <column name="start_time" type="DATETIME">
                <constraints nullable="true"/>
            </column>
            <column name="end_time" type="DATETIME">
                <constraints nullable="true"/>
            </column>
            <column name="player_group_id" type="BIGINT">
                <constraints nullable="false"/>
            </column>
            <column name="identifier" type="VARCHAR(50)">
                <constraints nullable="false"/>
            </column>
            <column name="created_by_id" type="BIGINT">
                <constraints nullable="false"/>
            </column>
            <column name="last_edited_by_id" type="BIGINT">
                <constraints nullable="true"/>
            </column>
        </createTable>
    </changeSet>
    <changeSet author="veerendranath.kommisetty" id="REV-1361-4">
        <validCheckSum>any</validCheckSum>
        <comment>Add foreign key contraint on promotion table for referenceing player group table.</comment>
        <addForeignKeyConstraint constraintName="FK_prom_player_group_id" referencedTableName="player_group" referencedColumnNames="id" baseColumnNames="player_group_id" baseTableName="promotion"/>
    </changeSet>
    <changeSet author="veerendranath.kommisetty" id="REV-1361-5">
        <validCheckSum>any</validCheckSum>
        <comment>Create index on start time column in promotion table.</comment>
        <createIndex indexName="IX_promotion_starttime" tableName="promotion">
            <column name="start_time"/>
        </createIndex>
    </changeSet>
    <changeSet author="veerendranath.kommisetty" id="REV-1361-6">
        <validCheckSum>any</validCheckSum>
        <comment>Create index on end time column in promotion table.</comment>
        <createIndex indexName="IX_promotion_endtime" tableName="promotion">
            <column name="end_time"/>
        </createIndex>
    </changeSet>
    <changeSet author="veerendranath.kommisetty" id="REV-1361-7">
        <validCheckSum>any</validCheckSum>
        <comment>Create index on status column in promotion table.</comment>
        <createIndex indexName="IX_promotion_status" tableName="promotion">
            <column name="status"/>
        </createIndex>
    </changeSet>
    <changeSet author="veerendranath.kommisetty" id="REV-1361-8">
        <validCheckSum>any</validCheckSum>
        <comment>Create table bonus_site_network_config to map site and network with promotion.</comment>
        <createTable tableName="promotion_site_network_config">
            <column autoIncrement="true" name="id" type="BIGINT">
                <constraints nullable="false" primaryKey="true"/>
            </column>
            <column name="promotion_id" type="BIGINT">
                <constraints nullable="false"/>
            </column>
            <column name="network_configuration_id" type="BIGINT">
                <constraints nullable="true"/>
            </column>
            <column name="site_id" type="BIGINT">
                <constraints nullable="true"/>
            </column>
        </createTable>
    </changeSet>
    <changeSet author="veerendranath.kommisetty" id="REV-1361-9">
        <validCheckSum>any</validCheckSum>
        <comment>Add foreign key contraints on promotion table for referenceing Operator on columns created_by_id and last_edited_by_id.</comment>
        <addForeignKeyConstraint baseColumnNames="created_by_id" baseTableName="promotion"  constraintName="FK_prom_oper_created" referencedTableName="operator" referencedColumnNames="id" />
        <addForeignKeyConstraint baseColumnNames="last_edited_by_id" baseTableName="promotion"  constraintName="FK_prom_oper_edited" referencedTableName="operator" referencedColumnNames="id" />
    </changeSet>
    <changeSet author="veerendranath.kommisetty" id="REV-1361-10">
        <validCheckSum>any</validCheckSum>
        <comment>Add foreign key contraints on promotion_site_network_config table for referenceing site, network and promotion.</comment>
        <addForeignKeyConstraint constraintName="FK_psnc_prom_id" referencedTableName="promotion" referencedColumnNames="id" baseColumnNames="promotion_id" baseTableName="promotion_site_network_config"/>
        <addForeignKeyConstraint constraintName="FK_psnc_network_id" referencedTableName="network_configuration" referencedColumnNames="id" baseColumnNames="network_configuration_id" baseTableName="promotion_site_network_config"/>
        <addForeignKeyConstraint constraintName="FK_psnc_site_id" referencedTableName="site" referencedColumnNames="id" baseColumnNames="site_id" baseTableName="promotion_site_network_config"/>
    </changeSet>
    <changeSet author="veerendranath.kommisetty" id="REV-1361-11">
        <validCheckSum>any</validCheckSum>
        <comment>Adding a param to enable or disable Promotions job.</comment>
        <sql>
            INSERT INTO param (version, description, editable, param_key, param_type, system, val)
            values(0, 'Change status of expired promotions and activate pending promotions if exists and has no active promotions', b'1', 'promotion.statusCheck.schedule.enable', 'Boolean', b'1', 'true');
        </sql>
        <rollback>
            <sql>
                delete from plugin where param_key = 'promotion.statusCheck.schedule.enable';
            </sql>
        </rollback>
    </changeSet>
</databaseChangeLog>

