<?xml version="1.0" encoding="UTF-8" standalone="no"?>
<databaseChangeLog xmlns="http://www.liquibase.org/xml/ns/dbchangelog" xmlns:xsi="http://www.w3.org/2001/XMLSchema-instance" xsi:schemaLocation="http://www.liquibase.org/xml/ns/dbchangelog http://www.liquibase.org/xml/ns/dbchangelog/dbchangelog-2.0.xsd">
    <changeSet author="rajendra.bayana" id="REV-1104-1">
        <validCheckSum>any</validCheckSum>
        <comment>Adding new parameter from max account closure count.</comment>
        <sql>
            INSERT INTO param (id,version, description, editable, param_key, param_type, system, val)
            select max(id)+1,0, 'Max account closure count', b'1', 'max.account.closure.limit', 'Integer', b'0', '5' from param;
            INSERT INTO param (id,version, description, editable, param_key, param_type, system, val)
            select max(id)+1,0, 'Date to consider for max account closure(yyyy-MM-dd)', b'1', 'max.account.closure.player.creation.check.date', 'Date', b'0', '2020-01-01' from param;
        </sql>
        <rollback>
            <sql>
                Delete from param where param_key='max.account.closure.limit';
                Delete from param where param_key='max.account.closure.player.creation.check.date';
            </sql>
        </rollback>
    </changeSet>
    <changeSet author="rajendra.bayana" id="REV-1104-2">
        <validCheckSum>any</validCheckSum>
        <comment>Adding new player status.</comment>
        <sql>
            INSERT INTO `player_status` (`version`, `can_deposit`, `can_login`, `can_play`, `can_reactivate`, `can_resend_password`, `can_withdraw`, `colorcode`, `description`, `hidden`, `name`) VALUES
            (0, b'0', b'0', b'0', b'0', b'0', b'0', '#f0ab5b', 'Max Closure Limit', b'1', 'MaxClosureLimit');
        </sql>
        <rollback>
            <sql>
                Delete from player_status where name='MaxClosureLimit';
            </sql>
        </rollback>
    </changeSet>
</databaseChangeLog>