<?xml version="1.0" encoding="UTF-8" standalone="no"?>
<databaseChangeLog xmlns="http://www.liquibase.org/xml/ns/dbchangelog" xmlns:xsi="http://www.w3.org/2001/XMLSchema-instance" xsi:schemaLocation="http://www.liquibase.org/xml/ns/dbchangelog http://www.liquibase.org/xml/ns/dbchangelog/dbchangelog-2.0.xsd">
    <changeSet author="veerendranath.kommisetty" id="REV-1049-1">
        <comment>Adding date_created and last_updated columns in game table.</comment>
        <addColumn tableName="game">
            <column name="date_created" type="DATETIME">
                <constraints nullable="false" />
            </column>
            <column name="last_updated" type="DATETIME">
                <constraints nullable="true"/>
            </column>
        </addColumn>
    </changeSet>
    <changeSet author="veerendranath.kommisetty" id="REV-1049-2">
        <comment>Update script to update date_created column with current date.</comment>
        <sql>
            update game set date_created = current_timestamp();
        </sql>
        <rollback>
            <sql>
                update game set date_created = current_timestamp();
            </sql>
        </rollback>
    </changeSet>
</databaseChangeLog>