<?xml version="1.0" encoding="UTF-8" standalone="no"?>
<databaseChangeLog xmlns="http://www.liquibase.org/xml/ns/dbchangelog"
                   xmlns:xsi="http://www.w3.org/2001/XMLSchema-instance"
                   xsi:schemaLocation="http://www.liquibase.org/xml/ns/dbchangelog http://www.liquibase.org/xml/ns/dbchangelog/dbchangelog-2.0.xsd">

    <changeSet author="khaja.hussain" id="REV-1348-1">
        <validCheckSum>any</validCheckSum>
        <comment>Add new column enable_max_deposit_method_restriction to player table. </comment>
        <addColumn tableName="site">
            <column name="enable_max_deposit_method_restriction" type="boolean" defaultValueBoolean="true">
                <constraints nullable="false"/>
            </column>
        </addColumn>
    </changeSet>

    <changeSet author="khaja.hussain" id="REV-1348-2">
        <validCheckSum>any</validCheckSum>
        <comment>Add new column enable_max_deposit_method_restriction to player table. </comment>
        <addColumn tableName="player">
            <column name="enable_max_deposit_method_restriction" type="boolean" defaultValueBoolean="true">
                <constraints nullable="false"/>
            </column>
        </addColumn>
    </changeSet>

    <changeSet author="khaja.hussain" id="REV-1348-3">
        <validCheckSum>any</validCheckSum>
        <comment>Add new column max_boku_deposits_allowed to Site table. </comment>
        <addColumn tableName="site">
            <column name="max_boku_deposits_allowed" type="Integer" defaultValueNumeric="1">
                <constraints nullable="true"/>
            </column>
        </addColumn>
    </changeSet>



</databaseChangeLog>

