<?xml version="1.0" encoding="UTF-8" standalone="no"?>
<databaseChangeLog xmlns="http://www.liquibase.org/xml/ns/dbchangelog" xmlns:xsi="http://www.w3.org/2001/XMLSchema-instance" xsi:schemaLocation="http://www.liquibase.org/xml/ns/dbchangelog http://www.liquibase.org/xml/ns/dbchangelog/dbchangelog-2.0.xsd">
<changeSet author="aniketh.chilke" id="REV-1188-1">
    <validCheckSum>any</validCheckSum>
    <comment>Adding new note type BonusChoice.</comment>
    <sql>
        INSERT INTO note_type (version, editable, hidden, name, selectable, short_name) VALUES
        (0, b'0', b'0', 'Bonus Choice', b'1', 'BonusChoice');
    </sql>
    <rollback>
        delete from note_type where short_name='BonusChoice';
    </rollback>
</changeSet>

</databaseChangeLog>