<?xml version="1.0" encoding="UTF-8" standalone="no"?>
<databaseChangeLog xmlns="http://www.liquibase.org/xml/ns/dbchangelog"
                   xmlns:xsi="http://www.w3.org/2001/XMLSchema-instance"
                   xsi:schemaLocation="http://www.liquibase.org/xml/ns/dbchangelog http://www.liquibase.org/xml/ns/dbchangelog/dbchangelog-2.0.xsd">
    <changeSet author="vasavi.kakumanu" id="REV-1183-1">
        <validCheckSum>any</validCheckSum>
        <comment>Adding Transaction SubTypes bonusAbuser and bonusOptOut.</comment>
        <sql>
            INSERT INTO transaction_subtype (id, version, description, name, short_name, transaction_type_id)
            VALUES((select max(t1.id)+1 from transaction_subtype t1), 0, 'Bonus Abuser', 'Bonus Abuser', 'bonusAbuser',
            (SELECT id FROM transaction_type WHERE short_name = 'loyaltyDebit'));
            INSERT INTO transaction_subtype (id, version, description, name, short_name, transaction_type_id)
            VALUES((select max(t1.id)+1 from transaction_subtype t1), 0, 'Bonus Opt Out', 'Bonus Opt Out',
            'bonusOptOut', (SELECT id FROM transaction_type WHERE short_name = 'loyaltyDebit'));
        </sql>
        <rollback>
            <sql>
                DELETE FROM transaction_subtype where short_name='bonusAbuser' and name='Bonus Abuser';
                DELETE FROM transaction_subtype where short_name='bonusOptOut' nad name='Bonus Opt Out';
            </sql>
        </rollback>
    </changeSet>
    <changeSet author="vasavi.kakumanu" id="REV-1183-2">
        <comment>Adding Note Type bonusAbuser.</comment>
        <sql>
            INSERT INTO note_type (id, version, editable, hidden, name, selectable, short_name) VALUES
            ((select max(n1.id)+1 from note_type n1),0, b'0', b'0', 'Bonus Abuser', b'1', 'BonusAbuser');
        </sql>
        <rollback>
            <sql>
                DELETE FROM note_type where short_name='BonusAbuser' and name='Bonus Abuser';
            </sql>
        </rollback>
    </changeSet>
</databaseChangeLog>