<?xml version="1.0" encoding="UTF-8" standalone="no"?>
<databaseChangeLog xmlns="http://www.liquibase.org/xml/ns/dbchangelog" xmlns:xsi="http://www.w3.org/2001/XMLSchema-instance" xsi:schemaLocation="http://www.liquibase.org/xml/ns/dbchangelog http://www.liquibase.org/xml/ns/dbchangelog/dbchangelog-2.0.xsd">
   	<changeSet author="srikanth.manuri" id="REV-624-1">
        <comment>Adding games, game_providers to player free rounds table.</comment>
        <addColumn tableName="player_free_rounds">
            <column name="games" type="VARCHAR(20800)">
                <constraints nullable="true"/>
            </column>
            <column name="game_providers" type="VARCHAR(1000)">
                <constraints nullable="true"/>
            </column>
        </addColumn>
        <rollback>
            <dropColumn tableName="player_free_rounds" columnName="games"/>
            <dropColumn tableName="player_free_rounds" columnName="game_providers"/>
        </rollback>
    </changeSet>
</databaseChangeLog>
