<?xml version="1.0" encoding="UTF-8" standalone="no"?>
<databaseChangeLog xmlns="http://www.liquibase.org/xml/ns/dbchangelog"
                   xmlns:xsi="http://www.w3.org/2001/XMLSchema-instance"
                   xsi:schemaLocation="http://www.liquibase.org/xml/ns/dbchangelog http://www.liquibase.org/xml/ns/dbchangelog/dbchangelog-2.0.xsd">

    <changeSet author="veerendranath.kommisetty" id="REV-1260-1">
        <validCheckSum>any</validCheckSum>
        <comment>Add new columns email_hash, mobile_number_hash and postcode_hash to store hash values fo the coresponding fields.</comment>
        <addColumn tableName="player">
            <column name="email_hash" type="VARCHAR(100)"/>
            <column name="mobile_number_hash" type="VARCHAR(100)"/>
            <column name="postcode_hash" type="VARCHAR(100)"/>
        </addColumn>
    </changeSet>
    <changeSet author="veerendranath.kommisetty" id="REV-1260-2">
        <validCheckSum>any</validCheckSum>
        <comment>Add new columns email_hash, mobile_number_hash and postcode_hash to store hash values for the corresponding fields.</comment>
        <sqlFile relativeToChangelogFile="true" path="sql//REV-1260//hashkey_update.sql"/>
        <rollback>
            <sql>
                update player set email_hash = null, mobile_number_hash = null, postcode_hash = null;
            </sql>
        </rollback>
    </changeSet>

</databaseChangeLog>

