<?xml version="1.0" encoding="UTF-8" standalone="no"?>
<databaseChangeLog xmlns="http://www.liquibase.org/xml/ns/dbchangelog"
                   xmlns:xsi="http://www.w3.org/2001/XMLSchema-instance"
                   xsi:schemaLocation="http://www.liquibase.org/xml/ns/dbchangelog http://www.liquibase.org/xml/ns/dbchangelog/dbchangelog-2.0.xsd">

    <changeSet author="Khaja.Hussain" id="REV-1393-1">
        <validCheckSum>any</validCheckSum>
        <comment>Add new columns temp_bonus_override, lifetime_bonus_override, total_bonus_awared, total_deposited_amount, deposit_to_bonus_ratio to player_extra table. </comment>
        <addColumn tableName="player_extra">
            <column name="temp_bonus_override" type="boolean" defaultValueBoolean="false">
                <constraints nullable="false"/>
            </column>
            <column name="lifetime_bonus_override" type="boolean" defaultValueBoolean="false">
                <constraints nullable="false"/>
            </column>
            <column name="total_bonus_awared" type="DECIMAL(19,2)" defaultValue="null">
                <constraints nullable="true"/>
            </column>
            <column name="total_deposited_amount" type="DECIMAL(19,2)" defaultValue="null">
                <constraints nullable="true"/>
            </column>
            <column name="deposit_to_bonus_ratio" type="DECIMAL(19,2)" defaultValue="null">
                <constraints nullable="true"/>
            </column>
        </addColumn>
    </changeSet>

    <changeSet author="Khaja.Hussain" id="REV-1393-2">
        <validCheckSum>any</validCheckSum>
        <comment>Add new columns enable_deposit_to_bonus_restriction, deposit_to_bonus_ignore_vip_player, deposit_to_bonus_percentage to site table. </comment>
        <addColumn tableName="site">
            <column name="enable_deposit_to_bonus_restriction" type="boolean" defaultValueBoolean="false">
                <constraints nullable="false"/>
            </column>
            <column name="deposit_to_bonus_percentage" type="DECIMAL(19,2)" defaultValue="null">
                <constraints nullable="true"/>
            </column>
            <column name="deposit_to_bonus_ignore_vip_player" type="boolean" defaultValueBoolean="false">
                <constraints nullable="false"/>
            </column>
        </addColumn>
    </changeSet>

    <changeSet author="Khaja.Hussain" id="REV-1393-3">
        <validCheckSum>any</validCheckSum>
        <comment>Adding a permission for to edit player temperary and lifetime bonus override for bonus abuse prevention</comment>
        <sql>
            insert into permission (version, category, description, name) values( 0, 'Player', 'Edit Player Bonus Abuse Override','EDIT_PLAYER_BONUS_ABUSE_OVERRIDE');
        </sql>
        <rollback>
            <sql>
                delete from permission where name = 'EDIT_PLAYER_BONUS_ABUSE_OVERRIDE';
            </sql>
        </rollback>
    </changeSet>


    <changeSet author="Khaja.Hussain" id="REV-1393-4">
        <validCheckSum>any</validCheckSum>
        <comment>Correcting column name.</comment>
        <sql>
            ALTER TABLE player_extra CHANGE total_bonus_awared total_bonus_awarded DECIMAL(19,2);
        </sql>
        <rollback>
            <sql>
                ALTER TABLE player_extra CHANGE total_bonus_awarded total_bonus_awared DECIMAL(19,2);
            </sql>
        </rollback>
    </changeSet>

</databaseChangeLog>

