<?xml version="1.0" encoding="UTF-8" standalone="no"?>
<databaseChangeLog xmlns="http://www.liquibase.org/xml/ns/dbchangelog" xmlns:xsi="http://www.w3.org/2001/XMLSchema-instance" xsi:schemaLocation="http://www.liquibase.org/xml/ns/dbchangelog http://www.liquibase.org/xml/ns/dbchangelog/dbchangelog-2.0.xsd">
    <changeSet author="srikanth.manuri" id="REV-695-1">
        <comment> Adding quick fire variant parameter to params.</comment>
        <sql>
            INSERT INTO param (id,version, description, editable, param_key, param_type, system, val)
            select    max(id)+1,0, 'Orion(quickfire) variant', b'1', 'quickfire.game.variant', 'String', b'0', 'MAL_DEMO' from param;
        </sql>
        <rollback>
            <sql>
                Delete from param where param_key='quickfire.game.variant'
            </sql>
        </rollback>
    </changeSet>
    <changeSet author="srikanth.manuri" id="REV-695-2">
        <comment> Adding quick fire applicationid parameter to params.</comment>
        <sql>
            INSERT INTO param (id,version, description, editable, param_key, param_type, system, val)
            select    max(id)+1,0, 'Orion(quickfire) appliation id', b'1', 'quickfire.game.applicationid', 'String', b'0', '5004' from param;
        </sql>
        <rollback>
            <sql>
                Delete from param where param_key='quickfire.game.applicationid'
            </sql>
        </rollback>
    </changeSet>
    <changeSet author="srikanth.manuri" id="REV-695-3">
        <comment> Adding quick fire serverid parameter to params.</comment>
        <sql>
            INSERT INTO param (id,version, description, editable, param_key, param_type, system, val)
            select    max(id)+1,0, 'Orion(quickfire) server id', b'1', 'quickfire.game.serverid', 'String', b'0', '5004' from param;
        </sql>
        <rollback>
            <sql>
                Delete from param where param_key='quickfire.game.serverid'
            </sql>
        </rollback>
    </changeSet>
    <changeSet author="srikanth.manuri" id="REV-695-4">
        <comment> Adding quick fire real variant parameter to params.</comment>
        <sql>
            INSERT INTO param (id,version, description, editable, param_key, param_type, system, val)
            select    max(id)+1,0, 'Orion(quickfire) variant', b'1', 'quickfire.game.real.variant', 'String', b'0', 'MAL' from param;
        </sql>
        <rollback>
            <sql>
                Delete from param where param_key='quickfire.game.real.variant'
            </sql>
        </rollback>
    </changeSet>
    <changeSet author="srikanth.manuri" id="REV-695-5">
        <comment> Adding quick fire real variant parameter to params.</comment>
        <sql>
            update param set param_key='quickfire.game.demo.variant' where param_key='quickfire.game.variant'
        </sql>
        <rollback>
            <sql>
                Delete from param where param_key='quickfire.game.demo.variant'
            </sql>
        </rollback>
    </changeSet>
    <changeSet author="srikanth.manuri" id="REV-695-6">
        <comment>Adding quick fire theme parameter to params.</comment>
        <sql>
            INSERT INTO param (id,version, description, editable, param_key, param_type, system, val) select max(id)+1,0, 'Orion(quickfire) theme', b'1', 'quickfire.game.theme', 'String', b'0', 'quickfiretest' from param;
        </sql>
        <rollback>
            <sql>
                Delete from param where param_key='quickfire.game.theme'
            </sql>
        </rollback>
    </changeSet>
    <changeSet author="srikanth.manuri" id="REV-695-7">
        <comment> Adding quick fire game real csid parameter to params.</comment>
        <sql>
            INSERT INTO param (id,version, description, editable, param_key, param_type, system, val)
            select    max(id)+1,0, 'Orion(quickfire) real csid', b'1', 'quickfire.game.real.csid', 'String', b'0', '16603' from param;
        </sql>
        <rollback>
            <sql>
                Delete from param where param_key='quickfire.game.real.csid'
            </sql>
        </rollback>
    </changeSet>
    <changeSet author="srikanth.manuri" id="REV-695-8">
        <comment> Adding quick fire game real theme parameter to params.</comment>
        <sql>
            INSERT INTO param (id,version, description, editable, param_key, param_type, system, val)
            select    max(id)+1,0, 'Orion(quickfire) real theme', b'1', 'quickfire.game.real.theme', 'String', b'0', 'quickfire' from param;
        </sql>
        <rollback>
            <sql>
                Delete from param where param_key='quickfire.game.real.theme'
            </sql>
        </rollback>
    </changeSet>
    <changeSet author="srikanth.manuri" id="REV-695-9">
        <comment> Adding quick fire game real server id parameter to params.</comment>
        <sql>
            INSERT INTO param (id,version, description, editable, param_key, param_type, system, val)
            select    max(id)+1,0, 'Orion(quickfire) real server id', b'1', 'quickfire.game.real.serverid', 'String', b'0', '16603' from param;
        </sql>
        <rollback>
            <sql>
                Delete from param where param_key='quickfire.game.real.serverid'
            </sql>
        </rollback>
    </changeSet>
    <changeSet author="srikanth.manuri" id="REV-695-10">
        <comment>Rename quickfire.demo.csid to quickfire.game.demo.csid.</comment>
        <sql>
            update param set param_key='quickfire.game.demo.csid' where param_key='quickfire.demo.csid'
        </sql>
        <rollback>
            <sql>
                Delete from param where param_key='quickfire.game.demo.csid'
            </sql>
        </rollback>
    </changeSet>
    <changeSet author="srikanth.manuri" id="REV-695-11">
        <comment> Rename quickfire.game.theme to quickfire.game.demo.theme.</comment>
        <sql>
            update param set param_key='quickfire.game.demo.theme' where param_key='quickfire.game.theme'
        </sql>
        <rollback>
            <sql>
                Delete from param where param_key='quickfire.game.demo.theme'
            </sql>
        </rollback>
    </changeSet>
    <changeSet author="srikanth.manuri" id="REV-695-12">
        <comment> Rename quickfire.game.serverid to  quickfire.game.demo.serverid.</comment>
        <sql>
            update param set param_key='quickfire.game.demo.serverid' where param_key='quickfire.game.serverid'
        </sql>
        <rollback>
            <sql>
                Delete from param where param_key='quickfire.game.demo.serverid'
            </sql>
        </rollback>
    </changeSet>
</databaseChangeLog>
