<?xml version="1.0" encoding="UTF-8" standalone="no"?>
<databaseChangeLog xmlns="http://www.liquibase.org/xml/ns/dbchangelog" xmlns:xsi="http://www.w3.org/2001/XMLSchema-instance" xsi:schemaLocation="http://www.liquibase.org/xml/ns/dbchangelog http://www.liquibase.org/xml/ns/dbchangelog/dbchangelog-2.0.xsd">
    <changeSet author="rajendra.bayana" id="REV-1051-2-1">
        <comment>Adding new parameter for evolution redirect url and static urls.</comment>
        <sql>
            INSERT INTO param (id,version, description, editable, param_key, param_type, system, val)
            select max(id)+1,0, 'Evolution redirection URL', b'1', 'evolution.redirect.url', 'String', b'1', 'https://evolutionredirect.qa.nektan.com' from param;
            INSERT INTO param (id,version, description, editable, param_key, param_type, system, val)
            select max(id)+1,0, 'Evolution static URL', b'1', 'evolution.static.url', 'String', b'1', 'https://evolution.qa.nektan.com' from param;
        </sql>
        <rollback>
            <sql>
                Delete from param where param_key='evolution.redirect.url';
                Delete from param where param_key='evolution.static.url';
            </sql>
        </rollback>
    </changeSet>
</databaseChangeLog>