<?xml version="1.0" encoding="UTF-8" standalone="no"?>
<databaseChangeLog xmlns="http://www.liquibase.org/xml/ns/dbchangelog" xmlns:xsi="http://www.w3.org/2001/XMLSchema-instance" xsi:schemaLocation="http://www.liquibase.org/xml/ns/dbchangelog http://www.liquibase.org/xml/ns/dbchangelog/dbchangelog-2.0.xsd">
    <changeSet author="ramesh.kondapalli" id="REV-603-1">
        <comment>Adding IGT switch in params for game txns code refactor.</comment>
        <sql>
            INSERT INTO param (id,version, description, editable, param_key, param_type, system, val)
            select max(id)+1,0,'IGT Switch for enable/disable of refactoring.', b'1', 'igt.coderefactor.enable', 'Boolean',b'1', 'true' from param;
        </sql>
        <rollback>
            <sql>
                Delete from param where param_key='igt.coderefactor.enable'
            </sql>
        </rollback>
    </changeSet>
    <changeSet author="ramesh.kondapalli" id="REV-603-2">
        <comment>Adding IWG switch in params for game txns code refactor.</comment>
        <sql>
            INSERT INTO param (id,version, description, editable, param_key, param_type, system, val)
            select max(id)+1,0, 'IWG Switch for enable/disable of refactoring.', b'1', 'iwg.coderefactor.enable', 'Boolean', b'1', 'true' from param;
        </sql>
        <rollback>
            <sql>
                Delete from param where param_key='iwg.coderefactor.enable'
            </sql>
        </rollback>
    </changeSet>
    <changeSet author="veerendranath.kommisetty" id="REV-603-3">
        <comment>Add column to RGS table with allowZeroTransaction column.</comment>
        <addColumn tableName="rgs">
            <column name="allow_zero_transaction" type="boolean" defaultValueBoolean="false" >
                <constraints nullable="false" />
            </column>
        </addColumn>
        <rollback>
            <dropColumn tableName="rgs" columnName="allow_zero_transaction"/>
        </rollback>
    </changeSet>
    <changeSet author="veerendranath.kommisetty" id="REV-603-4">
        <comment>Update script to RGS table to update allow_zero_transaction column value to true for NETENT, IWG or IGT RGS.</comment>
        <sql>
            UPDATE RGS set allow_zero_transaction = true where name = 'NETENT_RGS' or name = 'IWG_RGS' or name = 'IGT_RGS';
        </sql>
        <rollback>
            <sql>
                UPDATE RGS set allow_zero_transaction = false where name = 'NETENT_RGS' or name = 'IWG_RGS' or name = 'IGT_RGS';
            </sql>
        </rollback>
    </changeSet>
    <changeSet author="veerendranath.kommisetty" id="REV-603-5">
        <comment>Remove column allow_zero_transaction from RGS table.</comment>
        <dropColumn tableName="rgs" columnName="allow_zero_transaction"/>
        <rollback>
            <addColumn tableName="rgs">
                <column name="allow_zero_transaction" type="boolean" defaultValueBoolean="false" >
                    <constraints nullable="false" />
                </column>
            </addColumn>
        </rollback>
    </changeSet>
    <changeSet author="veerendranath.kommisetty" id="REV-603-6">
        <comment>Add columns allowZeroWagerTransaction, allowZeroWinTransaction and create_separate_wager_and_win_txn to RGS table to allow zero transactions.</comment>
        <addColumn tableName="rgs">
            <column name="allow_zero_wager_transaction" type="boolean" defaultValueBoolean="false" >
                <constraints nullable="false" />
            </column>
            <column name="allow_zero_win_transaction" type="boolean" defaultValueBoolean="false" >
                <constraints nullable="false" />
            </column>
            <column name="create_separate_wager_and_win_txn" type="boolean" defaultValueBoolean="false" >
                <constraints nullable="false" />
            </column>
        </addColumn>
        <rollback>
            <dropColumn tableName="rgs" columnName="create_separate_wager_and_win_txn"/>
            <dropColumn tableName="rgs" columnName="allow_zero_win_transaction"/>
            <dropColumn tableName="rgs" columnName="allow_zero_wager_transaction"/>
        </rollback>
    </changeSet>
    <changeSet author="veerendranath.kommisetty" id="REV-603-7">
        <comment>Update script to RGS to update allow_zero_wager_transaction column value to true for NETENT RGS.</comment>
        <sql>
            UPDATE RGS set allow_zero_wager_transaction = true where name = 'NETENT_RGS';
        </sql>
        <rollback>
            <sql>
                UPDATE RGS set allow_zero_wager_transaction = false where name = 'NETENT_RGS';
            </sql>
        </rollback>
    </changeSet>
    <changeSet author="veerendranath.kommisetty" id="REV-603-8">
        <comment>Update script to RGS to update allow_zero_win_transaction column value to true for NETENT RGS, IWG or IGT RGS.</comment>
        <sql>
            UPDATE RGS set allow_zero_win_transaction = true where name = 'NETENT_RGS' or name = 'IWG_RGS' or name = 'IGT_RGS';
        </sql>
        <rollback>
            <sql>
                UPDATE RGS set allow_zero_win_transaction = false where name = 'NETENT_RGS' or name = 'IWG_RGS' or name = 'IGT_RGS';
            </sql>
        </rollback>
    </changeSet>
    <changeSet author="veerendranath.kommisetty" id="REV-603-9">
        <comment>Update script to RGS to update create_separate_wager_and_win_txn column value to true for IGT RGS.</comment>
        <sql>
            UPDATE RGS set create_separate_wager_and_win_txn = true where name = 'IGT_RGS';
        </sql>
        <rollback>
            <sql>
                UPDATE RGS set create_separate_wager_and_win_txn = false where name = 'IGT_RGS';
            </sql>
        </rollback>
    </changeSet>
</databaseChangeLog>