<?xml version="1.0" encoding="UTF-8" standalone="no"?>
<databaseChangeLog xmlns="http://www.liquibase.org/xml/ns/dbchangelog" xmlns:ext="http://www.liquibase.org/xml/ns/dbchangelog-ext" xmlns:xsi="http://www.w3.org/2001/XMLSchema-instance" xsi:schemaLocation="http://www.liquibase.org/xml/ns/dbchangelog-ext http://www.liquibase.org/xml/ns/dbchangelog/dbchangelog-ext.xsd http://www.liquibase.org/xml/ns/dbchangelog http://www.liquibase.org/xml/ns/dbchangelog/dbchangelog-3.3.xsd">
    <changeSet author="aniketh.chilke" id="pusher-revolve-params">
        <comment>Adding pusher connection related params.</comment>
        <!--Old values from config file
            pusherapp.host = "api.pusherapp.com"
            pusherapp.applicationId = "276435"
            pusherapp.applicationKey = "58d44d02f745acae74c6"
            pusherapp.applicationSecret = "49e1e899e2275ba160c6"-->
        <sql>
            INSERT INTO param (version, description, editable, param_key, param_type, system, val)
            values(0, 'Pusher app host name', b'1', 'pusherapp.host', 'String', b'1', 'api.pusherapp.com');
            INSERT INTO param (version, description, editable, param_key, param_type, system, val)
            values(0, 'Pusher app application ID', b'1', 'pusherapp.applicationId', 'String', b'1', '388678');
            INSERT INTO param (version, description, editable, param_key, param_type, system, val)
            values(0, 'Pusher app application key', b'1', 'pusherapp.applicationKey', 'String', b'1', '5986658878e311bf1cf3');
            INSERT INTO param (version, description, editable, param_key, param_type, system, val)
            values(0, 'Pusher app application secret', b'1', 'pusherapp.applicationSecret', 'String', b'1', '3339b98ebf494fcf0693');
        </sql>
        <rollback>
            <sql>
                Delete from param where param_key='pusherapp.host';
                Delete from param where param_key='pusherapp.applicationId';
                Delete from param where param_key='pusherapp.applicationKey';
                Delete from param where param_key='pusherapp.applicationSecret';
            </sql>
        </rollback>
    </changeSet>
</databaseChangeLog>
