<?xml version="1.0" encoding="UTF-8" standalone="no"?>
<databaseChangeLog xmlns="http://www.liquibase.org/xml/ns/dbchangelog"
                   xmlns:xsi="http://www.w3.org/2001/XMLSchema-instance"
                   xsi:schemaLocation="http://www.liquibase.org/xml/ns/dbchangelog http://www.liquibase.org/xml/ns/dbchangelog/dbchangelog-2.0.xsd">

    <changeSet author="aniketh.chilke" id="REV-1331-11">
        <validCheckSum>any</validCheckSum>
        <comment>Modify data type of games from varchar to text because of huge size in varchar</comment>
        <modifyDataType columnName="games" newDataType="text" tableName="player_free_rounds"/>
        <rollback>
            <modifyDataType columnName="games" newDataType="VARCHAR(20800)" tableName="player_free_rounds"/>
        </rollback>
    </changeSet>

    <changeSet author="aniketh.chilke" id="REV-1331-12">
        <validCheckSum>any</validCheckSum>
        <comment>Modify data type of external_reference_id from BIGINT to VARCHAR</comment>
        <modifyDataType columnName="external_reference_id" newDataType="VARCHAR(255)" tableName="player_free_rounds"/>
        <rollback>
            <modifyDataType columnName="external_reference_id" newDataType="BIGINT(20)" tableName="player_free_rounds"/>
        </rollback>
    </changeSet>

    <changeSet author="aniketh.chilke" id="REV-1331-13">
        <validCheckSum>any</validCheckSum>
        <comment>Add new column httpRequestId to bonus table. </comment>
        <addColumn tableName="player_free_rounds">
            <column name="http_request_id" type="VARCHAR(255)">
            </column>
        </addColumn>
    </changeSet>

    <changeSet author="aniketh.chilke" id="REV-1331-14">
        <validCheckSum>any</validCheckSum>
        <addColumn tableName="sub_provider">
            <column name="enable_bonus_by_game" type="BIT(1)" defaultValueBoolean="false"/>
        </addColumn>
        <rollback>
            <dropColumn tableName="sub_provider" columnName="enable_bonus_by_game"/>
        </rollback>
        <addColumn tableName="sub_provider">
            <column name="allow_free_rounds" type="BIT(1)" defaultValueBoolean="true"/>
        </addColumn>
        <rollback>
            <dropColumn tableName="sub_provider" columnName="allow_free_rounds"/>
        </rollback>
        <addColumn tableName="sub_provider">
            <column name="allowed_for_jackpot" type="BIT(1)" defaultValueBoolean="false"/>
        </addColumn>
        <rollback>
            <dropColumn tableName="sub_provider" columnName="allowed_for_jackpot"/>
        </rollback>
    </changeSet>

    <changeSet author="aniketh.chilke" id="REV-1331-15">
        <validCheckSum>any</validCheckSum>
        <addColumn tableName="bonus">
            <column name="sub_rgs_provider_id" type="BIGINT">
            <constraints nullable="true"/>
            </column>
        </addColumn>
        <rollback>
            <dropColumn tableName="bonus" columnName="sub_rgs_provider_id"/>
        </rollback>
    </changeSet>

    <changeSet author="aniketh.chilke" id="REV-1331-16">
        <validCheckSum>any</validCheckSum>
        <addForeignKeyConstraint baseColumnNames="sub_rgs_provider_id" baseTableName="bonus" constraintName="FK_bonus_Sub_Provider" deferrable="false" initiallyDeferred="false" onDelete="NO ACTION" onUpdate="NO ACTION" referencedColumnNames="id" referencedTableName="sub_provider" referencesUniqueColumn="false"/>
    </changeSet>

    <changeSet author="aniketh.chilke" id="REV-1331-17">
        <validCheckSum>any</validCheckSum>
        <addColumn tableName="sub_provider">
            <column name="rgs_id" type="BIGINT">
                <constraints nullable="true"/>
            </column>
        </addColumn>
        <rollback>
            <dropColumn tableName="sub_provider" columnName="rgs_id"/>
        </rollback>
    </changeSet>

    <changeSet author="aniketh.chilke" id="REV-1331-18">
        <validCheckSum>any</validCheckSum>
        <addForeignKeyConstraint baseColumnNames="rgs_id" baseTableName="sub_provider" constraintName="FK_Rgs_Sub_Provider" deferrable="false" initiallyDeferred="false" onDelete="NO ACTION" onUpdate="NO ACTION" referencedColumnNames="id" referencedTableName="rgs" referencesUniqueColumn="false"/>
    </changeSet>

    <changeSet author="aniketh.chilke" id="REV-1331-19">
        <validCheckSum>any</validCheckSum>
        <comment>update scripts to allow elite freespins only to pragmatic.</comment>
        <sql>
            update sub_provider set rgs_id=(select id from rgs where name='ELITE_RGS');
            update sub_provider set allow_free_rounds=false where name not in('PRAGMATIC');
        </sql>
        <rollback>
            <sql>
                update sub_provider set rgs_id = null;
                update sub_provider set allow_free_rounds=true where name not in('PRAGMATIC');
            </sql>
        </rollback>
    </changeSet>


</databaseChangeLog>

