<?xml version="1.0" encoding="UTF-8" standalone="no"?>
<databaseChangeLog xmlns="http://www.liquibase.org/xml/ns/dbchangelog" xmlns:xsi="http://www.w3.org/2001/XMLSchema-instance" xsi:schemaLocation="http://www.liquibase.org/xml/ns/dbchangelog http://www.liquibase.org/xml/ns/dbchangelog/dbchangelog-2.0.xsd">
    <changeSet author="aniketh.chilke" id="REV-1271-1">
        <validCheckSum>any</validCheckSum>
        <comment>Adding quickfire freespins connection time out parameters and aceess tooken url.</comment>
        <sql>
            INSERT INTO param (id,version, description, editable, param_key, param_type, system, val)
            select max(id)+1,0, 'Quickfire Freespins API Key', b'1', 'quickfire.freespins.APIKey', 'String', b'1', '4f3be333-08cc-46b9-87b1-1a15cf1eebe6' from param;
            INSERT INTO param (id,version, description, editable, param_key, param_type, system, val)
            select max(id)+1,0, 'QuickFire Free Spins Connection time out param', b'1', 'quickfire.freespins.connectiontimeout', 'Integer', b'1', '3000' from param;
            INSERT INTO param (id,version, description, editable, param_key, param_type, system, val)
            select max(id)+1,0, 'QuickFire Free Spins Read time out param', b'1', 'quickfire.freespins.readtimeout', 'Integer', b'1', '3000' from param;
            INSERT INTO param (id,version, description, editable, param_key, param_type, system, val)
            select max(id)+1,0, 'Quickfire Freespins URL for fetching access token', b'1', 'quickfire.freespins.access.token.url', 'String', b'1', 'https://operatorsecurityuat.valueactive.eu/System/OperatorSecurity/v1/operatortokens' from param;
            INSERT INTO param (id,version, description, editable, param_key, param_type, system, val)
            select max(id)+1,0, 'Quickfire Freespins URL for registering player', b'1', 'quickfire.freespins.register.url', 'String', b'1', 'https://api32.api.valueactive.eu/Banking/registration/v2/registrations/basic' from param;
            INSERT INTO param (id,version, description, editable, param_key, param_type, system, val)
            select max(id)+1,0, 'QuickFire Free Spins Registered Product ID', b'1', 'quickfire.freespins.registered.product.id', 'Integer', b'1', '25830' from param;
            INSERT INTO param (id,version, description, editable, param_key, param_type, system, val)
            select max(id)+1,0, 'Quickfire Freespins URL for acessing freegames API', b'1', 'quickfire.freespins.freegames.url', 'String', b'1', 'https://api32.api.valueactive.eu/Casino/FreeGames/v1' from param;
        </sql>
        <rollback>
            <sql>
                Delete from param where param_key='quickfire.freespins.APIKey';
                Delete from param where param_key='quickfire.freespins.connectiontimeout';
                Delete from param where param_key='quickfire.freespins.readtimeout';
                Delete from param where param_key='quickfire.freespins.access.token.url';
                Delete from param where param_key='quickfire.freespins.register.url';
                Delete from param where param_key='quickfire.freespins.registered.product.id';
                Delete from param where param_key='quickfire.freespins.freegames.url';
            </sql>
        </rollback>
    </changeSet>

    <changeSet author="aniketh.chilke" id="REV-1271-2">
        <validCheckSum>any</validCheckSum>
        <comment>Add new column quickfire_registered_user_id to player table. </comment>
        <addColumn tableName="player">
            <column name="quickfire_registered_user_id" type="BIGINT">
            </column>
        </addColumn>
    </changeSet>

    <changeSet author="aniketh.chilke" id="REV-1271-3">
        <validCheckSum>any</validCheckSum>
        <comment>Add new column quickfireOfferId to bonus table. </comment>
        <addColumn tableName="bonus">
            <column name="quickfire_offer_id" type="INT">
            </column>
        </addColumn>
    </changeSet>

    <changeSet author="aniketh.chilke" id="REV-1271-4">
        <validCheckSum>any</validCheckSum>
        <comment>Add new column isFaliedAtQuickfire to bonus table. </comment>
        <addColumn tableName="bonus">
            <column name="is_falied_at_quickfire" type="BIT(1)">
            </column>
        </addColumn>
    </changeSet>

    <changeSet author="aniketh.chilke" id="REV-1271-5">
        <validCheckSum>any</validCheckSum>
        <comment>Adding quickfire accounts url.</comment>
        <sql>
            INSERT INTO param (id,version, description, editable, param_key, param_type, system, val)
            select max(id)+1,0, 'Quickfire Accounts URL for accessing accounts API', b'1', 'quickfire.freespins.accounts.url', 'String', b'1', 'https://api32.api.valueactive.eu/Account/v1' from param;
        </sql>
        <rollback>
            <sql>
                Delete from param where param_key='quickfire.freespins.accounts.url';
            </sql>
        </rollback>
    </changeSet>

    <changeSet author="aniketh.chilke" id="REV-1271-6">
        <validCheckSum>any</validCheckSum>
        <comment>Add new column nearestCostPerBet to bonus table. </comment>
        <addColumn tableName="bonus">
            <column name="nearest_cost_per_bet" type="DECIMAL(19,2)">
            </column>
        </addColumn>
    </changeSet>

    <changeSet author="aniketh.chilke" id="REV-1271-7">
        <validCheckSum>any</validCheckSum>
        <comment>Add new column quickfireOfferId to bonus_dep_config table. </comment>
        <addColumn tableName="bonus_dep_config">
            <column name="quickfire_offer_id" type="INT">
            </column>
        </addColumn>
    </changeSet>

    <changeSet author="aniketh.chilke" id="REV-1271-8">
        <validCheckSum>any</validCheckSum>
        <comment>Add new column isFaliedAtQuickfire to bonus_dep_config table. </comment>
        <addColumn tableName="bonus_dep_config">
            <column name="is_falied_at_quickfire" type="BIT(1)">
            </column>
        </addColumn>
    </changeSet>

  <!--  <changeSet author="aniketh.chilke" id="REV-1271-7">
        <validCheckSum>any</validCheckSum>
        <comment>Add new column module_id to game table. </comment>
        <addColumn tableName="game">
            <column name="module_id" type="VARCHAR(255)">
            </column>
        </addColumn>
    </changeSet>

    <changeSet author="aniketh.chilke" id="REV-1271-8">
        <validCheckSum>any</validCheckSum>
        <comment>Add new column client_id to game table. </comment>
        <addColumn tableName="game">
            <column name="client_id" type="VARCHAR(255)">
            </column>
        </addColumn>
    </changeSet>-->

</databaseChangeLog>