<?xml version="1.0" encoding="UTF-8" standalone="no"?>
<databaseChangeLog xmlns="http://www.liquibase.org/xml/ns/dbchangelog" xmlns:xsi="http://www.w3.org/2001/XMLSchema-instance" xsi:schemaLocation="http://www.liquibase.org/xml/ns/dbchangelog http://www.liquibase.org/xml/ns/dbchangelog/dbchangelog-2.0.xsd">
    <changeSet author="veerendranath.kommisetty" id="REV-1274-1">
        <comment>Adding last deposit account id to player extra to accomodate Neteller change.</comment>
        <addColumn tableName="player_extra">
            <column name="last_deposit_account_id" type="VARCHAR(100)"></column>
        </addColumn>
    </changeSet>
</databaseChangeLog>