<?xml version="1.0" encoding="UTF-8" standalone="no"?>
<databaseChangeLog xmlns="http://www.liquibase.org/xml/ns/dbchangelog" xmlns:xsi="http://www.w3.org/2001/XMLSchema-instance" xsi:schemaLocation="http://www.liquibase.org/xml/ns/dbchangelog http://www.liquibase.org/xml/ns/dbchangelog/dbchangelog-2.0.xsd">

    <changeSet author="srikanth.manuri" id="REV-1083-1">
        <comment>Payment method country currency mapping table.</comment>
        <createTable tableName="pm_ctry_cur_mapping">
            <column name="payment_method_id" type="BIGINT(20)">
                <constraints nullable="false"/>
            </column>
            <column name="default_payment_method_id" type="BIGINT(20)">
                <constraints nullable="false"/>
            </column>
            <column name="card_type_id" type="INT(10)"/>
            <column name="operation_type" type="INT(10)">
                <constraints nullable="false"/>
            </column>
            <column autoIncrement="true" name="id" type="BIGINT(20)">
                <constraints primaryKey="true"/>
            </column>
            <column name="version" type="BIGINT(20)">
                <constraints nullable="false"/>
            </column>
        </createTable>
    </changeSet>
    <changeSet author="srikanth.manuri" id="REV-1083-2">
        <comment>Payment method country mapping table.</comment>
        <createTable tableName="pm_ctry_cur_mapping_country">
            <column name="pm_ctry_cur_mapping_countries_id" type="BIGINT(20)">
                <constraints nullable="false"/>
            </column>
            <column name="country_id" type="BIGINT(20)">
                <constraints nullable="false"/>
            </column>
        </createTable>
    </changeSet>
    <changeSet author="srikanth.manuri" id="REV-1083-3">
        <comment>Payment method currency mapping table.</comment>
        <createTable tableName="pm_ctry_cur_mapping_currency">
            <column name="pm_ctry_cur_mapping_currencies_id" type="BIGINT(20)">
                <constraints nullable="false"/>
            </column>
            <column name="currency_id" type="BIGINT(20)">
                <constraints nullable="false"/>
            </column>
        </createTable>
    </changeSet>
    <changeSet author="srikanth.manuri" id="REV-1083-4">
        <comment>Payment method allowed payment method(s) mapping table.</comment>
        <createTable tableName="pm_ctry_cur_mapping_payment_method">
            <column name="allowed_payment_method_id" type="BIGINT(20)">
                <constraints nullable="false"/>
            </column>
            <column name="payment_method_id" type="BIGINT(20)">
                <constraints nullable="false"/>
            </column>
        </createTable>
    </changeSet>

    <changeSet author="srikanth.manuri" id="REV-1083-5">
        <comment>Payment solution table.</comment>
        <createTable tableName="payment_solution">
            <column autoIncrement="true" name="id" type="BIGINT(20)">
                <constraints nullable="false" primaryKey="true"/>
            </column>
            <column name="version" type="BIGINT">
                <constraints nullable="false"/>
            </column>
            <column name="description" type="VARCHAR(150)">
                <constraints nullable="false"/>
            </column>
            <column defaultValueBoolean="true" name="is_enabled" type="BIT">
                <constraints nullable="false"/>
            </column>
            <column name="name" type="VARCHAR(50)">
                <constraints nullable="false"/>
            </column>
            <column name="short_name" type="VARCHAR(30)">
                <constraints nullable="false"/>
            </column>
        </createTable>
    </changeSet>

    <changeSet author="srikanth.manuri" id="REV-1083-6">
        <comment>Adding Payment solution column to Payment Method table.</comment>
        <addColumn tableName="payment_method">
            <column name="payment_solution_id" type="BIGINT(20)">
                <constraints nullable="false"/>
            </column>
        </addColumn>
    </changeSet>

    <changeSet author="srikanth.manuri" id="REV-1083-7">
        <comment>Adding master data to Payment Solution table.</comment>
        <sqlFile path="/sql/REV-1083/payment-solution.sql" relativeToChangelogFile="true"/>
        <rollback>
            <sql>
                delete from payment_solution;
            </sql>
        </rollback>
    </changeSet>

    <changeSet author="srikanth.manuri" id="REV-1083-8">
        <comment>Adding Payment Solution to Payment Method.</comment>
        <sql>
            update payment_method set payment_solution_id=1 where short_name='skrill';
            update payment_method set payment_solution_id=2 where short_name='paySafeCard';
            update payment_method set payment_solution_id=3 where short_name='boku';
            update payment_method set payment_solution_id=4 where short_name='wireCard';
            update payment_method set payment_solution_id=5 where short_name='neteller';
            update payment_method set payment_solution_id=8 where short_name='paypal';
            update payment_method set payment_solution_id=4 where short_name='tsi';
            update payment_method set payment_solution_id=4 where short_name='clearhaus';
            update payment_method set payment_solution_id=7 where short_name='manual';
            update payment_method set payment_solution_id=9 where short_name='girogate';
            update payment_method set payment_solution_id=10 where short_name='trustly';
            update payment_method set payment_solution_id=11 where short_name='inpay';
            update payment_method set payment_solution_id=12 where short_name='pugglepay';
            update payment_method set payment_solution_id=13 where short_name='directpay';
            update payment_method set payment_solution_id=14 where short_name='withdrawal';
            update payment_method set payment_solution_id=15 where short_name='pendingtocredit';
            update payment_method set payment_solution_id=16 where short_name='skrill1tap';
            update payment_method set payment_solution_id=17 where short_name='CreditCards';
        </sql>
        <rollback>
            <sql>
                update payment_method set payment_solution_id = null;
            </sql>
        </rollback>
    </changeSet>

    <changeSet author="srikanth.manuri" id="REV-1083-9">
        <comment>Adding Payment Solution and Payment Method related permissions.</comment>
        <sql>
            insert into permission(version,category,description,name) values
            (0,'Payment Method', 'Create  Payment Method', 'PAYMENT_METHOD_CREATE'),
            (0,'Payment Method', 'Edit  Payment Method', 'PAYMENT_METHOD_EDIT'),
            (0,'Payment Method', 'View  Payment Method', 'PAYMENT_METHOD_VIEW'),
            (0,'Payment Method', 'Create  Payment Method Mapping(s)', 'PAYMENT_METHOD_MAPPING_CREATE'),
            (0,'Payment Method', 'Edit  Payment Method Mapping(s)', 'PAYMENT_METHOD_MAPPING_EDIT'),
            (0,'Payment Method', 'View  Payment Method Mapping(s)', 'PAYMENT_METHOD_MAPPING_VIEW'),
            (0,'Payment Solution', 'Create  Payment Solution', 'PAYMENT_SOLUTION_CREATE'),
            (0,'Payment Solution', 'Edit  Payment Solution', 'PAYMENT_SOLUTION_EDIT'),
            (0,'Payment Solution', 'View  Payment Solution', 'PAYMENT_SOLUTION_VIEW');
        </sql>
        <rollback>
            <sql>
                delete from permission where name = 'PAYMENT_METHOD_CREATE';
                delete from permission where name = 'PAYMENT_METHOD_EDIT';
                delete from permission where name = 'PAYMENT_METHOD_VIEW';
                delete from permission where name = 'PAYMENT_METHOD_MAPPING_CREATE';
                delete from permission where name = 'PAYMENT_METHOD_MAPPING_EDIT';
                delete from permission where name = 'PAYMENT_METHOD_MAPPING_VIEW';
                delete from permission where name = 'PAYMENT_SOLUTION_CREATE';
                delete from permission where name = 'PAYMENT_SOLUTION_EDIT';
                delete from permission where name = 'PAYMENT_SOLUTION_VIEW';

            </sql>
        </rollback>
    </changeSet>


    <changeSet author="srikanth.manuri" id="REV-1083-10">
        <comment>Adding card type table.</comment>
        <createTable tableName="card_type">
            <column name="name" type="VARCHAR(50)">
                <constraints nullable="false"/>
            </column>
            <column name="short_name" type="VARCHAR(50)">
                <constraints nullable="false"/>
            </column>
            <column name="id" type="BIGINT(20)" autoIncrement="true">
                <constraints nullable="false" primaryKey="true"/>

            </column>
            <column name="version" type="BIGINT(20)">
                <constraints nullable="false"/>
            </column>
        </createTable>
    </changeSet>

    <changeSet author="srikanth.manuri" id="REV-1083-11">
        <comment>Adding master data to card type table.</comment>
        <sql>
            Insert into card_type(version,name,short_name) values
            (0,'Visa','VISA'),
            (0,'Master','MASTER'),
            (0,'Maestro','MAESTRO');
        </sql>
        <rollback>
            <sql>
                delete from card_type;
            </sql>
        </rollback>
    </changeSet>

    <changeSet author="srikanth.manuri" id="REV-1083-12">
        <comment>Adding name and short name uniqueness to payment solution</comment>
        <addUniqueConstraint tableName="payment_solution" columnNames="short_name" constraintName="UQ_paymentsolution_shortname" />
        <addUniqueConstraint tableName="payment_solution" columnNames="name" constraintName="UQ_paymentsolution_name" />
    </changeSet>

    <changeSet author="srikanth.manuri" id="REV-1083-13">
        <comment>Adding sepa_payout as Payment Solution.</comment>
        <sql>
            insert into payment_solution(name,short_name,description,is_enabled,version) values('sepa_payout','sepa_payout','sepa_payout',1,0);
        </sql>
        <rollback>
            <sql>
                delete from payment_solution where short_name='sepa_payout';
            </sql>
        </rollback>
    </changeSet>
    <changeSet author="srikanth.manuri" id="REV-1083-14">
        <comment>Adding payment solution id to Payment Method.</comment>
        <sql>
            update payment_method set payment_solution_id=4 where short_name='CreditCards';
            update payment_method set payment_solution_id=20 where short_name='sepa_payout';
        </sql>
        <rollback>
            <sql>
                update payment_method set payment_solution_id = null;
            </sql>
        </rollback>
    </changeSet>
    <changeSet author="srikanth.manuri" id="REV-1083-15">
        <comment>Removing wrong entries from Payment Method and Payment Solution.</comment>
        <sql>
            delete from payment_method where short_name='netTeller';
            delete from payment_method where short_name='paySafe';
            delete from payment_solution where id=17;
            delete from payment_solution where id=6;
            delete from payment_solution where id=19;
        </sql>
        <rollback>
            <sql>
                delete from payment_method where short_name='netTeller';
                delete from payment_method where short_name='paySafe';
                delete from payment_solution where id=17;
                delete from payment_solution where id=6;
                delete from payment_solution where id=19;
            </sql>
        </rollback>
    </changeSet>
</databaseChangeLog>