<?xml version="1.0" encoding="UTF-8" standalone="no"?>
<databaseChangeLog xmlns="http://www.liquibase.org/xml/ns/dbchangelog"
                   xmlns:xsi="http://www.w3.org/2001/XMLSchema-instance"
                   xsi:schemaLocation="http://www.liquibase.org/xml/ns/dbchangelog http://www.liquibase.org/xml/ns/dbchangelog/dbchangelog-2.0.xsd">

    <changeSet author="veerendranath.kommisetty" id="REV-1212-1">
        <validCheckSum>any</validCheckSum>
        <comment>Add new column nyx_locale.</comment>
        <addColumn tableName="language">
            <column name="nyx_locale" type="VARCHAR(20)">
                <constraints nullable="true"/>
            </column>
        </addColumn>
    </changeSet>
    <changeSet author="veerendranath.kommisetty" id="REV-1212-2">
        <validCheckSum>any</validCheckSum>
        <comment>Update nyx_locale column values with corresponding locales.</comment>
        <sql>
            update language set nyx_locale = 'en_us' where iso = 'en';
            update language set nyx_locale = 'sv_se' where iso = 'sv';
            update language set nyx_locale = 'de_de' where iso = 'de';
            update language set nyx_locale = 'fi_sf' where iso = 'fi';
            update language set nyx_locale = 'no_no' where iso = 'nb';
        </sql>
        <rollback>
            <sql>
                update language set nyx_locale = null where iso = 'en';
                update language set nyx_locale = null where iso = 'sv';
                update language set nyx_locale = null where iso = 'de';
                update language set nyx_locale = null where iso = 'fi';
                update language set nyx_locale = null where iso = 'nb';
            </sql>
        </rollback>
    </changeSet>

</databaseChangeLog>

