<?xml version="1.0" encoding="UTF-8" standalone="no"?>
<databaseChangeLog xmlns="http://www.liquibase.org/xml/ns/dbchangelog" xmlns:xsi="http://www.w3.org/2001/XMLSchema-instance" xsi:schemaLocation="http://www.liquibase.org/xml/ns/dbchangelog http://www.liquibase.org/xml/ns/dbchangelog/dbchangelog-2.0.xsd">

    <changeSet author="veerendranath.kommisetty" id="REV-1102-1" context="UK">
        <validCheckSum>any</validCheckSum>
        <comment>Unique id column creation in bonus table.</comment>
        <addColumn tableName="bonus">
            <column name="unique_id" type="VARCHAR(255)" defaultValue="">
                <constraints nullable="false" />
            </column>
        </addColumn>
    </changeSet>
    <changeSet author="srikanth.manuri" id="REV-1102-4" context="UK">
        <validCheckSum>any</validCheckSum>
        <comment>Dropping Unique id column in bonus table.</comment>
        <dropColumn tableName="bonus" columnName="unique_id"/>
        <rollback>
            <sql>
            </sql>
        </rollback>
    </changeSet>
    <changeSet author="srikanth.manuri" id="REV-1102-5" context="UK">
        <comment>Identifier column creation in bonus table.</comment>
        <addColumn tableName="bonus">
            <column name="identifier" type="INT(10)"/>
        </addColumn>
    </changeSet>
</databaseChangeLog>