<?xml version="1.0" encoding="UTF-8" standalone="no"?>
<databaseChangeLog xmlns="http://www.liquibase.org/xml/ns/dbchangelog" xmlns:xsi="http://www.w3.org/2001/XMLSchema-instance" xsi:schemaLocation="http://www.liquibase.org/xml/ns/dbchangelog http://www.liquibase.org/xml/ns/dbchangelog/dbchangelog-2.0.xsd">
    <changeSet author="srikanth.manuri" id="REV-898-1">
        <comment>Adding epg merchant auth URL to params table.</comment>
        <sql>
            insert into param(version, description, editable, param_key, param_type, system, val) values(1, 'URL to fetch EPG Auth Token', 1, 'epg.payments.merchant.auth.url', 'String', 0, 'https://epgjs-mep-stg.easypaymentgateway.com/auth/');
        </sql>
        <rollback>
            delete from param where param_key='epg.payments.merchant.auth.url';
        </rollback>
    </changeSet>
    <changeSet author="srikanth.manuri" id="REV-898-2">
        <comment>Adding last deposit account to player extra</comment>
        <addColumn tableName="player_extra">
            <column name="last_deposit_account" type="VARCHAR(100)"></column>
        </addColumn>
    </changeSet>
    <changeSet author="srikanth.manuri" id="REV-898-3">
        <comment>Adding epg merchant customer API URL to params table.</comment>
        <sql>
            insert into param(version, description, editable, param_key, param_type, system, val) values(1, 'URL to fetch EPG Customer Details', 1, 'epg.payments.merchant.customerAPI.url', 'String', 0, 'https://checkout-stg.easypaymentgateway.com/EPGCheckout/rest/online/customer');
        </sql>
        <rollback>
            delete from param where param_key='epg.payments.merchant.customerAPI.url';
        </rollback>
    </changeSet>
    <changeSet author="srikanth.manuri" id="REV-898-4">
        <comment>Adding epg merchant key to params table.</comment>
        <sql>
            insert into param(version, description, editable, param_key, param_type, system, val) values(1, 'EPG Merchant Key', 1, 'epg.payments.merchant.key', 'String', 0, 'f772818e-df5e-427d-95e0-f15b380367f2');
        </sql>
        <rollback>
            delete from param where param_key='epg.payments.merchant.key';
        </rollback>
    </changeSet>
    <changeSet author="srikanth.manuri" id="REV-898-5">
        <comment>Adding epg merchant charge to params table.</comment>
        <sql>
            insert into param(version, description, editable, param_key, param_type, system, val) values(1, 'EPG Merchant Charge URL', 1, 'epg.payments.merchant.charge.url', 'String', 0, 'https://epgjs-mep-stg.easypaymentgateway.com/charge');
        </sql>
        <rollback>
            delete from param where param_key='epg.payments.merchant.charge.url';
        </rollback>
    </changeSet>
    <changeSet author="srikanth.manuri" id="REV-898-6">
        <comment>Adding epg merchant checkout URL to params table.</comment>
        <sql>
            insert into param(version, description, editable, param_key, param_type, system, val) values(1, 'EPG Merchant Checkout URL', 1, 'epg.payments.merchant.checkout.url', 'String', 0, 'https://checkout-stg.easypaymentgateway.com/EPGCheckout');
        </sql>
        <rollback>
            delete from param where param_key='epg.payments.merchant.checkout.url';
        </rollback>
    </changeSet>

</databaseChangeLog>