<?xml version="1.0" encoding="UTF-8" standalone="no"?>
<databaseChangeLog xmlns="http://www.liquibase.org/xml/ns/dbchangelog" xmlns:xsi="http://www.w3.org/2001/XMLSchema-instance" xsi:schemaLocation="http://www.liquibase.org/xml/ns/dbchangelog http://www.liquibase.org/xml/ns/dbchangelog/dbchangelog-2.0.xsd">
    <changeSet author="veerendranath.kommisetty" id="REV-656-1">
        <comment>Adding Transaction SubTypes DepositBonus and depositTimePeriod.</comment>
        <sql>
            INSERT INTO transaction_subtype (id, version, description, name, short_name, transaction_type_id) VALUES((select max(t1.id)+1 from transaction_subtype t1), 0, 'deposit Bonus', 'deposit Bonus', 'depositBonus', 5);
            INSERT INTO transaction_subtype (id, version, description, name, short_name, transaction_type_id) VALUES((select max(t1.id)+1 from transaction_subtype t1), 0, 'deposit Time Period Bonus', 'deposit Time Period Bonus', 'depositTimePeriod', 5);
        </sql>
        <rollback>
            <sql>
                DELETE FROM transaction_subtype where short_name='depositBonus' and name='deposit Bonus';
                DELETE FROM transaction_subtype where short_name='depositTimePeriod' nad name='deposit Time Period Bonus';
            </sql>
        </rollback>
    </changeSet>
</databaseChangeLog>