<?xml version="1.0" encoding="UTF-8" standalone="no"?>
<databaseChangeLog xmlns="http://www.liquibase.org/xml/ns/dbchangelog"
                   xmlns:xsi="http://www.w3.org/2001/XMLSchema-instance"
                   xsi:schemaLocation="http://www.liquibase.org/xml/ns/dbchangelog http://www.liquibase.org/xml/ns/dbchangelog/dbchangelog-2.0.xsd">

    <changeSet author="veerendranath.kommisetty" id="REV-1265-1">
        <validCheckSum>any</validCheckSum>
        <comment>Add new column exclude_player_groups field to bonus table.</comment>
        <addColumn tableName="bonus">
            <column name="exclude_player_groups" type="boolean" defaultValueBoolean="false">
                <constraints nullable="false"/>
            </column>
        </addColumn>
    </changeSet>

</databaseChangeLog>

