<?xml version="1.0" encoding="UTF-8" standalone="no"?>
<databaseChangeLog xmlns="http://www.liquibase.org/xml/ns/dbchangelog"
                   xmlns:xsi="http://www.w3.org/2001/XMLSchema-instance"
                   xsi:schemaLocation="http://www.liquibase.org/xml/ns/dbchangelog http://www.liquibase.org/xml/ns/dbchangelog/dbchangelog-2.0.xsd">

    <changeSet author="Khaja.Hussain" id="REV-1309-1">
        <validCheckSum>any</validCheckSum>
        <comment>Create table player_blocked_payment_methods to block payment methods for a player</comment>
        <createTable tableName="player_blocked_payment_methods">
            <column name="player_id" type="BIGINT(20)">
                <constraints nullable="false"/>
            </column>
            <column name="payment_method_id" type="BIGINT(20)">
                <constraints nullable="false"/>
            </column>
        </createTable>
    </changeSet>

    <changeSet author="Khaja.Hussain" id="REV-1309-2">
        <comment>Add constraints to table player_blocked_payment_methods</comment>
        <addForeignKeyConstraint constraintName="FK_player_blocked_payment_methods_PLAYER_ID"         referencedTableName="player"         referencedColumnNames="id" baseColumnNames="player_id"         baseTableName="player_blocked_payment_methods"/>
        <addForeignKeyConstraint constraintName="FK_player_blocked_payment_methods_PAYMENT_METHOD_ID" referencedTableName="payment_method" referencedColumnNames="id" baseColumnNames="payment_method_id" baseTableName="player_blocked_payment_methods"/>
    </changeSet>


    <changeSet author="Khaja.Hussain" id="REV-1309-3">
        <validCheckSum>any</validCheckSum>
        <comment>Create table player_blocked_card_details to block card details for a player</comment>
        <createTable tableName="player_blocked_card_details">
            <column autoIncrement="true" name="id" type="BIGINT">
                <constraints nullable="false" primaryKey="true"/>
            </column>
            <column name="player_id" type="BIGINT(20)">
                <constraints nullable="false"/>
            </column>
            <column name="card_detail_id" type="BIGINT(20)">
                <constraints nullable="false"/>
            </column>
        </createTable>
    </changeSet>

    <changeSet author="Khaja.Hussain" id="REV-1309-4">
        <comment>Add constraints to table player_blocked_payment_method_mapping</comment>
        <addForeignKeyConstraint constraintName="FK_player_blocked_card_details_PLAYER_ID"      referencedTableName="player"      referencedColumnNames="id" baseColumnNames="player_id"      baseTableName="player_blocked_card_details"/>
        <addForeignKeyConstraint constraintName="FK_player_blocked_card_details_CARD_DETAIL_ID" referencedTableName="card_detail" referencedColumnNames="id" baseColumnNames="card_detail_id" baseTableName="player_blocked_card_details"/>
    </changeSet>

    <changeSet author="Khaja.Hussain" id="REV-1309-5">
        <validCheckSum>any</validCheckSum>
        <comment>Create table site_blocked_payment_methods to block payment methods for a site</comment>
        <createTable tableName="site_blocked_payment_methods">
            <column name="site_id" type="BIGINT(20)">
                <constraints nullable="false"/>
            </column>
            <column name="payment_method_id" type="BIGINT(20)">
                <constraints nullable="false"/>
            </column>
        </createTable>
    </changeSet>

    <changeSet author="Khaja.Hussain" id="REV-1309-6">
        <comment>Add constraints to table site_blocked_payment_methods</comment>
        <addForeignKeyConstraint constraintName="FK_site_blocked_payment_methods_SITE_ID"           referencedTableName="site"           referencedColumnNames="id" baseColumnNames="site_id"           baseTableName="site_blocked_payment_methods"/>
        <addForeignKeyConstraint constraintName="FK_site_blocked_payment_methods_PAYMENT_METHOD_ID" referencedTableName="payment_method" referencedColumnNames="id" baseColumnNames="payment_method_id" baseTableName="site_blocked_payment_methods"/>
    </changeSet>


</databaseChangeLog>

