<?xml version="1.0" encoding="UTF-8" standalone="no"?>
<databaseChangeLog xmlns="http://www.liquibase.org/xml/ns/dbchangelog" xmlns:xsi="http://www.w3.org/2001/XMLSchema-instance" xsi:schemaLocation="http://www.liquibase.org/xml/ns/dbchangelog http://www.liquibase.org/xml/ns/dbchangelog/dbchangelog-2.0.xsd">
    <changeSet author="rajendra.bayana" id="REV-34-1">
        <comment> Adding allow free rounds to RGS table.</comment>
        <addColumn tableName="rgs">
            <column name="allow_free_rounds" type="boolean" defaultValueBoolean="false">
            </column>
        </addColumn>
        <rollback>
            <dropColumn tableName="rgs" columnName="allow_free_rounds"/>
        </rollback>
    </changeSet>
    <changeSet author="rajendra.bayana" id="REV-34-2">
        <comment> Updating NETENT_RGS with value true.</comment>
        <sql>
            update rgs set allow_free_rounds = 1 where name = 'NETENT_RGS';
        </sql>
        <rollback>
            <sql>
                update rgs set allow_free_rounds = 0 where name = 'NETENT_RGS';
            </sql>
        </rollback>
    </changeSet>
    <changeSet author="rajendra.bayana" id="REV-34-3">
        <comment> Adding number of line to Game table.</comment>
        <addColumn tableName="game">
            <column name="no_of_lines" type="BIGINT"></column>
        </addColumn>
        <rollback>
            <dropColumn tableName="game" columnName="no_of_lines"/>
        </rollback>
    </changeSet>
    <changeSet id="REV-34-4" author="ramesh.kondapalli">
        <comment>Adding new columns for player_free_rounds table</comment>
        <addColumn tableName="player_free_rounds">
            <column name="free_rounds_balance" type="BIGINT"></column>
        </addColumn>
        <addColumn tableName="player_free_rounds">
            <column name="status" type="int(11)"></column>
        </addColumn>
        <addColumn tableName="player_free_rounds">
            <column name="last_updated" type="DATETIME"></column>
        </addColumn>
        <addColumn tableName="player_free_rounds">
            <column name="created_by_id" type="BIGINT">
                <constraints nullable="true"/>
            </column>
        </addColumn>
        <addColumn tableName="player_free_rounds">
            <column name="last_edited_by_id" type="BIGINT">
                <constraints nullable="true"/>
            </column>
        </addColumn>
        <addColumn tableName="player_free_rounds">
            <column name="in_game" type="BIT"  defaultValueBoolean="false">
                <constraints nullable="false"/>
            </column>
        </addColumn>
    </changeSet>
    <changeSet id="REV-34-5" author="ramesh.kondapalli">
        <comment>Updating default value for free_rounds_balance</comment>
        <sql>update player_free_rounds set free_rounds_balance=no_of_free_rounds,status=5</sql>
        <rollback>
            <sql>
                update player_free_rounds set free_rounds_balance = null,status=0;
            </sql>
        </rollback>
    </changeSet>
    <changeSet author="ramesh.kondapalli" id="REV-34-6">
        <comment>Adding new table player_free_rounds_game_config.</comment>
        <createTable tableName="player_free_rounds_game_config">
            <column autoIncrement="true" name="id" type="BIGINT">
                <constraints nullable="false" primaryKey="true"/>
            </column>
            <column name="game_id" type="BIGINT">
                <constraints nullable="false"/>
            </column>
            <column name="player_free_rounds_id" type="BIGINT">
                <constraints nullable="false"/>
            </column>
        </createTable>
    </changeSet>
    <changeSet id="REV-34-7" author="ramesh.kondapalli">
        <comment>Adding foreign key constraints for player_free_rounds_game_config table.</comment>
        <addForeignKeyConstraint baseTableName="player_free_rounds_game_config" baseColumnNames="game_id" constraintName="fk_pfrgc_game_id" referencedTableName="game" referencedColumnNames="id"/>
        <addForeignKeyConstraint baseTableName="player_free_rounds_game_config" baseColumnNames="player_free_rounds_id" constraintName="fk_pfrgc_player_free_rounds_id" referencedTableName="player_free_rounds" referencedColumnNames="id"/>
    </changeSet>
    <changeSet author="ramesh.kondapalli" id="REV-34-8">
        <comment>Adding new table free_rounds_rgs_config.</comment>
        <createTable tableName="free_rounds_rgs_config">
            <column autoIncrement="true" name="id" type="BIGINT">
                <constraints nullable="false" primaryKey="true"/>
            </column>
            <column name="rgs_id" type="BIGINT">
                <constraints nullable="false"/>
            </column>
            <column name="bonus_id" type="BIGINT">
                <constraints nullable="false"/>
            </column>
        </createTable>
    </changeSet>

    <changeSet id="REV-34-9" author="ramesh.kondapalli">
    <comment>Adding foreign key constraints for free_rounds_rgs_config table.</comment>
        <addForeignKeyConstraint baseTableName="free_rounds_rgs_config" baseColumnNames="rgs_id" constraintName="fk_frrc_rgs_id" referencedTableName="rgs" referencedColumnNames="id"/>
        <addForeignKeyConstraint baseTableName="free_rounds_rgs_config" baseColumnNames="bonus_id" constraintName="fk_frrc_bonus_id" referencedTableName="bonus" referencedColumnNames="id"/>
    </changeSet>
    <changeSet id="REV-34-10" author="ramesh.kondapalli">
        <validCheckSum>any</validCheckSum>
        <comment>Moving existing bonuses rgs configurations to free_rounds_rgs_config</comment>
        <sqlFile relativeToChangelogFile="true" path="sql//bonus-to-free-round-rgs//bonus_to_free_round_rgs_config_ins.sql" />
        <rollback>
            <sql>delete from free_rounds_rgs_config;</sql>
        </rollback>
    </changeSet>
    <changeSet author="ramesh.kondapalli" id="REV-34-11">
        <comment>Adding new table player_free_rounds_game_round_map.</comment>
        <createTable tableName="player_free_rounds_game_round_map">
            <column autoIncrement="true" name="id" type="BIGINT">
                <constraints nullable="false" primaryKey="true"/>
            </column>
            <column name="player_free_rounds_id" type="BIGINT">
                <constraints nullable="false"/>
            </column>
            <column name="game_round_id" type="BIGINT">
                <constraints nullable="false"/>
            </column>
            <column name="version" type="BIGINT">
                <constraints nullable="false"/>
            </column>
            <column name="status" type="varchar(20)">
                <constraints nullable="false"/>
            </column>
        </createTable>
    </changeSet>
    <changeSet id="REV-34-12" author="ramesh.kondapalli">
        <comment>Adding constraints for player_free_rounds_game_round_map table.</comment>
        <addUniqueConstraint columnNames="player_free_rounds_id, game_round_id" constraintName="unique_player_free_rounds_game_round_id" deferrable="false" disabled="false" initiallyDeferred="false" tableName="player_free_rounds_game_round_map"/>
        <createIndex tableName="player_free_rounds_game_round_map" indexName="FK_pfrgr_gqc9eff0g4rar5txh20retlh1">
            <column name="game_round_id"></column>
        </createIndex>
        <addForeignKeyConstraint baseTableName="player_free_rounds_game_round_map" baseColumnNames="player_free_rounds_id" constraintName="FK_pfrgr_playerFreeRounds" referencedTableName="player_free_rounds" referencedColumnNames="id"/>
        <addForeignKeyConstraint baseTableName="player_free_rounds_game_round_map" baseColumnNames="game_round_id" constraintName="FK_pfrgr_gameRound" referencedTableName="game_round" referencedColumnNames="id"/>
    </changeSet>

    <changeSet id="REV-34-13" author="ramesh.kondapalli">
        <comment>Adding freespin account type</comment>
        <sql>INSERT INTO `account_type` (`id`, `version`, `is_default`, `name`, `short_name`, `is_adjustable`) values
            (7 , 0, b'1', 'Freespin', 'FREESPIN', b'0');</sql>
        <rollback>
            <sql>
                delete from account_type where id = 7;
            </sql>
        </rollback>
    </changeSet>

    <changeSet id="REV-34-14" author="ramesh.kondapalli">
        <comment>Adding new transaction types for free spin transactions</comment>
        <sql>INSERT INTO `transaction_type` (`id`, `version`, `description`, `name`, `short_name`) VALUES
            (12, 0, 'free spin amount debited', 'freeSpinDebit', 'freeSpinDebit'),
            (13, 0, 'free spin amount credited', 'freeSpinCredit', 'freeSpinCredit'),
            (14, 0, 'free spin amount converted', 'freeSpinAmountConverted', 'freeSpinAmountConverted');
        </sql>
        <rollback>
            <sql>
                delete from transaction_type where id in (12,13,14);
            </sql>
        </rollback>
    </changeSet>
    <changeSet id="REV-34-15" author="ramesh.kondapalli">
        <comment>Adding free spin account for existing players</comment>
        <sql>INSERT INTO account (version,balance,currency_id,is_active,player_id,type)
            select 0, 0, currency_id ,1 , player_id, 7 from account where type = 1
            and player_id not in ( select player_id from account where type=7);
        </sql>
        <rollback>
            <sql>delete from account where type=7;</sql>
        </rollback>
    </changeSet>
    <changeSet id="REV-34-16" author="ramesh.kondapalli">
        <comment>Adding new columns for game_session table</comment>
        <addColumn tableName="game_session">
            <column name="freespin_token" type="VARCHAR(255)"></column>
        </addColumn>
        <addColumn tableName="game_session">
            <column name="freespin_ended_at" type="DATETIME"></column>
        </addColumn>
    </changeSet>
    <changeSet id="REV-34-17" author="ramesh.kondapalli">
        <comment>Updating max turnover multiplier of ols free round bonuses(NETENT) with '1'</comment>
        <sql>update bonus set max_turnover_multiplier = 1 where reward_type = 2;</sql>
        <rollback>
            <sql>
                update bonus set max_turnover_multiplier = null where reward_type = 2;
            </sql>
        </rollback>
    </changeSet>
    <changeSet id="REV-34-18" author="ramesh.kondapalli">
        <comment>Adding new transaction type(free spin amount forfeited) for free spin transactions</comment>
        <sql>INSERT INTO `transaction_type` (`id`, `version`, `description`, `name`, `short_name`) VALUES
            (15, 0, 'free spin amount forfeited', 'freeSpinAmountForfeited', 'freeSpinAmountForfeited');
        </sql>
        <rollback>
            <sql>
                delete from transaction_type where id = 15;
            </sql>
        </rollback>
    </changeSet>
    <changeSet id="REV-34-19" author="ramesh.kondapalli">
        <comment>Adding new columns for bonus table</comment>
        <modifyDataType tableName="bonus" columnName="automatic_forfeit_value" newDataType="DECIMAL(19,8)"/>
        <addColumn tableName="bonus">
            <column name="bet_level_from_game" type="BIT" defaultValueBoolean="false"></column>
        </addColumn>
        <sql>
            update bonus set automatic_forfeit_value = 0.10 where reward_type = 2;
        </sql>
        <rollback>
            <dropColumn tableName="bonus" columnName="bet_level_from_game"/>
            <modifyDataType tableName="bonus" columnName="automatic_forfeit_value" newDataType="BIGINT(20)"/>
        </rollback>
    </changeSet>
    <changeSet id="REV-34-20" author="ramesh.kondapalli">
        <comment>Adding new columns for player_free_rounds table</comment>
        <addColumn tableName="player_free_rounds">
            <column name="total_winning" type="DECIMAL(19,8)"></column>
        </addColumn>
        <rollback>
            <dropColumn tableName="player_free_rounds" columnName="total_winning"/>
        </rollback>
    </changeSet>
    <changeSet id="REV-34-21" author="ramesh.kondapalli">
        <comment>Adding new transaction type(free spin amount cancelled) for free spin transactions</comment>
        <sql>INSERT INTO `transaction_type` (`id`, `version`, `description`, `name`, `short_name`) VALUES
            (16, 0, 'free spin amount cancelled', 'freeSpinAmountCancelled', 'freeSpinAmountCancelled');
        </sql>
        <rollback>
            <sql>
                delete from transaction_type where id = 16;
            </sql>
        </rollback>
    </changeSet>
    <changeSet id="REV-34-22" author="ramesh.kondapalli">
        <comment>Updating automatic forfeit value for existing templates.</comment>
        <sql>
            update bonus set automatic_forfeit_value = 0.01 where bonus_type in (3,4) and automatic_forfeit_value is null;
        </sql>
        <rollback>
            <sql>
                update bonus set automatic_forfeit_value = null where bonus_type in (3,4) and automatic_forfeit_value is not null;
            </sql>
        </rollback>
    </changeSet>
    <changeSet id="REV-34-23" author="ramesh.kondapalli">
        <comment>Updating bet level if null for existing bonuses.</comment>
        <sql>
            update bonus set bet_level = 1 where (reward_type = 2 or bonus_type in (3,4)) and bet_level is null;
        </sql>
        <rollback>
            <sql>
                update bonus set bet_level = null where (reward_type = 2 or bonus_type in (3,4)) and bet_level is not null;
            </sql>
        </rollback>
    </changeSet>
    <changeSet id="REV-34-24" author="ramesh.kondapalli">
        <comment>Updating game_providers in the player_free_rounds table for existing free rounds bonuses.</comment>
        <sql>
            update player_free_rounds set game_providers = 'NETENT_RGS' where game_providers is null;
        </sql>
        <rollback>
            <sql>
                update player_free_rounds set game_providers = null where game_providers ='NETENT_RGS';
            </sql>
        </rollback>
    </changeSet>
    <changeSet id="REV-34-25" author="ramesh.kondapalli">
        <comment>Updating total_winning in the player_free_rounds table for existing free rounds bonuses.</comment>
        <sql>
            update player_free_rounds set total_winning = 0 where total_winning is null;
        </sql>
        <rollback>
            <sql>
                update player_free_rounds set total_winning = null where total_winning = 0;
            </sql>
        </rollback>
    </changeSet>
    <changeSet id="REV-34-26" author="ramesh.kondapalli">
        <comment>Adding unique constraint in GameSession table for freespin_token column.</comment>
        <addUniqueConstraint tableName="game_session" columnNames="freespin_token" constraintName="unique_freespin_token" deferrable="false" disabled="false" initiallyDeferred="false" />
    </changeSet>
    <changeSet id="REV-34-27" author="srikanth.manuri">
        <comment>Adding free spins bonus id column to GameSession table</comment>
        <addColumn tableName="game_session">
            <column name="player_free_rounds_id" type="BIGINT(20)"></column>
        </addColumn>
        <rollback>
            <dropColumn tableName="game_session" columnName="player_free_rounds_id"/>
        </rollback>
    </changeSet>
    <changeSet author="srikanth.manuri" id="REV-34-28">
        <comment> Adding free rounds expiry job parameter.</comment>
        <sql>
            INSERT INTO param (id,version, description, editable, param_key, param_type, system, val)
            select    max(id)+1,0, 'player free rounds expiry job', b'1', 'player.freeRounds.statusCheck.schedule.enable', 'Boolean', b'0', 'true' from param;
        </sql>
        <rollback>
            <sql>
                Delete from param where param_key='player.freeRounds.statusCheck.schedule.enable';
            </sql>
        </rollback>
    </changeSet>
</databaseChangeLog>
