<?xml version="1.0" encoding="UTF-8" standalone="no"?>
<databaseChangeLog xmlns="http://www.liquibase.org/xml/ns/dbchangelog"
                   xmlns:xsi="http://www.w3.org/2001/XMLSchema-instance"
                   xsi:schemaLocation="http://www.liquibase.org/xml/ns/dbchangelog http://www.liquibase.org/xml/ns/dbchangelog/dbchangelog-2.0.xsd">

    <changeSet author="veerendranath.kommisetty" id="REV-1307-1">
        <validCheckSum>any</validCheckSum>
        <comment>Adding parameters for deposit and login bonus optimization.</comment>
        <sql>
            insert into param(version, description, editable, param_key, param_type, system, val)
            values(0, 'login bonus optimized flag', 1, 'login.bonus.optimized.flag', 'Boolean', 1, true);
            insert into param(version, description, editable, param_key, param_type, system, val)
            values(0, 'deposit bonus optimized flag', 1, 'deposit.bonus.optimized.flag', 'Boolean', 1, true);
        </sql>
        <rollback>
            <sql>
                Delete from param where param_key='login.bonus.optimized.flag';
                Delete from param where param_key='deposit.bonus.optimized.flag';
            </sql>
        </rollback>
    </changeSet>

</databaseChangeLog>

