<?xml version="1.0" encoding="UTF-8" standalone="no"?>
<databaseChangeLog xmlns="http://www.liquibase.org/xml/ns/dbchangelog"
                   xmlns:xsi="http://www.w3.org/2001/XMLSchema-instance"
                   xsi:schemaLocation="http://www.liquibase.org/xml/ns/dbchangelog http://www.liquibase.org/xml/ns/dbchangelog/dbchangelog-2.0.xsd">

    <changeSet author="veerendranath.kommisetty" id="REV-1302-1">
        <validCheckSum>any</validCheckSum>
        <comment>Adding test parameters for checking qa-hyd env.</comment>
        <sql>
            insert into param(version, description, editable, param_key, param_type, system, val)
            values(0, 'no of records to be saved in a player group player batch', 1, 'bulk.playergroup.player.insert.batch.size', 'Integer', 1, '500');
        </sql>
        <rollback>
            <sql>
                Delete from param where param_key='bulk.playergroup.player.insert.batch.size';
            </sql>
        </rollback>
    </changeSet>

</databaseChangeLog>

