<?xml version="1.0" encoding="UTF-8" standalone="no"?>
<databaseChangeLog xmlns="http://www.liquibase.org/xml/ns/dbchangelog" xmlns:xsi="http://www.w3.org/2001/XMLSchema-instance" xsi:schemaLocation="http://www.liquibase.org/xml/ns/dbchangelog http://www.liquibase.org/xml/ns/dbchangelog/dbchangelog-2.0.xsd">
    <changeSet author="vasavi.kakumanu" id="REV-639-1">
        <addColumn tableName="bonus">
            <column name="account_validation_type" type="INT" >
                <constraints nullable="true"/>
            </column>
        </addColumn>
        <rollback>
            <dropColumn tableName="bonus" columnName="account_validation_type"/>
        </rollback>
    </changeSet>
    <changeSet author="vasavi.kakumanu" id="REV-639-2">
        <comment> Updating existing account validation type bonuses with account validation type as 1(email)</comment>
        <sql>
            update bonus set account_validation_type = 1 where bonus_type = 1 and account_validation_type is null;
        </sql>
        <rollback>
            <sql>
                update bonus set account_validation_type = 1 where bonus_type = 1 and account_validation_type is null;
            </sql>
        </rollback>
    </changeSet>
</databaseChangeLog>
