<?xml version="1.0" encoding="UTF-8" standalone="no"?>
<databaseChangeLog xmlns="http://www.liquibase.org/xml/ns/dbchangelog"
                   xmlns:xsi="http://www.w3.org/2001/XMLSchema-instance"
                   xsi:schemaLocation="http://www.liquibase.org/xml/ns/dbchangelog http://www.liquibase.org/xml/ns/dbchangelog/dbchangelog-2.0.xsd">

    <changeSet author="aniketh.chilke" id="REV-1259-1">
        <validCheckSum>any</validCheckSum>
        <comment>Adding new table player_group_site</comment>
        <createTable tableName="player_group_site">
            <column autoIncrement="true" name="id" type="BIGINT">
                <constraints nullable="false" primaryKey="true"/>
            </column>
            <column name="player_group_id" type="BIGINT(20)"/>
            <column name="site_id" type="BIGINT(20)"/>
        </createTable>
        <addForeignKeyConstraint baseColumnNames="player_group_id" baseTableName="player_group_site" constraintName="FK_player_group_site_player_group" deferrable="false" initiallyDeferred="false" onDelete="NO ACTION" onUpdate="NO ACTION" referencedColumnNames="id" referencedTableName="player_group" referencesUniqueColumn="false"/>
        <addForeignKeyConstraint baseColumnNames="site_id" baseTableName="player_group_site" constraintName="FK_player_group_site_site" deferrable="false" initiallyDeferred="false" onDelete="NO ACTION" onUpdate="NO ACTION" referencedColumnNames="id" referencedTableName="site" referencesUniqueColumn="false"/>
    </changeSet>

    <changeSet author="aniketh.chilke" id="REV-1259-2">
        <validCheckSum>any</validCheckSum>
        <comment>Insert current playergropus and sites in new table</comment>
        <sql>
        insert into player_group_site(player_group_id,site_id)
        select id,site_id from player_group
        </sql>
        <rollback>
            <sql>
                delete from player_group_site;
            </sql>
        </rollback>
    </changeSet>

    <changeSet author="aniketh.chilke" id="REV-1259-3">
        <validCheckSum>any</validCheckSum>
        <comment>Drop exsisting constraints from player group</comment>
        <dropForeignKeyConstraint baseTableName="player_group" constraintName="FK_pgp041221063"/>
        <rollback>
            <addForeignKeyConstraint baseColumnNames="site_id" baseTableName="player_group" constraintName="FK_pgp041221063" deferrable="false" initiallyDeferred="false" onDelete="NO ACTION" onUpdate="NO ACTION" referencedColumnNames="id" referencedTableName="site" referencesUniqueColumn="false"/>
        </rollback>
    </changeSet>

    <changeSet author="aniketh.chilke" id="REV-1259-4">
        <validCheckSum>any</validCheckSum>
        <comment>Drop exsisting site column from player group</comment>
        <dropColumn columnName="site_id" tableName="player_group"/>
        <rollback>
            <addColumn tableName="player_group">
                <column name="site_id" type="BIGINT(20)"/>
            </addColumn>
        </rollback>
    </changeSet>

</databaseChangeLog>