<?xml version="1.0" encoding="UTF-8" standalone="no"?>
<databaseChangeLog xmlns="http://www.liquibase.org/xml/ns/dbchangelog"
                   xmlns:xsi="http://www.w3.org/2001/XMLSchema-instance"
                   xsi:schemaLocation="http://www.liquibase.org/xml/ns/dbchangelog http://www.liquibase.org/xml/ns/dbchangelog/dbchangelog-2.0.xsd">
    <changeSet author="veerendranath.kommisetty" id="REV-1454-1">
        <validCheckSum>any</validCheckSum>
        <comment>Adding new table payment_record_details.</comment>
        <createTable tableName="payment_record_details">
            <column autoIncrement="true" name="id" type="BIGINT(20)">
                <constraints nullable="false" primaryKey="true"/>
            </column>
            <column name="version" type="BIGINT">
                <constraints nullable="false"/>
            </column>
            <column name="payment_record_id" type="BIGINT">
                <constraints nullable="false"/>
            </column>
            <column name="created_at" type="DATETIME">
                <constraints nullable="false"/>
            </column>
            <column name="txn_id" type="VARCHAR(50)">
                <constraints nullable="true"/>
            </column>
            <column name="user_id" type="VARCHAR(50)">
                <constraints nullable="true"/>
            </column>
            <column name="issuer_name" type="VARCHAR(100)">
                <constraints nullable="true"/>
            </column>
            <column name="issuer_confirmation" type="VARCHAR(50)">
                <constraints nullable="true"/>
            </column>
        </createTable>
    </changeSet>
    <changeSet author="veerendranath.kommisetty" id="REV-1454-2">
        <validCheckSum>any</validCheckSum>
        <comment>Adding foreignkey constraint in payment_record_details table for payment_record_id column.</comment>
        <addForeignKeyConstraint baseColumnNames="payment_record_id" baseTableName="payment_record_details" constraintName="FK_payrecdet_payrec_id" deferrable="false" initiallyDeferred="false"
                                 onDelete="NO ACTION" onUpdate="NO ACTION" referencedColumnNames="id" referencedTableName="payment_record" referencesUniqueColumn="false"/>
    </changeSet>
</databaseChangeLog>

