<?xml version="1.0" encoding="UTF-8" standalone="no"?>
<databaseChangeLog xmlns="http://www.liquibase.org/xml/ns/dbchangelog"
                   xmlns:xsi="http://www.w3.org/2001/XMLSchema-instance"
                   xsi:schemaLocation="http://www.liquibase.org/xml/ns/dbchangelog http://www.liquibase.org/xml/ns/dbchangelog/dbchangelog-2.0.xsd">
    <changeSet author="khaja.hussain" id="REV-1252-1">
        <validCheckSum>any</validCheckSum>
        <comment>insert epg_message configuration data</comment>
        <sqlFile relativeToChangelogFile="true" path="sql//epg-messages//epg_csr_player_final.sql" />
        <rollback>
            <sql>
                delete from epg_message;
            </sql>
        </rollback>
    </changeSet>

    <changeSet author="khaja.hussain" id="REV-1252-2">
        <validCheckSum>any</validCheckSum>
        <comment>modify the player_message and error_code nullable value</comment>
        <dropNotNullConstraint columnDataType="VARCHAR(255)" columnName="player_message"  tableName="epg_message"/>
        <addNotNullConstraint  columnDataType="VARCHAR(20)" columnName="error_code"      tableName="epg_message"/>
        <addUniqueConstraint tableName="epg_message" columnNames="error_code" constraintName="unique_error_code" deferrable="false" disabled="false" initiallyDeferred="false" />
        <rollback>
            <addNotNullConstraint columnDataType="VARCHAR(255)" columnName="player_message"  tableName="epg_message"/>
        </rollback>
    </changeSet>

</databaseChangeLog>

