<?xml version="1.0" encoding="UTF-8" standalone="no"?>
<databaseChangeLog xmlns="http://www.liquibase.org/xml/ns/dbchangelog" xmlns:xsi="http://www.w3.org/2001/XMLSchema-instance" xsi:schemaLocation="http://www.liquibase.org/xml/ns/dbchangelog http://www.liquibase.org/xml/ns/dbchangelog/dbchangelog-2.0.xsd">

    <changeSet author="aniketh.chilke" id="REV-998-1">
        <validCheckSum>any</validCheckSum>
        <comment>Add new column withdraw_confirmation_opt_in to player table. </comment>
        <addColumn tableName="player">
            <column name="withdraw_confirmation_opt_in" type="BIT(1)" defaultValueBoolean="true">
                <constraints nullable="false"/>
            </column>
        </addColumn>
    </changeSet>

    <changeSet author="aniketh.chilke" id="REV-998-2">
        <validCheckSum>any</validCheckSum>
        <comment>withdraw confirmation optin disabled for closed, fraud, self excluded and gamstop excluded players</comment>
        <sqlFile relativeToChangelogFile="true" path="sql//REV-998//update_withdraw_confirmation_opt_in.sql"/>
        <rollback>
            <sql>
                update player set withdraw_confirmation_opt_in=true where player_status_id in (select id from player_status where name in ('closed','fraud','selfExcluded','gamstopExcluded'));
            </sql>
        </rollback>
    </changeSet>

</databaseChangeLog>
