<?xml version="1.0" encoding="UTF-8" standalone="no"?>
<databaseChangeLog xmlns="http://www.liquibase.org/xml/ns/dbchangelog"
                   xmlns:xsi="http://www.w3.org/2001/XMLSchema-instance"
                   xsi:schemaLocation="http://www.liquibase.org/xml/ns/dbchangelog http://www.liquibase.org/xml/ns/dbchangelog/dbchangelog-2.0.xsd">

    <changeSet author="Khaja.Hussain" id="REV-1459-1">
        <validCheckSum>any</validCheckSum>
        <comment>Add new columns claims_per_period, claim_period to bonus table.</comment>
        <addColumn tableName="bonus">
            <column name="claims_per_period" type="BIGINT">
                <constraints nullable="true"/>
            </column>
            <column name="claim_period" type="BIGINT">
                <constraints nullable="true"/>
            </column>
        </addColumn>
    </changeSet>


</databaseChangeLog>

