<?xml version="1.0" encoding="UTF-8" standalone="no"?>
<databaseChangeLog xmlns="http://www.liquibase.org/xml/ns/dbchangelog"
                   xmlns:xsi="http://www.w3.org/2001/XMLSchema-instance"
                   xsi:schemaLocation="http://www.liquibase.org/xml/ns/dbchangelog http://www.liquibase.org/xml/ns/dbchangelog/dbchangelog-2.0.xsd">

    <changeSet author="aniketh.chilke" id="REV-1235-1">
        <validCheckSum>any</validCheckSum>
        <comment>Adding new columns enableGamstopSelfExcludeCheck to site table.</comment>
        <addColumn tableName="site">
            <column name="enable_gamstop_self_exclude_check" type="boolean" defaultValueBoolean="false" >
                <constraints nullable="false" />
            </column>
        </addColumn>
    </changeSet>

    <changeSet author="aniketh.chilke" id="REV-1235-2">
        <validCheckSum>any</validCheckSum>
        <comment>Adding configuration urls for Gamstop Integration.</comment>
        <sql>
            INSERT INTO param (id,version, description, editable, param_key, param_type, system, val)
            select max(id)+1,0, 'Gamstop Service URL', b'1', 'gamstop.service.url', 'String', b'1', 'https://api.gambusters.co.uk' from param;
            INSERT INTO param (id,version, description, editable, param_key, param_type, system, val)
            select max(id)+1,0, 'Gamstop Service API Key', b'1', 'gamstop.service.api.key', 'String', b'1', 'ca552d29f32751ff' from param;
        </sql>
        <rollback>
            <sql>
                Delete from param where param_key='gamstop.service.url';
                Delete from param where param_key='gamstop.service.api.key';
            </sql>
        </rollback>
    </changeSet>

    <changeSet author="aniketh.chilke" id="REV-1235-3">
        <validCheckSum>any</validCheckSum>
        <comment>Adding connection time out parameters for connecting to gamstop.</comment>
        <sql>
            INSERT INTO param (id,version, description, editable, param_key, param_type, system, val)
            select max(id)+1,0, 'Gamstop Connection time out param', b'1', 'gamstop.connectiontimeout', 'Integer', b'1', '3000' from param;
            INSERT INTO param (id,version, description, editable, param_key, param_type, system, val)
            select max(id)+1,0, 'Gamstop Read time out param', b'1', 'gamstop.readtimeout', 'Integer', b'1', '3000' from param;
        </sql>
        <rollback>
            <sql>
                Delete from param where param_key='gamstop.connectiontimeout';
                Delete from param where param_key='gamstop.readtimeout';
            </sql>
        </rollback>
    </changeSet>

    <changeSet author="aniketh.chilke" id="REV-1235-4">
        <validCheckSum>any</validCheckSum>
        <comment>Adding new player status for Gamstop Self Exclusion.</comment>
        <sql>
            insert into player_status(version, can_deposit, can_login, can_play, can_reactivate, can_resend_password, can_withdraw, colorcode, description, hidden, name)
            values(0, 0, 1, 0, 0, 0, 0, '#30c2db', 'Gamstop Self Excluded', 1, 'gamstopExcluded');
        </sql>
        <rollback>
            <sql>
                delete from player_status where name='gamstopExcluded';
            </sql>
        </rollback>
    </changeSet>

</databaseChangeLog>

