<?xml version="1.0" encoding="UTF-8" standalone="no"?>
<databaseChangeLog xmlns="http://www.liquibase.org/xml/ns/dbchangelog" xmlns:xsi="http://www.w3.org/2001/XMLSchema-instance" xsi:schemaLocation="http://www.liquibase.org/xml/ns/dbchangelog http://www.liquibase.org/xml/ns/dbchangelog/dbchangelog-2.0.xsd">
    <changeSet author="srikanth.manuri" id="REV-933-1">
        <comment>Adding has_played_on_app column to player extra</comment>
        <addColumn tableName="player_extra">
            <column name="has_played_on_app" type="BIT" defaultValueBoolean="false">
                <constraints nullable="false"/>
            </column>
        </addColumn>
    </changeSet>
    <changeSet author="srikanth.manuri" id="REV-933-2">
        <validCheckSum>any</validCheckSum>
        <comment>Updating has_played_on_app column for players logged in with APP.</comment>
        <sql>
            update player_extra t1 inner join player t2 on t1.id=t2.player_extra_id
            inner join (select player_id  from session
            where platform_id=2) t3 on t2.id=t3.player_id
            set t1.has_played_on_app=1;
        </sql>
        <rollback>
            update player_extra t1 inner join player t2 on t1.id=t2.player_extra_id
            inner join (select player_id  from session
            where platform_id=2) t3 on t2.id=t3.player_id
            set t1.has_played_on_app=0;
        </rollback>
    </changeSet>
</databaseChangeLog>