<?xml version="1.0" encoding="UTF-8" standalone="no"?>
<databaseChangeLog xmlns="http://www.liquibase.org/xml/ns/dbchangelog"
                   xmlns:xsi="http://www.w3.org/2001/XMLSchema-instance"
                   xsi:schemaLocation="http://www.liquibase.org/xml/ns/dbchangelog http://www.liquibase.org/xml/ns/dbchangelog/dbchangelog-2.0.xsd">

    <changeSet author="veerendranath.kommisetty" id="REV-1237-1">
        <validCheckSum>any</validCheckSum>
        <comment>Adding new columns enable_payment_method_change_threshold to site table.</comment>
        <addColumn tableName="site">
            <column name="enable_payment_method_change_threshold" type="boolean" defaultValueBoolean="false" >
                <constraints nullable="false" />
            </column>
        </addColumn>
    </changeSet>

</databaseChangeLog>

