<?xml version="1.0" encoding="UTF-8" standalone="no"?>
<databaseChangeLog xmlns="http://www.liquibase.org/xml/ns/dbchangelog" xmlns:xsi="http://www.w3.org/2001/XMLSchema-instance" xsi:schemaLocation="http://www.liquibase.org/xml/ns/dbchangelog http://www.liquibase.org/xml/ns/dbchangelog/dbchangelog-2.0.xsd">
    <changeSet author="srikanth.manuri" id="REV-1005-1">
        <comment>Adding all time deposit and withdraw amount columns to player extra table.</comment>
        <addColumn tableName="player_extra">
            <column name="all_time_deposit_amount" type="DECIMAL(19,8)"/>
            <column name="all_time_withdraw_amount" type="DECIMAL(19,8)"/>
        </addColumn>
    </changeSet>

</databaseChangeLog>