<?xml version="1.0" encoding="UTF-8" standalone="no"?>
<databaseChangeLog xmlns="http://www.liquibase.org/xml/ns/dbchangelog" xmlns:xsi="http://www.w3.org/2001/XMLSchema-instance" xsi:schemaLocation="http://www.liquibase.org/xml/ns/dbchangelog http://www.liquibase.org/xml/ns/dbchangelog/dbchangelog-2.0.xsd">
    <changeSet author="srikanth.manuri" id="REV-952-1">
        <comment>Changing Player Status name from CoolOff To TimeOut</comment>
        <sql>
            Update player_status set name = 'timeOut', description='Time out Period' where name = 'coolOff'
        </sql>
        <rollback>
            Update player_status set name = 'coolOff', description='Cool off Period' where name = 'timeOut'
        </rollback>
    </changeSet>

</databaseChangeLog>