<?xml version="1.0" encoding="UTF-8" standalone="no"?>
<databaseChangeLog xmlns="http://www.liquibase.org/xml/ns/dbchangelog" xmlns:xsi="http://www.w3.org/2001/XMLSchema-instance" xsi:schemaLocation="http://www.liquibase.org/xml/ns/dbchangelog http://www.liquibase.org/xml/ns/dbchangelog/dbchangelog-2.0.xsd">
   	<changeSet author="rajendra.bayana" id="REV-664-1">
        <comment>Adding last login days, timeperiod_days, previous_deposit_count, registration_days and exact fields to Bonus table.</comment>
        <addColumn tableName="bonus">
            <column name="last_login_days" type="BIGINT">
                <constraints nullable="true"/>
            </column>
            <column name="timeperiod_days" type="BIGINT">
                <constraints nullable="true"/>
            </column>
            <column name="previous_deposit_count" type="BIGINT">
                <constraints nullable="true"/>
            </column>
            <column name="registration_days" type="BIGINT">
                <constraints nullable="true"/>
            </column>
            <column name="is_exact_previous_deposit_count" type="boolean"/>
            <column name="is_exact_registration_days" type="boolean"/>
        </addColumn>
        <rollback>
            <dropColumn tableName="bonus" columnName="last_login_days"/>
            <dropColumn tableName="bonus" columnName="timeperiod_days"/>
            <dropColumn tableName="bonus" columnName="previous_deposit_count"/>
            <dropColumn tableName="bonus" columnName="is_exact_previous_deposit_count"/>
            <dropColumn tableName="bonus" columnName="registration_days"/>
            <dropColumn tableName="bonus" columnName="is_exact_registration_days"/>
        </rollback>
    </changeSet>
    <changeSet author="rajendra.bayana" id="REV-664-2">
        <comment> Moving previous count and time period days from bonus_dep_config to bonus for DOTP</comment>
        <sql>
            update bonus b set b.timeperiod_days = (select timeperiod_days from bonus_dep_config where bonus_id = b.id),
            b.previous_deposit_count = (select previous_deposit_count from bonus_dep_config where bonus_id = b.id) where bonus_type = 5;
        </sql>
        <rollback>
            <sql>
                update bonus b set b.timeperiod_days = null,b.previous_deposit_count = null where bonus_type = 5;
            </sql>
        </rollback>
    </changeSet>
    <changeSet author="rajendra.bayana" id="REV-664-3">
        <comment> Updating existing bonuses with default value.</comment>
        <sql>
            update bonus set is_exact_previous_deposit_count = 0, is_exact_registration_days = 0;
        </sql>
        <rollback>
            <sql>
                update bonus set is_exact_previous_deposit_count = null, is_exact_registration_days = null;
            </sql>
        </rollback>
    </changeSet>
    <changeSet author="rajendra.bayana" id="REV-664-4">
        <comment>Adding previous_logged_in_at(Stores the last but one login time) column to player extra table.</comment>
        <addColumn tableName="player_extra">
            <column name="previous_logged_in_at" type="DATETIME">
                <constraints nullable="true"/>
            </column>
        </addColumn>
    </changeSet>
    <changeSet author="rajendra.bayana" id="REV-664-5">
        <comment> Updating the previous_logged_in_at column with the data from last_logged_in_at column.</comment>
        <sql>
            update player_extra set previous_logged_in_at = last_logged_in_at;
        </sql>
        <rollback>
            <sql>
                update player_extra set previous_logged_in_at = null;
            </sql>
        </rollback>
    </changeSet>
</databaseChangeLog>
