<?xml version="1.0" encoding="UTF-8" standalone="no"?>
<databaseChangeLog xmlns="http://www.liquibase.org/xml/ns/dbchangelog" xmlns:xsi="http://www.w3.org/2001/XMLSchema-instance" xsi:schemaLocation="http://www.liquibase.org/xml/ns/dbchangelog http://www.liquibase.org/xml/ns/dbchangelog/dbchangelog-2.0.xsd">
    <changeSet author="vasavi.kakumanu" id="REV-522-08192016-1">
        <comment>Adding priority field to vip level table</comment>
        <addColumn tableName="viplevel">
            <column name="priority" type="INT" />
        </addColumn>
    </changeSet>
    <changeSet author="vasavi.kakumanu" id="REV-522-08192016-3">
        <comment>Adding pripority field to security level table </comment>
        <addColumn tableName="security_level">
            <column name="priority" type="INT" />
        </addColumn>
    </changeSet>
</databaseChangeLog>
