<?xml version="1.0" encoding="UTF-8" standalone="no"?>
<databaseChangeLog xmlns="http://www.liquibase.org/xml/ns/dbchangelog"
                   xmlns:xsi="http://www.w3.org/2001/XMLSchema-instance"
                   xsi:schemaLocation="http://www.liquibase.org/xml/ns/dbchangelog http://www.liquibase.org/xml/ns/dbchangelog/dbchangelog-2.0.xsd">

    <changeSet author="Khaja.Hussain" id="REV-1224-1">
        <validCheckSum>any</validCheckSum>
        <comment>Adding new 3 columns terms_and_conditions_accepted_date, privacy_policy_accepted_version, privacy_policy_accepted_date to player table to store player Terms And Conditions accepted date and Privacy Policy Version and accepted date</comment>
        <addColumn tableName="player">
            <column name="terms_and_conditions_accepted_date" type="DATETIME">
                <constraints nullable="true" />
            </column>
            <column name="privacy_policy_accepted_version" type="BIGINT">
                <constraints nullable="true" />
            </column>
            <column name="privacy_policy_accepted_date" type="DATETIME">
                <constraints nullable="true" />
            </column>
        </addColumn>
    </changeSet>

</databaseChangeLog>

