<?xml version="1.0" encoding="UTF-8" standalone="no"?>
<databaseChangeLog xmlns="http://www.liquibase.org/xml/ns/dbchangelog" xmlns:xsi="http://www.w3.org/2001/XMLSchema-instance" xsi:schemaLocation="http://www.liquibase.org/xml/ns/dbchangelog http://www.liquibase.org/xml/ns/dbchangelog/dbchangelog-2.0.xsd">
    <changeSet author="vasavi.kakumanu" id="REV-1130-1">
        <validCheckSum>any</validCheckSum>
        <comment>Adding Choice Code field to bonus table</comment>
        <addColumn tableName="bonus">
            <column name="choice_code" type="VARCHAR(255)">
                <constraints nullable="true" unique="true"/>
            </column>
        </addColumn>
    </changeSet>
    <changeSet author="vasavi.kakumanu" id="REV-1130-2">
        <validCheckSum>any</validCheckSum>
        <comment>Updating choice code for existing registration bonuses</comment>
        <sqlFile relativeToChangelogFile="true" path="sql//REV-1130//registration-bonus-choice_code.sql" endDelimiter="/" />
        <rollback>
            <sql>
                DROP PROCEDURE IF EXISTS registration_bonus_choice_code;
            </sql>
        </rollback>
    </changeSet>
    <changeSet author="vasavi.kakumanu" id="REV-1130-3">
        <validCheckSum>any</validCheckSum>
        <comment>Call registration bonus update choice code.</comment>
        <sql>call registration_bonus_choice_code()</sql>
        <rollback>
            <sql/>
        </rollback>
    </changeSet>
</databaseChangeLog>
