<?xml version="1.0" encoding="UTF-8" standalone="no"?>
<databaseChangeLog xmlns="http://www.liquibase.org/xml/ns/dbchangelog" xmlns:xsi="http://www.w3.org/2001/XMLSchema-instance" xsi:schemaLocation="http://www.liquibase.org/xml/ns/dbchangelog http://www.liquibase.org/xml/ns/dbchangelog/dbchangelog-2.0.xsd">
   	<changeSet author="veerendranath.kommisetty" id="REV-657-1">
        <comment>Adding session to player_bonus table.</comment>
        <addColumn tableName="player_bonus">
            <column name="session_id" type="BIGINT">
                <constraints nullable="true"/>
            </column>
        </addColumn>
        <rollback>
            <dropColumn tableName="player_bonus" columnName="session_id"/>
        </rollback>
    </changeSet>
    <changeSet author="veerendranath.kommisetty" id="REV-657-2">
        <comment>Adding session to player_free_rounds table.</comment>
        <addColumn tableName="player_free_rounds">
            <column name="session_id" type="BIGINT">
                <constraints nullable="true"/>
            </column>
        </addColumn>
        <rollback>
            <dropColumn tableName="player_free_rounds" columnName="session_id"/>
        </rollback>
    </changeSet>
    <changeSet author="veerendranath.kommisetty" id="REV-657-3">
        <comment>Adding ForeignKeyConstraints on session to player_bonus and player_free_rounds tables.</comment>
        <addForeignKeyConstraint baseTableName="player_bonus" baseColumnNames="session_id" constraintName="FK_session_id_player_bonus"
                                 referencedTableName="session" referencedColumnNames="id"/>
        <addForeignKeyConstraint baseTableName="player_free_rounds" baseColumnNames="session_id" constraintName="FK_session_id_player_free_rounds"
                                 referencedTableName="session" referencedColumnNames="id"/>
        <rollback>
            <dropForeignKeyConstraint baseTableName="player_bonus" constraintName="FK_session_id_player_bonus"/>
            <dropForeignKeyConstraint baseTableName="player_free_rounds" constraintName="FK_session_id_player_free_rounds"/>
        </rollback>
    </changeSet>
</databaseChangeLog>
