<?xml version="1.0" encoding="UTF-8" standalone="no"?>
<databaseChangeLog xmlns="http://www.liquibase.org/xml/ns/dbchangelog" xmlns:xsi="http://www.w3.org/2001/XMLSchema-instance" xsi:schemaLocation="http://www.liquibase.org/xml/ns/dbchangelog http://www.liquibase.org/xml/ns/dbchangelog/dbchangelog-2.0.xsd">

    <changeSet author="aniketh.chilke" id="REV-1347-1">
        <validCheckSum>any</validCheckSum>
        <comment>create quickfire_game_config table to store module and clinet ids for supported freespin games.</comment>
        <createTable tableName="quickfire_game_config">
            <column autoIncrement="true" name="id" type="BIGINT(20)">
                <constraints nullable="false" primaryKey="true"/>
            </column>
            <column name="game_id" type="BIGINT(20)">
                <constraints nullable="false"/>
            </column>
            <column name="module_id" type="BIGINT(20)">
                <constraints nullable="false"/>
            </column>
            <column name="client_id" type="BIGINT(20)">
                <constraints nullable="false"/>
            </column>
        </createTable>
    </changeSet>

    <changeSet author="aniketh.chilke" id="REV-1347-2">
        <comment>Create index in quickfire_game_config table with module_id and client_id column.</comment>
        <sql>
            CREATE INDEX IDX_QUICKFIRE_GAME_CONFIG_MD_CD ON quickfire_game_config(module_id,client_id);
        </sql>
        <rollback>
            <sql>
                DROP INDEX IDX_QUICKFIRE_GAME_CONFIG_MD_CD ON quickfire_game_config;
            </sql>
        </rollback>
    </changeSet>

</databaseChangeLog>