<?xml version="1.0" encoding="UTF-8" standalone="no"?>
<databaseChangeLog xmlns="http://www.liquibase.org/xml/ns/dbchangelog" xmlns:xsi="http://www.w3.org/2001/XMLSchema-instance" xsi:schemaLocation="http://www.liquibase.org/xml/ns/dbchangelog http://www.liquibase.org/xml/ns/dbchangelog/dbchangelog-2.0.xsd">

    <changeSet author="veerendranath.kommisetty" id="REV-1451-1">
        <validCheckSum>any</validCheckSum>
        <comment>Adding a param to enable or disable optinoptout matching players.</comment>
        <sql>
            INSERT INTO param (version, description, editable, param_key, param_type, system, val)
            values(0, 'Enable or disable optin/optout matching players', b'1', 'optin.optout.matchingplayers.enable', 'Boolean', b'1', 'true');
        </sql>
        <rollback>
            <sql>
                delete from param where param_key = 'optin.optout.matchingplayers.enable';
            </sql>
        </rollback>
    </changeSet>
</databaseChangeLog>