<?xml version="1.0" encoding="UTF-8" standalone="no"?>
<databaseChangeLog xmlns="http://www.liquibase.org/xml/ns/dbchangelog"
                   xmlns:xsi="http://www.w3.org/2001/XMLSchema-instance"
                   xsi:schemaLocation="http://www.liquibase.org/xml/ns/dbchangelog http://www.liquibase.org/xml/ns/dbchangelog/dbchangelog-2.0.xsd">

    <changeSet author="aniketh.chilke" id="REV-1442">
        <validCheckSum>any</validCheckSum>
        <comment>Adding quickfire freespins get balance url.</comment>
        <sql>
            INSERT INTO param (id,version, description, editable, param_key, param_type, system, val)
            select max(id)+1,0, 'Elite Freespins API URL to fetch balance', b'1', 'elite.freespins.balance.url', 'String', b'1', 'https://b2basia-evolve.qa.nektan.com/games-connect/api/v1/reward/getFreeSpinsBalance' from param;
        </sql>
        <rollback>
            <sql>
                Delete from param where param_key='elite.freespins.balance.url';
            </sql>
        </rollback>
    </changeSet>

</databaseChangeLog>

