<?xml version="1.0" encoding="UTF-8" standalone="no"?>
<databaseChangeLog xmlns="http://www.liquibase.org/xml/ns/dbchangelog" xmlns:xsi="http://www.w3.org/2001/XMLSchema-instance" xsi:schemaLocation="http://www.liquibase.org/xml/ns/dbchangelog http://www.liquibase.org/xml/ns/dbchangelog/dbchangelog-2.0.xsd">
    <changeSet author="rajendra.bayana" id="REV-1051-1">
        <comment>Adding new parameter for evolution host name configuration.</comment>
        <sql>
            INSERT INTO param (id,version, description, editable, param_key, param_type, system, val)
            select max(id)+1,0, 'Evolution game server host name', b'1', 'evolution.gameserver.hostname', 'String', b'1', 'https://nektan.uat1.evo-test.com' from param;
        </sql>
        <rollback>
            <sql>
                Delete from param where param_key='evolution.gameserver.hostname';
            </sql>
        </rollback>
    </changeSet>
    <changeSet author="rajendra.bayana" id="REV-1051-2">
        <comment>Adding casino key for evolution intergration.</comment>
        <sql>
            INSERT INTO param (id,version, description, editable, param_key, param_type, system, val)
            select max(id)+1,0, 'Evolution casino key', b'1', 'evolution.casino.key', 'String', b'1', 'nektan0000000001' from param;
        </sql>
        <rollback>
            <sql>
                Delete from param where param_key='evolution.casino.key';
            </sql>
        </rollback>
    </changeSet>
    <changeSet author="rajendra.bayana" id="REV-1051-3">
        <comment>Adding API token for evolution intergration.</comment>
        <sql>
            INSERT INTO param (id,version, description, editable, param_key, param_type, system, val)
            select max(id)+1,0, 'Evolution API token', b'1', 'evolution.api.tken', 'String', b'1', 'test123' from param;
        </sql>
        <rollback>
            <sql>
                Delete from param where param_key='evolution.api.tken';
            </sql>
        </rollback>
    </changeSet>
    <changeSet author="rajendra.bayana" id="REV-1051-4">
        <comment>Adding new parameter for evolution integration brand id.</comment>
        <sql>
            INSERT INTO param (id,version, description, editable, param_key, param_type, system, val)
            select max(id)+1,0, 'Evolution integration brand id', b'1', 'evolution.integration.brand.id', 'String', b'1', 'nektan' from param;
        </sql>
        <rollback>
            <sql>
                Delete from param where param_key='evolution.integration.brand.id';
            </sql>
        </rollback>
    </changeSet>
    <changeSet author="rajendra.bayana" id="REV-1051-5">
        <comment>Adding new parameter for evolution integration skin code.</comment>
        <sql>
            INSERT INTO param (id,version, description, editable, param_key, param_type, system, val)
            select max(id)+1,0, 'Evolution integration skin code', b'1', 'evolution.integration.skin.code', 'String', b'1', 'nektan' from param;
        </sql>
        <rollback>
            <sql>
                Delete from param where param_key='evolution.integration.skin.code';
            </sql>
        </rollback>
    </changeSet>

    <changeSet author="rajendra.bayana" id="REV-1051-6">
        <comment>Adding connection time out and read time out for evolution session creation rest call.</comment>
        <sql>
            INSERT INTO `param` (`id`, `version`, `description`, `editable`, `param_key`, `param_type`, `system`, `val`)
            select max(id)+1, 0, 'EBO connection timeout', b'1', 'evolution.sessioncreate.connectiontimeout', 'Integer', b'0', '3000' from param;

            INSERT INTO `param` (`id`, `version`, `description`, `editable`, `param_key`, `param_type`, `system`, `val`)
            select max(id)+1, 0, 'EBO read timeout', b'1', 'evolution.sessioncreate.readtimeout', 'Integer', b'0', '3000' from param;
        </sql>
        <rollback>
            <sql>
                Delete from param where param_key='evolution.sessioncreate.connectiontimeout';
                Delete from param where param_key='evolution.sessioncreate.readtimeout';
            </sql>
        </rollback>
    </changeSet>
    <changeSet author="rajendra.bayana" id="REV-1051-7">
        <comment>Adding new parameter for evolution auth token.</comment>
        <sql>
            INSERT INTO param (id,version, description, editable, param_key, param_type, system, val)
            select max(id)+1,0, 'Evolution auth token', b'1', 'evolution.auth.token', 'String', b'1', 'Nektan123' from param;
        </sql>
        <rollback>
            <sql>
                Delete from param where param_key='evolution.auth.token';
            </sql>
        </rollback>
    </changeSet>
    <changeSet author="rajendra.bayana" id="REV-1051-8">
        <comment>Adding flag to rgs for enabling/disabling bonus by game</comment>
        <addColumn tableName="rgs">
            <column name="enable_bonus_by_game" type="BIT" defaultValueBoolean="false">
                <constraints nullable="false"/>
            </column>
        </addColumn>
        <sql>
            update rgs set enable_bonus_by_game = false where enable_bonus_by_game is null;
            update rgs set enable_bonus_by_game = true where name = 'NEKTAN_RGS';
        </sql>
        <rollback>
            <dropColumn tableName="rgs" columnName="enable_bonus_by_game"/>
        </rollback>
    </changeSet>
</databaseChangeLog>