<?xml version="1.0" encoding="UTF-8" standalone="no"?>
<databaseChangeLog xmlns="http://www.liquibase.org/xml/ns/dbchangelog" xmlns:xsi="http://www.w3.org/2001/XMLSchema-instance" xsi:schemaLocation="http://www.liquibase.org/xml/ns/dbchangelog http://www.liquibase.org/xml/ns/dbchangelog/dbchangelog-2.0.xsd">
    <changeSet author="veerendranath.kommisetty" id="REV-761-1">
        <comment>Adding Transaction Types for Cash Reward.</comment>
        <sql>
            INSERT INTO transaction_type (id, version, description, name, short_name) VALUES((select max(t1.id)+1 from transaction_type t1), 0, 'Cash Rewarded to player.', 'Cash Rewarded', 'cashRewarded');
        </sql>
        <rollback>
            <sql>
                DELETE FROM transaction_type where short_name='cashRewarded' and name='Cash Rewarded';
            </sql>
        </rollback>
    </changeSet>
    <changeSet author="veerendranath.kommisetty" id="REV-761-2">
        <comment>Adding Note Types for Cash Reward.</comment>
        <sql>
            INSERT INTO note_type (id, version, editable, hidden, name, selectable, short_name) VALUES((select max(n1.id)+1 from note_type n1), 0, 0, 0, 'Cash Rewarded', 1, 'cashRewarded');
        </sql>
        <rollback>
            <sql>
                DELETE FROM note_type where short_name='cashRewarded' and name='Cash Rewarded';
            </sql>
        </rollback>
    </changeSet>
</databaseChangeLog>