<?xml version="1.0" encoding="UTF-8" standalone="no"?>
<databaseChangeLog xmlns="http://www.liquibase.org/xml/ns/dbchangelog" xmlns:xsi="http://www.w3.org/2001/XMLSchema-instance" xsi:schemaLocation="http://www.liquibase.org/xml/ns/dbchangelog http://www.liquibase.org/xml/ns/dbchangelog/dbchangelog-2.0.xsd">
   	<changeSet author="srikanth.manuri" id="REV-468-1">
        <comment>Adding EPG Payment Record ID to Player_Bonus Table.</comment>
        <addColumn tableName="player_bonus">
            <column name="epg_payment_record_id" type="BIGINT">
                <constraints nullable="true"/>
            </column>
        </addColumn>
    </changeSet>
    <changeSet author="srikanth.manuri" id="REV-468-2">
        <comment>Adding EPG Payment Record ID to Player_Free_Rounds Table.</comment>
        <addColumn tableName="player_free_rounds">
            <column name="epg_payment_record_id" type="BIGINT">
                <constraints nullable="true"/>
            </column>
        </addColumn>
    </changeSet>
</databaseChangeLog>
