<?xml version="1.0" encoding="UTF-8" standalone="no"?>
<databaseChangeLog xmlns="http://www.liquibase.org/xml/ns/dbchangelog" xmlns:xsi="http://www.w3.org/2001/XMLSchema-instance" xsi:schemaLocation="http://www.liquibase.org/xml/ns/dbchangelog http://www.liquibase.org/xml/ns/dbchangelog/dbchangelog-2.0.xsd">
    <changeSet author="rajendra.bayana" id="REV-1121-1">
        <comment>Adding new table for Newlette cluster.</comment>
        <createTable tableName="newlette_cluster">
            <column autoIncrement="true" name="id" type="BIGINT(20)">
                <constraints nullable="false" primaryKey="true"/>
            </column>
            <column name="version" type="BIGINT">
                <constraints nullable="false"/>
            </column>
            <column name="description" type="VARCHAR(250)">
                <constraints nullable="false"/>
            </column>
            <column name="name" type="VARCHAR(50)">
                <constraints nullable="false"/>
            </column>
            <column name="short_name" type="VARCHAR(50)">
                <constraints nullable="false"/>
            </column>
        </createTable>
    </changeSet>
    <changeSet author="rajendra.bayana" id="REV-1121-2">
        <comment>Adding unique constraint in newlette_cluster table for short_name column.</comment>
        <addUniqueConstraint tableName="newlette_cluster" columnNames="short_name" constraintName="unique_short_name_newlette_cluster" deferrable="false" disabled="false" initiallyDeferred="false" />
    </changeSet>
    <changeSet author="rajendra.bayana" id="REV-1121-3">
        <comment>Inserting values to the newlette cluster table.</comment>
        <sql>
            insert into newlette_cluster(version, description, name, short_name) values
            (0, 'Un converted','Un converted','Unconverted'),
            (0, 'A Cluster 1','A Cluster 1','A_Cluster 1'),
            (0, 'A Cluster 2','A Cluster 2','A_Cluster 2'),
            (0, 'A Cluster 3','A Cluster 3','A_Cluster 3'),
            (0, 'A Cluster 4','A Cluster 4','A_Cluster 4'),
            (0, 'A Cluster 5','A Cluster 5','A_Cluster 5'),
            (0, 'A Cluster 6','A Cluster 6','A_Cluster 6'),
            (0, 'A Cluster 7','A Cluster 7','A_Cluster 7'),
            (0, 'A Cluster 8','A Cluster 8','A_Cluster 8'),
            (0, 'A Cluster 9','A Cluster 9','A_Cluster 9'),
            (0, 'A Cluster 10','A Cluster 10','A_Cluster 10'),
            (0, 'A Cluster 11','A Cluster 11','A_Cluster 11'),
            (0, 'A Cluster 12','A Cluster 12','A_Cluster 12'),
            (0, 'A Tables','A Tables','A_Tables'),
            (0, 'A Cluster 14','A Cluster 14','A_Cluster 14'),
            (0, 'All Negative','All Negative','All_Negative'),
            (0, 'All Abusive','All Abusive','All_Abusive'),
            (0, 'L Cluster 1','L Cluster 1','L_Cluster 1'),
            (0, 'L Cluster 2','L Cluster 2','L_Cluster 2'),
            (0, 'L Cluster 3','L Cluster 3','L_Cluster 3'),
            (0, 'L Cluster 4','L Cluster 4','L_Cluster 4'),
            (0, 'L tables','L tables','L_tables'),
            (0, 'D Cluster 1','D Cluster 1','D_Cluster 1'),
            (0, 'D Cluster 2','D Cluster 2','D_Cluster 2'),
            (0, 'D Cluster 3','D Cluster 3','D_Cluster 3'),
            (0, 'D Cluster 4','D Cluster 4','D_Cluster 4'),
            (0, 'D Cluster 5','D Cluster 5','D_Cluster 5'),
            (0, 'D Tables','D Tables','D_Tables'),
            (0, 'VIP Cluster 1','VIP Cluster 1','VIP_Cluster 1'),
            (0, 'VIP Cluster 2','VIP Cluster 2','VIP_Cluster 2'),
            (0, 'VIP Cluster 3','VIP Cluster 3','VIP_Cluster 3'),
            (0, 'VIP Cluster 4','VIP Cluster 4','VIP_Cluster 4'),
            (0, 'VIP Cluster 5','VIP Cluster 5','VIP_Cluster 5'),
            (0, 'VIP Cluster 6','VIP Cluster 6','VIP_Cluster 6'),
            (0, 'VIP Cluster 7','VIP Cluster 7','VIP_Cluster 7'),
            (0, 'VIP Cluster 8','VIP Cluster 8','VIP_Cluster 8'),
            (0, 'VIP Cluster 9','VIP Cluster 9','VIP_Cluster 9'),
            (0, 'VIP Cluster 10','VIP Cluster 10','VIP_Cluster 10'),
            (0, 'VIP Cluster 11','VIP Cluster 11','VIP_Cluster 11'),
            (0, 'VIP Cluster 12','VIP Cluster 12','VIP_Cluster 12'),
            (0, 'VIP Tables','VIP Tables','VIP_Tables'),
            (0, 'VIP Negative','VIP Negative','VIP_Negative');
        </sql>
        <rollback>
            <sql>
                truncate table newlette_cluster;
            </sql>
        </rollback>
    </changeSet>
    <changeSet author="rajendra.bayana" id="REV-1121-4">
        <comment>Add new table bonus_newlette_cluster.</comment>
        <createTable tableName="bonus_newlette_cluster">
            <column autoIncrement="true" name="id" type="BIGINT">
                <constraints nullable="false" primaryKey="true"/>
            </column>
            <column name="bonus_id" type="BIGINT">
                <constraints nullable="false"/>
            </column>
            <column name="newlette_cluster_id" type="BIGINT">
                <constraints nullable="false"/>
            </column>
        </createTable>
    </changeSet>
    <changeSet author="rajendra.bayana" id="REV-1121-5">
        <comment>Add Foreign Keys for bonus newlette cluster table.</comment>
        <addForeignKeyConstraint constraintName="FK_bonus_newletteCluster_bonus_id" referencedTableName="bonus" referencedColumnNames="id" baseColumnNames="bonus_id" baseTableName="bonus_newlette_cluster"/>
        <addForeignKeyConstraint constraintName="FK_bonus_newletteCluster_id" referencedTableName="newlette_cluster" referencedColumnNames="id" baseColumnNames="newlette_cluster_id" baseTableName="bonus_newlette_cluster"/>
    </changeSet>
    <changeSet author="rajendra.bayana" id="REV-1121-6">
        <comment>Adding newlette cluster column to player extra table</comment>
        <addColumn tableName="player_extra">
            <column name="newlette_cluster" type="VARCHAR(50)">
                <constraints nullable="true"/>
            </column>
        </addColumn>
    </changeSet>
</databaseChangeLog>