<?xml version="1.0" encoding="UTF-8" standalone="no"?>
<databaseChangeLog xmlns="http://www.liquibase.org/xml/ns/dbchangelog" xmlns:xsi="http://www.w3.org/2001/XMLSchema-instance" xsi:schemaLocation="http://www.liquibase.org/xml/ns/dbchangelog http://www.liquibase.org/xml/ns/dbchangelog/dbchangelog-2.0.xsd">

    <changeSet author="Khaja.Hussain" id="REV-1329-1">
        <validCheckSum>any</validCheckSum>
        <comment>Adding permission to update player "EnablePaymentMethodChangeThreshold"</comment>
        <sql>
            insert into permission(version,category,description,name) values (0,'Player', 'Player Payment Method Change Threshold', 'EDIT_PLAYER_THRESHOLD');
        </sql>
        <rollback>
            <sql>
                delete from permission where name = 'EDIT_PLAYER_THRESHOLD';
            </sql>
        </rollback>
    </changeSet>
    <changeSet author="Khaja.Hussain" id="REV-1329-2">
        <validCheckSum>any</validCheckSum>
        <comment>removing permission 'EDIT_PLAYER_THRESHOLD' from permission table</comment>
        <sql>
            delete from role_permission_map where permission_id in (select id from permission where name = 'EDIT_PLAYER_THRESHOLD');
            delete from permission where name = 'EDIT_PLAYER_THRESHOLD';
        </sql>
        <rollback>
            <sql>
                insert into permission(version,category,description,name) values (0,'Player', 'Player Payment Method Change Threshold', 'EDIT_PLAYER_THRESHOLD');
            </sql>
        </rollback>
    </changeSet>
</databaseChangeLog>