<?xml version="1.0" encoding="UTF-8" standalone="no"?>
<databaseChangeLog xmlns="http://www.liquibase.org/xml/ns/dbchangelog" xmlns:xsi="http://www.w3.org/2001/XMLSchema-instance" xsi:schemaLocation="http://www.liquibase.org/xml/ns/dbchangelog http://www.liquibase.org/xml/ns/dbchangelog/dbchangelog-2.0.xsd">
    <changeSet author="srikanth.manuri" id="REV-863-1">
        <comment>Adding SMS contactable flag to Player.</comment>
        <addColumn tableName="player">
            <column name="is_contactable_by_sms" defaultValueBoolean="false" type="BIT(1)">
                <constraints nullable="false"/>
            </column>
        </addColumn>
    </changeSet>
</databaseChangeLog>