<?xml version="1.0" encoding="UTF-8" standalone="no"?>
<databaseChangeLog xmlns="http://www.liquibase.org/xml/ns/dbchangelog" xmlns:xsi="http://www.w3.org/2001/XMLSchema-instance" xsi:schemaLocation="http://www.liquibase.org/xml/ns/dbchangelog http://www.liquibase.org/xml/ns/dbchangelog/dbchangelog-2.0.xsd">
    <changeSet author="srikanth.manuri" id="REV-1056-1">
        <comment>Adding fee_amount column to payment_record table.</comment>
        <addColumn tableName="payment_record">
            <column name="fee_amount" type="DECIMAL(19,2)">
                <constraints nullable="true" />
            </column>
        </addColumn>
    </changeSet>
</databaseChangeLog>