<?xml version="1.0" encoding="UTF-8" standalone="no"?>
<databaseChangeLog xmlns="http://www.liquibase.org/xml/ns/dbchangelog"
                   xmlns:xsi="http://www.w3.org/2001/XMLSchema-instance"
                   xsi:schemaLocation="http://www.liquibase.org/xml/ns/dbchangelog http://www.liquibase.org/xml/ns/dbchangelog/dbchangelog-2.0.xsd">

    <changeSet author="Khaja.Hussain" id="REV-1423-1">
        <validCheckSum>any</validCheckSum>
        <comment>Add new column sms_message_service_type_id to messaging_config table. </comment>
        <addColumn tableName="messaging_config">
            <column name="sms_message_service_type_id" type="BIGINT">
                <constraints nullable="false"/>
            </column>
        </addColumn>
    </changeSet>

    <changeSet author="Khaja.Hussain" id="REV-1423-2">
        <validCheckSum>any</validCheckSum>
        <comment>updating sms_message_service_type_id with message_service_type_id value in messaging_config table.</comment>
        <sql>
            update messaging_config set sms_message_service_type_id = message_service_type_id;
        </sql>
        <rollback>
            <sql>
                update messaging_config set sms_message_service_type_id = 0;
            </sql>
        </rollback>
    </changeSet>

    <changeSet author="Khaja.Hussain" id="REV-1423-3">
        <validCheckSum>any</validCheckSum>
        <comment>Create table open_market_message_service_config</comment>
        <createTable tableName="open_market_message_service_config">
            <column autoIncrement="true" name="id" type="BIGINT(20)">
                <constraints nullable="false" primaryKey="true"/>
            </column>
            <column name="version" type="BIGINT(20)">
                <constraints nullable="false"/>
            </column>
            <column name="active" type="boolean" defaultValueBoolean="true">
                <constraints nullable="false"/>
            </column>
            <column name="description" type="VARCHAR(255)" >
                <constraints nullable="false"/>
            </column>
            <column name="brand_name" type="VARCHAR(255)">
                <constraints nullable="false"/>
            </column>
            <column name="date_created" type="DATETIME">
                <constraints nullable="false"/>
            </column>
            <column name="default_channel" type="INT">
                <constraints nullable="false"/>
            </column>
            <column name="message_event_type" type="INT">
                <constraints nullable="false"/>
            </column>
            <column name="last_edited_by_id" type="BIGINT">
                <constraints nullable="true" />
            </column>
            <column name="last_updated" type="DATETIME">
                <constraints nullable="false"/>
            </column>
            <column name="site_id" type="BIGINT">
                <constraints nullable="false"/>
            </column>
            <column name="sms_message" type="VARCHAR(255)">
                <constraints nullable="true"/>
            </column>

        </createTable>
    </changeSet>

    <changeSet author="Khaja.Hussain" id="REV-1423-4">
        <validCheckSum>any</validCheckSum>
        <comment>Add new columns open_market_host_url, open_market_auth_key, open_market_source_address to site table. </comment>
        <addColumn tableName="site">
            <column name="open_market_host_url" type="VARCHAR(255)">
                <constraints nullable="true"/>
            </column>
            <column name="open_market_authorization_key" type="VARCHAR(100)">
                <constraints nullable="true"/>
            </column>
            <column name="open_market_source_address" type="VARCHAR(100)">
                <constraints nullable="true"/>
            </column>
        </addColumn>
    </changeSet>

    <changeSet author="Khaja.Hussain" id="REV-1423-5">
        <validCheckSum>any</validCheckSum>
        <comment>Adding foriegn keys to open_market_message_service_config table.</comment>

        <addForeignKeyConstraint constraintName="FK_OPEN_MARKET_MESSAGE_SERVICE_CONFIG_SITE_ID" referencedTableName="site"  referencedColumnNames="id" baseColumnNames="site_id"    baseTableName="open_market_message_service_config"/>
        <addForeignKeyConstraint constraintName="FK_OPEN_MARKET_MESSAGE_SERVICE_CONFIG_OPERATOR_ID" referencedTableName="operator" referencedColumnNames="id" baseColumnNames="last_edited_by_id" baseTableName="open_market_message_service_config"/>
    </changeSet>


</databaseChangeLog>

