<?xml version="1.0" encoding="UTF-8" standalone="no"?>
<databaseChangeLog xmlns="http://www.liquibase.org/xml/ns/dbchangelog" xmlns:xsi="http://www.w3.org/2001/XMLSchema-instance" xsi:schemaLocation="http://www.liquibase.org/xml/ns/dbchangelog http://www.liquibase.org/xml/ns/dbchangelog/dbchangelog-2.0.xsd">
    <changeSet author="rajendra.bayana" id="REV-939-1">
        <comment>Adding new table for player value.</comment>
        <createTable tableName="player_value">
            <column autoIncrement="true" name="id" type="BIGINT(20)">
                <constraints nullable="false" primaryKey="true"/>
            </column>
            <column name="version" type="BIGINT">
                <constraints nullable="false"/>
            </column>
            <column name="description" type="VARCHAR(250)">
                <constraints nullable="false"/>
            </column>
            <column name="name" type="VARCHAR(50)">
                <constraints nullable="false"/>
            </column>
            <column name="short_name" type="VARCHAR(50)">
                <constraints nullable="false"/>
            </column>
        </createTable>
    </changeSet>
    <changeSet author="rajendra.bayana" id="REV-939-2">
        <comment>Adding unique constraint in pleyr_value table for short_name column.</comment>
        <addUniqueConstraint tableName="player_value" columnNames="short_name" constraintName="unique_short_name_player_value" deferrable="false" disabled="false" initiallyDeferred="false" />
    </changeSet>
    <changeSet author="rajendra.bayana" id="REV-939-3">
        <comment>Inserting values to the player value table.</comment>
        <sql>
            insert into player_value(version, description, name, short_name) values
            (0, 'Has any VIP level','VIP','VIP'),
            (0, 'Average deposit amount equals or greater than 100','potential VIP','POTENTIAL-VIP'),
            (0, 'Total deposit amount less than 140','Low','LOW'),
            (0, 'Total deposit amount between  140 and 775','Medium','MEDIUM'),
            (0, 'Total deposit amount greater than 775','High','HIGH');
        </sql>
        <rollback>
            <sql>
                truncate table player_value;
            </sql>
        </rollback>
    </changeSet>
    <changeSet author="rajendra.bayana" id="REV-939-4">
        <comment>Adding new table for player activity.</comment>
        <createTable tableName="player_activity">
            <column autoIncrement="true" name="id" type="BIGINT(20)">
                <constraints nullable="false" primaryKey="true"/>
            </column>
            <column name="version" type="BIGINT">
                <constraints nullable="false"/>
            </column>
            <column name="description" type="VARCHAR(250)">
                <constraints nullable="false"/>
            </column>
            <column name="name" type="VARCHAR(50)">
                <constraints nullable="false"/>
            </column>
            <column name="short_name" type="VARCHAR(50)">
                <constraints nullable="false"/>
            </column>
        </createTable>
    </changeSet>
    <changeSet author="rajendra.bayana" id="REV-939-5">
        <comment>Adding unique constraint in player_activity table for short_name column.</comment>
        <addUniqueConstraint tableName="player_activity" columnNames="short_name" constraintName="unique_short_name_player_activity" deferrable="false" disabled="false" initiallyDeferred="false" />
    </changeSet>
    <changeSet author="rajendra.bayana" id="REV-939-6">
        <comment>Inserting values to the player activity table.</comment>
        <sql>
            insert into player_activity(version, description, name, short_name) values
            (0, 'None','None','NONE'),
            (0, 'Deposit count equal to 0 and created date is not in last 7 days','RND','RND'),
            (0, 'Deposit count equal to 1 and created date is not in last 7 days','1TD','1TD'),
            (0, 'Deposit count equal to 2 and created date is not in last 7 days','2TD','2TD'),
            (0, 'Deposit count less than or equal to 3 and created date is within last 7 days','WP','WP'),
            (0, 'Deposit count greater than or equal to 3 and played non demo game within last 14 days','Active','active'),
            (0, 'Deposit count greater than or equal to 3 and played non demo game between last 14 and 28 days','Pending lapsed','pending_lapsed'),
            (0, 'Deposit count greater than or equal to 3 and played non demo game between last 28 and 84 days','Lapsed 4','lapsed4'),
            (0, 'Deposit count greater than or equal to 3 and played non demo game before last 84 days','Lapsed 12','lapsed12');
        </sql>
        <rollback>
            <sql>
                truncate table player_activity;
            </sql>
        </rollback>
    </changeSet>
    <changeSet author="rajendra.bayana" id="REV-939-7">
        <validCheckSum>any</validCheckSum>
        <comment>Creating view vw_player_kpi.</comment>
        <sql>
            <![CDATA[create or replace view vw_player_kpi as
            SELECT p.id player_id ,(case
            when (deposit_count = 0 and (p.created_at < date(DATE_ADD(CURRENT_TIMESTAMP, INTERVAL -7 day)))) then 'RND'
            when (deposit_count = 1 and (p.created_at < date(DATE_ADD(CURRENT_TIMESTAMP, INTERVAL -7 day)))) then '1TD'
            when (deposit_count = 2 and (p.created_at < date(DATE_ADD(CURRENT_TIMESTAMP, INTERVAL -7 day)))) then '2TD'
            when (deposit_count <= 3 and (p.created_at >= date(DATE_ADD(CURRENT_TIMESTAMP, INTERVAL -7 day)))) then 'WP'
            when (deposit_count >= 3 and (ifnull(pe.last_non_demo_game_played_at,'2000-01-01') >= date(DATE_ADD(CURRENT_TIMESTAMP, INTERVAL -14 day)))) then 'active'
            when (deposit_count >= 3 and (ifnull(pe.last_non_demo_game_played_at,'2000-01-01') >= date(DATE_ADD(CURRENT_TIMESTAMP, INTERVAL -28 day))))
            and ifnull(pe.last_non_demo_game_played_at,'2000-01-01') < date(DATE_ADD(CURRENT_TIMESTAMP, INTERVAL -14 day)) then 'pending_lapsed'
            when (deposit_count >= 3 and (ifnull(pe.last_non_demo_game_played_at,'2000-01-01') >= date(DATE_ADD(CURRENT_TIMESTAMP, INTERVAL -84 day))))
            and ifnull(pe.last_non_demo_game_played_at,'2000-01-01') < date(DATE_ADD(CURRENT_TIMESTAMP, INTERVAL -28 day)) then 'lapsed4'
            when (deposit_count >= 3 and (ifnull(pe.last_non_demo_game_played_at,'2000-01-01') < date(DATE_ADD(CURRENT_TIMESTAMP, INTERVAL -84 day)))) then 'lapsed12'
            end) player_activity,
            (case when vip_level is not null then 'VIP'
            when total_deposit_amount*exchange_rate/deposit_count >= 100 then 'POTENTIAL-VIP'
            when total_deposit_amount*exchange_rate < 140 then 'LOW'
            when total_deposit_amount*exchange_rate between 140 and 775 then 'MEDIUM'
            when total_deposit_amount*exchange_rate > 775 then 'HIGH'
            end) player_value
            FROM player p INNER JOIN player_extra pe on p.player_extra_id = pe.id
            inner join account acc on acc.player_id=p.id and acc.type=1
            inner join currency c on c.id=acc.currency_id
            inner join xe.exchange_rate ex on ex.date_rate=date(current_date - INTERVAL 2 HOUR) and ex.currency=c.iso;]]>
        </sql>
        <rollback>
            <sql>
                DROP VIEW IF EXISTS vw_player_kpi;
            </sql>
        </rollback>
    </changeSet>
    <changeSet author="rajendra.bayana" id="REV-939-8">
        <comment>Add new table bonus_player_value.</comment>
        <createTable tableName="bonus_player_value">
            <column autoIncrement="true" name="id" type="BIGINT">
                <constraints nullable="false" primaryKey="true"/>
            </column>
            <column name="bonus_id" type="BIGINT">
                <constraints nullable="false"/>
            </column>
            <column name="player_value_id" type="BIGINT">
                <constraints nullable="false"/>
            </column>
        </createTable>
    </changeSet>
    <changeSet author="rajendra.bayana" id="REV-939-9">
        <comment>Add Foreign Keys for bonus player value table.</comment>
        <addForeignKeyConstraint constraintName="FK_bonus_playerValue_bonus_id" referencedTableName="bonus" referencedColumnNames="id" baseColumnNames="bonus_id" baseTableName="bonus_player_value"/>
        <addForeignKeyConstraint constraintName="FK_bonus_player_value_id" referencedTableName="player_value" referencedColumnNames="id" baseColumnNames="player_value_id" baseTableName="bonus_player_value"/>
    </changeSet>
    <changeSet author="rajendra.bayana" id="REV-939-10">
        <comment>Add new table bonus_player_activity.</comment>
        <createTable tableName="bonus_player_activity">
            <column autoIncrement="true" name="id" type="BIGINT">
                <constraints nullable="false" primaryKey="true"/>
            </column>
            <column name="bonus_id" type="BIGINT">
                <constraints nullable="false"/>
            </column>
            <column name="player_activity_id" type="BIGINT">
                <constraints nullable="false"/>
            </column>
        </createTable>
    </changeSet>
    <changeSet author="rajendra.bayana" id="REV-939-11">
        <comment>Add Foreign Keys for bonus player activity table.</comment>
        <addForeignKeyConstraint constraintName="FK_bonus_playeractivity_bonus_id" referencedTableName="bonus" referencedColumnNames="id" baseColumnNames="bonus_id" baseTableName="bonus_player_activity"/>
        <addForeignKeyConstraint constraintName="FK_bonus_player_activity_id" referencedTableName="player_activity" referencedColumnNames="id" baseColumnNames="player_activity_id" baseTableName="bonus_player_activity"/>
    </changeSet>
    <changeSet author="rajendra.bayana" id="REV-939-12">
        <comment>Adding player value, activity value to player extra table</comment>
        <addColumn tableName="player_extra">
            <column name="player_value" type="VARCHAR(50)">
                <constraints nullable="true"/>
            </column>
            <column name="player_activity" type="VARCHAR(50)">
                <constraints nullable="true"/>
            </column>
        </addColumn>
    </changeSet>
    <changeSet author="rajendra.bayana" id="REV-939-13">
        <comment>Add new table player_segment_history.</comment>
        <createTable tableName="player_segment_history">
            <column autoIncrement="true" name="id" type="BIGINT">
                <constraints nullable="false" primaryKey="true"/>
            </column>
            <column name="player_id" type="BIGINT(20)">
                <constraints nullable="false"/>
            </column>
            <column name="player_value" type="VARCHAR(50)">
                <constraints nullable="false"/>
            </column>
            <column name="player_activity" type="VARCHAR(50)">
                <constraints nullable="false"/>
            </column>
            <column name="dateTs" type="DATETIME" defaultValueDate="CURRENT_TIMESTAMP">
                <constraints nullable="false"/>
            </column>
        </createTable>
        <createIndex tableName="player_segment_history" indexName="idx_player_segment_history_player">
            <column name="player_id"></column>
        </createIndex>
        <createIndex tableName="player_segment_history" indexName="idx_player_segment_history_player_date">
            <column name="player_id"/>
            <column name="dateTs"/>
        </createIndex>
    </changeSet>
    <changeSet author="rajendra.bayana" id="REV-939-14">
        <validCheckSum>any</validCheckSum>
        <comment>Procedure to populate player segment data.</comment>
        <sqlFile relativeToChangelogFile="true" path="sql//REV-939//REV-939-populate-player-segment.sql"  endDelimiter="\n/" stripComments="true"/>
        <rollback>
            <sql>
                DROP PROCEDURE IF EXISTS populate_player_segment;
            </sql>
        </rollback>
    </changeSet>
    <changeSet author="rajendra.bayana" id="REV-939-15" context="DEV">
        <comment>Event to populate player segment data.</comment>
        <sqlFile relativeToChangelogFile="true" path="sql//REV-939//REV-939-populate-player-segment-event.sql" endDelimiter="\n/" stripComments="true"/>
        <rollback>
            <sql>
                DROP EVENT IF EXISTS populate_player_segment;
            </sql>
        </rollback>
    </changeSet>
</databaseChangeLog>