<?xml version="1.0" encoding="UTF-8" standalone="no"?>
<databaseChangeLog xmlns="http://www.liquibase.org/xml/ns/dbchangelog" xmlns:xsi="http://www.w3.org/2001/XMLSchema-instance" xsi:schemaLocation="http://www.liquibase.org/xml/ns/dbchangelog http://www.liquibase.org/xml/ns/dbchangelog/dbchangelog-2.0.xsd">
    <changeSet author="ramesh.kondapalli" id="REV-723-1">
        <comment>Add new table bonus_viplevel_config to implement vip level filters for deposit and login bonus.</comment>
        <createTable tableName="bonus_viplevel_config">
            <column autoIncrement="true" name="id" type="BIGINT">
                <constraints nullable="false" primaryKey="true"/>
            </column>
            <column name="bonus_id" type="BIGINT">
                <constraints nullable="false"/>
            </column>
            <column name="viplevel_id" type="BIGINT">
                <constraints nullable="false"/>
            </column>
        </createTable>
    </changeSet>

    <changeSet author="ramesh.kondapalli" id="REV-723-2">
        <comment>Add constraints to the table bonus_viplevel_config to implement vip level filters for deposit and login bonus.</comment>
        <addForeignKeyConstraint constraintName="FK_bviplevel_bonus_id" referencedTableName="bonus" referencedColumnNames="id" baseColumnNames="bonus_id" baseTableName="bonus_viplevel_config"/>
        <addForeignKeyConstraint constraintName="FK_bviplevel_viplevel_id" referencedTableName="viplevel" referencedColumnNames="id" baseColumnNames="viplevel_id" baseTableName="bonus_viplevel_config"/>
    </changeSet>

</databaseChangeLog>