<?xml version="1.0" encoding="UTF-8" standalone="no"?>
<databaseChangeLog xmlns="http://www.liquibase.org/xml/ns/dbchangelog"
                   xmlns:xsi="http://www.w3.org/2001/XMLSchema-instance"
                   xsi:schemaLocation="http://www.liquibase.org/xml/ns/dbchangelog http://www.liquibase.org/xml/ns/dbchangelog/dbchangelog-2.0.xsd">

    <changeSet author="Khaja.Hussain" id="REV-1436-1">
        <validCheckSum>any</validCheckSum>
        <comment>Add new columns silverpop_access_token_url, silverpop_access_token_clientid, silverpop_access_token_clientsecret, silverpop_access_token_refreshtoken to site table.</comment>
        <addColumn tableName="site">
            <column name="silverpop_access_token_url" type="VARCHAR(255)">
                <constraints nullable="true"/>
            </column>
            <column name="silverpop_access_token_clientid" type="VARCHAR(255)">
                <constraints nullable="true"/>
            </column>
            <column name="silverpop_access_token_clientsecret" type="VARCHAR(255)">
                <constraints nullable="true"/>
            </column>
            <column name="silverpop_access_token_refreshtoken" type="VARCHAR(255)">
                <constraints nullable="true"/>
            </column>
        </addColumn>
    </changeSet>

    <changeSet author="Khaja.Hussain" id="REV-1436-2">
        <validCheckSum>any</validCheckSum>
        <comment>updating silverpop_access_token_url, silverpop_access_token_clientid, silverpop_access_token_clientsecret, silverpop_access_token_refreshtoken columns values in site table.</comment>
        <sql>
            update site set silverpop_access_token_url = 'http://api6.silverpop.com/oauth/token', silverpop_access_token_clientid='d78d7677-9f08-409a-a2b2-3e420131f07c', silverpop_access_token_clientsecret='6b174ade-dc32-4ec2-80fc-2dc168b5f405', silverpop_access_token_refreshtoken='rlFQmCWUQ2HZbUAsEI9SJU_hjwLtQB_pqFCJyJNtEpT0S1';
        </sql>
        <rollback>
            <sql>
                update site set silverpop_access_token_url = null, silverpop_access_token_clientid=null, silverpop_access_token_clientsecret=null, silverpop_access_token_refreshtoken=null;
            </sql>
        </rollback>
    </changeSet>

    <changeSet author="Khaja.Hussain" id="REV-1436-3">
        <validCheckSum>any</validCheckSum>
        <comment>Add new column site_id to silverpop_token_config table.</comment>
        <addColumn tableName="silverpop_token_config">
            <column name="site_id" type="BIGINT" defaultValueNumeric="1">
                <constraints nullable="false"/>
            </column>
        </addColumn>

        <createIndex tableName="silverpop_token_config" indexName="IDX_silverpop_token_config_SITE_ID">
            <column name="site_id"></column>
        </createIndex>

        <addForeignKeyConstraint constraintName="FK_SILVERPOP_TOKEN_CONFIG_SITE_ID"   referencedTableName="site"         referencedColumnNames="id" baseColumnNames="site_id"         baseTableName="silverpop_token_config"/>
    </changeSet>


</databaseChangeLog>

