<?xml version="1.0" encoding="UTF-8" standalone="no"?>
<databaseChangeLog xmlns="http://www.liquibase.org/xml/ns/dbchangelog" xmlns:xsi="http://www.w3.org/2001/XMLSchema-instance" xsi:schemaLocation="http://www.liquibase.org/xml/ns/dbchangelog http://www.liquibase.org/xml/ns/dbchangelog/dbchangelog-2.0.xsd">

    <changeSet author="aniketh.chilke" id="REV-1343-1">
        <validCheckSum>any</validCheckSum>
        <comment>Add new column cancel_existing_player_bonuses to bonus table. </comment>
        <addColumn tableName="bonus">
            <column name="cancel_existing_player_bonuses" type="BIT(1)">
            </column>
        </addColumn>
    </changeSet>

</databaseChangeLog>