<?xml version="1.0" encoding="UTF-8" standalone="no"?>
<databaseChangeLog xmlns="http://www.liquibase.org/xml/ns/dbchangelog"
                   xmlns:xsi="http://www.w3.org/2001/XMLSchema-instance"
                   xsi:schemaLocation="http://www.liquibase.org/xml/ns/dbchangelog http://www.liquibase.org/xml/ns/dbchangelog/dbchangelog-2.0.xsd">

    <changeSet author="Khaja.Hussain" id="REV-1225-1">
        <validCheckSum>any</validCheckSum>
        <comment>Create table deposit_country_currency_mapping for deposit mapping configuration</comment>
        <createTable tableName="deposit_country_currency_mapping">
            <column autoIncrement="true" name="id" type="BIGINT(20)">
                <constraints nullable="false" primaryKey="true"/>
            </column>
            <column name="version" type="BIGINT(20)">
                <constraints nullable="false"/>
            </column>
            <column name="country_id" type="BIGINT(20)">
                <constraints nullable="false"/>
            </column>
            <column name="currency_id" type="BIGINT(20)">
                <constraints nullable="false"/>
            </column>
        </createTable>
    </changeSet>

    <changeSet author="Khaja.Hussain" id="REV-1225-2">
        <comment>Add constraints to table deposit_country_currency_mapping to implement Deposit Mapping Configuration.</comment>
        <addForeignKeyConstraint constraintName="FK_deposit_country_currency_mapping_CTRY_ID" referencedTableName="country" referencedColumnNames="id" baseColumnNames="country_id" baseTableName="deposit_country_currency_mapping"/>
        <addForeignKeyConstraint constraintName="FK_deposit_country_currency_mapping_CUR_ID" referencedTableName="currency" referencedColumnNames="id" baseColumnNames="currency_id" baseTableName="deposit_country_currency_mapping"/>
    </changeSet>

    <changeSet author="Khaja.Hussain" id="REV-1225-3">
        <validCheckSum>any</validCheckSum>
        <comment>Create table deposit_pm_ctry_cur_mapping for PaymentMethod mapping with deposit_country_currency_mapping</comment>
        <createTable tableName="deposit_pm_ctry_cur_mapping">
            <column  name="deposit_ctry_cur_id" type="BIGINT(20)">
                <constraints nullable="false"/>
            </column>
            <column name="payment_method_id" type="BIGINT(20)">
                <constraints nullable="false"/>
            </column>
        </createTable>
    </changeSet>

    <changeSet author="Khaja.Hussain" id="REV-1225-4">
        <comment>Add constraints to table deposit_pm_ctry_cur_mapping to implement Deposit Mapping Configuration.</comment>
        <addForeignKeyConstraint constraintName="FK_deposit_pm_ctry_cur_mapping_ID" referencedTableName="deposit_country_currency_mapping" referencedColumnNames="id" baseColumnNames="deposit_ctry_cur_id" baseTableName="deposit_pm_ctry_cur_mapping"/>
        <addForeignKeyConstraint constraintName="FK_deposit_pm_ctry_cur_mapping_payment_method_ID" referencedTableName="payment_method" referencedColumnNames="id" baseColumnNames="payment_method_id" baseTableName="deposit_pm_ctry_cur_mapping"/>
    </changeSet>

    <changeSet author="Khaja.Hussain" id="REV-1225-5">
        <validCheckSum>any</validCheckSum>
        <comment>Create table deposit_ctry_cur_cardtype_mapping for CardType mapping with deposit_country_currency_mapping</comment>
        <createTable tableName="deposit_ctry_cur_cardtype_mapping">
            <column  name="deposit_ctry_cur_id" type="BIGINT(20)">
                <constraints nullable="false"/>
            </column>
            <column name="card_type_id" type="BIGINT(20)">
                <constraints nullable="false"/>
            </column>
        </createTable>
    </changeSet>

    <changeSet author="Khaja.Hussain" id="REV-1225-6">
        <comment>Add constraints to table deposit_ctry_cur_cardtype_mapping to implement Deposit Mapping Configuration.</comment>
        <addForeignKeyConstraint constraintName="FK_deposit_ctry_cur_cardtype_mapping_dep_ctry_cur_id" referencedTableName="deposit_country_currency_mapping" referencedColumnNames="id" baseColumnNames="deposit_ctry_cur_id" baseTableName="deposit_ctry_cur_cardtype_mapping"/>
        <addForeignKeyConstraint constraintName="FK_deposit_ctry_cur_cardtype_mapping_card_type_id"    referencedTableName="card_type"                        referencedColumnNames="id" baseColumnNames="card_type_id"        baseTableName="deposit_ctry_cur_cardtype_mapping"/>
    </changeSet>

    <changeSet author="veerendranath.kommisetty" id="REV-1225-7">
        <validCheckSum>any</validCheckSum>
        <comment>Adding new columns use_deposit_mappings to site table.</comment>
        <addColumn tableName="site">
            <column name="use_deposit_mappings" type="boolean" defaultValueBoolean="false" >
                <constraints nullable="false" />
            </column>
        </addColumn>
    </changeSet>

</databaseChangeLog>

