<?xml version="1.0" encoding="UTF-8" standalone="no"?>
<databaseChangeLog xmlns="http://www.liquibase.org/xml/ns/dbchangelog"
                   xmlns:xsi="http://www.w3.org/2001/XMLSchema-instance"
                   xsi:schemaLocation="http://www.liquibase.org/xml/ns/dbchangelog http://www.liquibase.org/xml/ns/dbchangelog/dbchangelog-2.0.xsd">

    <changeSet author="Veerendranath.Kommisetty" id="REV-1362-1">
        <validCheckSum>any</validCheckSum>
        <comment>Add new column doc_verification_status to player_extra table. </comment>
        <addColumn tableName="player_extra">
            <column name="doc_verification_status_id" type="INT(11)">
                <constraints nullable="true"/>
            </column>
        </addColumn>
    </changeSet>

</databaseChangeLog>

