<?xml version="1.0" encoding="UTF-8" standalone="no"?>
<databaseChangeLog xmlns="http://www.liquibase.org/xml/ns/dbchangelog" xmlns:xsi="http://www.w3.org/2001/XMLSchema-instance" xsi:schemaLocation="http://www.liquibase.org/xml/ns/dbchangelog http://www.liquibase.org/xml/ns/dbchangelog/dbchangelog-2.0.xsd">
   	<changeSet author="srikanth.manuri" id="REV-602-1">
        <comment>Adding Free Rounds Validity Days and Bonus Money Validity Days to Bonus Table.</comment>
        <addColumn tableName="bonus">
            <column name="free_rounds_validity_days" type="INT">
                <constraints nullable="true"/>
            </column>
            <column name="bonus_money_validity_days" type="INT">
                <constraints nullable="true"/>
            </column>
        </addColumn>
    </changeSet>
    <changeSet author="srikanth.manuri" id="REV-602-2">
        <comment>Adding Free Rounds Validity and Bonus Money Validity dates to Player Free Rounds Table.</comment>
        <addColumn tableName="player_free_rounds">
            <column name="free_round_validity" type="DATE" >
                <constraints nullable="true"/>
            </column>
            <column name="bonus_money_validity" type="DATE" >
                <constraints nullable="true"/>
            </column>
        </addColumn>
    </changeSet>
    <changeSet author="srikanth.manuri" id="REV-602-3">
        <validCheckSum>any</validCheckSum>
        <comment>Updating Free Rounds Validity Days to 7 and Bonus Money Validity Days to 35 for existing active free rounds bonuses.</comment>
        <sql>
            update bonus set free_rounds_validity_days = 7, bonus_money_validity_days = 35 where status = 1 and reward_type = 2;
        </sql>
        <rollback>
            <sql>
                update bonus set free_rounds_validity_days = null, bonus_money_validity_days = null where status = 1 and reward_type = 2;
            </sql>
        </rollback>
    </changeSet>
    <changeSet author="srikanth.manuri" id="REV-602-4">
        <comment>Deleting Free Round Validity and Bonus Money Validity columns from Bonus table.</comment>
        <sql>
            Alter table bonus drop column free_round_validity, drop column bonus_money_validity;
        </sql>
        <rollback>
            <addColumn tableName="bonus">
                <column name="free_round_validity" type="DATE">
                    <constraints nullable="true"/>
                </column>
                <column name="bonus_money_validity" type="DATE">
                    <constraints nullable="true"/>
                </column>
            </addColumn>
        </rollback>
    </changeSet>
    <changeSet author="srikanth.manuri" id="REV-602-5">
        <validCheckSum>any</validCheckSum>
        <comment>Updating Free Rounds Validity Days to 7 and Bonus Money Validity Days to 35 for existing free rounds bonuses.</comment>
        <sql>
            update bonus set free_rounds_validity_days = 7, bonus_money_validity_days = 35 where reward_type = 2;
        </sql>
        <rollback>
            <sql>
                update bonus set free_rounds_validity_days = null, bonus_money_validity_days = null where reward_type = 2;
            </sql>
        </rollback>
    </changeSet>
    <changeSet author="srikanth.manuri" id="REV-602-6">
        <validCheckSum>any</validCheckSum>
        <comment>change column name from free_round_validity to free_rounds_validity</comment>
        <sql>
            alter table player_free_rounds change column free_round_validity free_rounds_validity DATE;
        </sql>
        <rollback>
            <sql>
                alter table player_free_rounds change column free_rounds_validity free_round_validity DATE;
            </sql>
        </rollback>
    </changeSet>
    <changeSet author="srikanth.manuri" id="REV-602-7">
        <validCheckSum>any</validCheckSum>
        <comment>Updating Free Rounds Validity Days to 7 and Bonus Money Validity Days to 35 for existing manual bonus templates.</comment>
        <sql>
            update bonus set free_rounds_validity_days = 7, bonus_money_validity_days = 35 where bonus_type = 3;
        </sql>
        <rollback>
            <sql>
                update bonus set free_rounds_validity_days = null, bonus_money_validity_days = null where bonus_type = 3;
            </sql>
        </rollback>
    </changeSet>
</databaseChangeLog>
