<?xml version="1.0" encoding="UTF-8" standalone="no"?>
<databaseChangeLog xmlns="http://www.liquibase.org/xml/ns/dbchangelog" xmlns:xsi="http://www.w3.org/2001/XMLSchema-instance" xsi:schemaLocation="http://www.liquibase.org/xml/ns/dbchangelog http://www.liquibase.org/xml/ns/dbchangelog/dbchangelog-2.0.xsd">
    <changeSet author="aniketh.chilke" id="REV-1346-1">
        <validCheckSum>any</validCheckSum>
        <comment>Adding elite login url</comment>
        <sql>
            INSERT INTO param (id,version, description, editable, param_key, param_type, system, val)
            select max(id)+1,0, 'Elite Send Player Details URL', b'1', 'elite.player.login.url', 'String', b'1', 'https://b2celite-console-qa.platform.nektan.com/games-connect/api/v1/wallet/login' from param;
        </sql>
        <rollback>
            <sql>
                Delete from param where param_key='elite.player.login.url';
            </sql>
        </rollback>
    </changeSet>

</databaseChangeLog>