<?xml version="1.0" encoding="UTF-8" standalone="no"?>
<databaseChangeLog xmlns="http://www.liquibase.org/xml/ns/dbchangelog"
                   xmlns:xsi="http://www.w3.org/2001/XMLSchema-instance"
                   xsi:schemaLocation="http://www.liquibase.org/xml/ns/dbchangelog http://www.liquibase.org/xml/ns/dbchangelog/dbchangelog-2.0.xsd">

    <changeSet author="aniketh.chilke" id="REV-1445-1">
        <validCheckSum>any</validCheckSum>
        <comment>Adding netent live dealer params.</comment>
        <sql>
            INSERT INTO param (id,version, description, editable, param_key, param_type, system, val)
            select max(id)+1,0, 'Netent live dealer host', b'1', 'netent.table.game.live.casino.host', 'String', b'1', 'nektan-livegame-test.casinomodule.com' from param;
            INSERT INTO param (id,version, description, editable, param_key, param_type, system, val)
            select max(id)+1,0, 'Netent live dealer brand', b'1', 'netent.table.game.live.casino.brand', 'String', b'1', 'nektan' from param;

        </sql>
        <rollback>
            <sql>
                Delete from param where param_key='netent.table.game.live.casino.host';
                Delete from param where param_key='netent.table.game.live.casino.brand';
            </sql>
        </rollback>
    </changeSet>

    <changeSet author="aniketh.chilke" id="REV-1445-2">
        <validCheckSum>any</validCheckSum>
        <comment>Adding netent live dealer params.</comment>
        <sql>
            INSERT INTO param (id,version, description, editable, param_key, param_type, system, val)
            select max(id)+1,0, 'Netent live dealer game server url', b'1', 'netent.live.dealer.server.url', 'String', b'1', 'https://nektan-livegame-test.casinomodule.com' from param;

        </sql>
        <rollback>
            <sql>
                Delete from param where param_key='netent.table.game.live.casino.host';
            </sql>
        </rollback>
    </changeSet>

</databaseChangeLog>

