<?xml version="1.0" encoding="UTF-8" standalone="no"?>
<databaseChangeLog xmlns="http://www.liquibase.org/xml/ns/dbchangelog" xmlns:xsi="http://www.w3.org/2001/XMLSchema-instance" xsi:schemaLocation="http://www.liquibase.org/xml/ns/dbchangelog http://www.liquibase.org/xml/ns/dbchangelog/dbchangelog-2.0.xsd">
    <changeSet author="rajendra.bayana" id="REV-1065-1">
        <comment>Adding procedure for bonus expiration and activation</comment>
        <sqlFile relativeToChangelogFile="true" path="sql//REV-1065//Bonus-job.sql" endDelimiter="\n/" stripComments="true"/>
        <rollback>
            <sql>
                DROP PROCEDURE IF EXISTS bonus_status_check_job;
            </sql>
        </rollback>
    </changeSet>
    <!--<changeSet author="rajendra.bayana" id="REV-1065-2">
        <comment>Adding new parameter from enabling/disabling procedure call for bonus activation and expiration.</comment>
        <sql>
            INSERT INTO param (id,version, description, editable, param_key, param_type, system, val)
            select max(id)+1,0, 'Enable procedure call for bonus activationa and expiration', b'1', 'enable.procedureCall.forBonsActivationAndExpiration', 'Boolean', b'1', 'true' from param;
        </sql>
        <rollback>
            <sql>
                Delete from param where param_key='enable.procedureCall.forBonsActivationAndExpiration';
            </sql>
        </rollback>
    </changeSet>-->
    <changeSet author="rajendra.bayana" id="REV-1065-3">
        <comment>Setting bonus status check job parameter to false(Disabling)</comment>
        <sql>
            update param set val = false where param_key = 'bonus.statusCheck.schedule.enable';
        </sql>
        <rollback>
            <sql>
                update param set val = true where param_key = 'bonus.statusCheck.schedule.enable';
            </sql>
        </rollback>
    </changeSet>
</databaseChangeLog>