<?xml version="1.0" encoding="UTF-8" standalone="no"?>
<databaseChangeLog xmlns="http://www.liquibase.org/xml/ns/dbchangelog" xmlns:xsi="http://www.w3.org/2001/XMLSchema-instance" xsi:schemaLocation="http://www.liquibase.org/xml/ns/dbchangelog http://www.liquibase.org/xml/ns/dbchangelog/dbchangelog-2.0.xsd">
    <changeSet id="REV-740-1" author="vasavi.kakumanu">
        <comment>Adding new supports_bonus_play column to game table</comment>
        <addColumn tableName="game">
            <column name="supports_bonus_play" type="BIT"></column>
        </addColumn>
        <rollback>
            <dropColumn tableName="game" columnName="supports_bonus_play"/>
        </rollback>
    </changeSet>
    <changeSet author="vasavi.kakumanu" id="REV-740-2">
        <comment>updating existing records with default value(true)</comment>
        <sql>
            update game set supports_bonus_play = 1 where supports_bonus_play is null;
        </sql>
        <addNotNullConstraint tableName="game" columnName="supports_bonus_play" columnDataType="BIT" />
        <rollback>
            <sql>
                alter table game drop column supports_bonus_play;
            </sql>
        </rollback>
    </changeSet>
</databaseChangeLog>