<?xml version="1.0" encoding="UTF-8" standalone="no"?>
<databaseChangeLog xmlns="http://www.liquibase.org/xml/ns/dbchangelog" xmlns:xsi="http://www.w3.org/2001/XMLSchema-instance" xsi:schemaLocation="http://www.liquibase.org/xml/ns/dbchangelog http://www.liquibase.org/xml/ns/dbchangelog/dbchangelog-2.0.xsd">
    <changeSet author="veerendranath.kommisetty" id="REV-1029-1">
        <comment>Adding new Transaction Type for Wagered Bonus Cash Reward.</comment>
        <sql>
            INSERT INTO transaction_type (version, description, name, short_name) VALUES(0, 'Bonus Wagered Txn.', 'Wagered Bonus', 'wageredBonus');
        </sql>
        <rollback>
            <sql>
                DELETE FROM transaction_type where short_name='wageredBonus' and name='Wagered Bonus';
            </sql>
        </rollback>
    </changeSet>
</databaseChangeLog>