<?xml version="1.0" encoding="UTF-8" standalone="no"?>
<databaseChangeLog xmlns="http://www.liquibase.org/xml/ns/dbchangelog"
                   xmlns:xsi="http://www.w3.org/2001/XMLSchema-instance"
                   xsi:schemaLocation="http://www.liquibase.org/xml/ns/dbchangelog http://www.liquibase.org/xml/ns/dbchangelog/dbchangelog-2.0.xsd">
    <changeSet author="vasavi.kakumanu" id="REV-1113-1">
        <validCheckSum>any</validCheckSum>
        <comment>Adding new column network to player table.</comment>
        <addColumn tableName="player">
            <column name="network_id" type="BIGINT(20)">
                <constraints nullable="true"/>
            </column>
        </addColumn>
    </changeSet>
    <changeSet author="vasavi.kakumanu" id="REV-1113-2">
        <validCheckSum>any</validCheckSum>
        <comment>Adding permissions to network.</comment>
        <sql>
            insert into permission(version,category,description,name) values
            (0,'Player', 'Edit Player Network', 'PLAYER_NETWORK_ID_EDIT'),
            (0,'Player', 'View Player Network', 'PLAYER_NETWORK_ID_VIEW');
        </sql>
        <rollback>
            <sql>
                delete from permission where name = 'PLAYER_NETWORK_ID_EDIT';
                delete from permission where name = 'PLAYER_NETWORK_ID_VIEW';
            </sql>
        </rollback>
    </changeSet>
    <!--<changeSet author="veerendranath.kommisetty" id="REV-1113-3">
        <validCheckSum>any</validCheckSum>
        <comment>Adding enableDuplicateCheckInLogin flag to Player to enable/disable duplicate check functionality during player login.</comment>
        <addColumn tableName="player">
            <column name="enable_dup_check_in_login" defaultValueBoolean="true" type="BIT(1)">
                <constraints nullable="false"/>
            </column>
        </addColumn>
    </changeSet>
    <changeSet author="veerendranath.kommisetty" id="REV-1113-4">
        <validCheckSum>any</validCheckSum>
        <comment>Remove column enableDuplicateCheckInLogin flag to Player to enable/disable duplicate check functionality during player login.</comment>
        <dropColumn tableName="player" columnName="enable_dup_check_in_login"/>
        <rollback>
            <addColumn tableName="player">
                <column name="enable_dup_check_in_login" defaultValueBoolean="true" type="BIT(1)">
                    <constraints nullable="false"/>
                </column>
            </addColumn>
        </rollback>
    </changeSet>-->
    <changeSet author="veerendranath.kommisetty" id="REV-1113-5">
        <validCheckSum>any</validCheckSum>
        <comment>Adding duplicateCheckVerifiedOnLogin flag to Player to determine duplicate check is performed or not for particular player.</comment>
        <addColumn tableName="player">
            <column name="duplicate_check_verified_on_login" defaultValueBoolean="false" type="BIT(1)">
                <constraints nullable="false"/>
            </column>
        </addColumn>
    </changeSet>
    <changeSet author="veerendranath.kommisetty" id="REV-1113-6">
        <validCheckSum>any</validCheckSum>
        <comment>Adding new player status named, Failed AML.</comment>
        <sql>
            insert into player_status(version, can_deposit, can_login, can_play, can_reactivate, can_resend_password, can_withdraw, colorcode, description, hidden, name)
            values(0, 0, 0, 0, 1, 0, 0, '#5ac2db', 'Failed AML', 0, 'failedAML');
        </sql>
        <rollback>
            <sql>
                delete from player_status where name='failedAML';
            </sql>
        </rollback>
    </changeSet>
</databaseChangeLog>

