<?xml version="1.0" encoding="UTF-8" standalone="no"?>
<databaseChangeLog xmlns="http://www.liquibase.org/xml/ns/dbchangelog"
                   xmlns:xsi="http://www.w3.org/2001/XMLSchema-instance"
                   xsi:schemaLocation="http://www.liquibase.org/xml/ns/dbchangelog http://www.liquibase.org/xml/ns/dbchangelog/dbchangelog-2.0.xsd">

    <changeSet author="aniketh.chilke" id="REV-1331-1">
        <validCheckSum>any</validCheckSum>
        <comment>Create table to maintain subproviders.</comment>
        <createTable tableName="sub_provider">
            <column autoIncrement="true" name="id" type="BIGINT">
                <constraints nullable="false" primaryKey="true"/>
            </column>
            <column name="description" type="VARCHAR(255)"/>
            <column name="name" type="VARCHAR(255)">
                <constraints nullable="false" unique="true"/>
            </column>
            <column name="params" type="VARCHAR(255)"/>
        </createTable>
    </changeSet>

    <changeSet author="aniketh.chilke" id="REV-1331-2">
        <validCheckSum>any</validCheckSum>
        <comment>Inserting data as per elite rgses till date.</comment>
        <sql>
            insert into sub_provider(description,name,params) values('NETENT RGS Sub Provider', 'NETENT','{}');
            insert into sub_provider(description,name,params) values('IWG RGS Sub Provider', 'IWG','{}');
            insert into sub_provider(description,name,params) values('NEKTAN RGS Sub Provider', 'NEKTAN','{}');
            insert into sub_provider(description,name,params) values('NYX RGS Sub Provider', 'NYX','{}');
            insert into sub_provider(description,name,params) values('IGT RGS Sub Provider', 'IGT','{}');
            insert into sub_provider(description,name,params) values('ROC RGS Sub Provider', 'ROC','{}');
            insert into sub_provider(description,name,params) values('QUICKFIRE RGS Sub Provider', 'QUICKFIRE','{}');
            insert into sub_provider(description,name,params) values('REALISTIC RGS Sub Provider', 'REALISTIC','{}');
            insert into sub_provider(description,name,params) values('BLUEPRINT RGS Sub Provider', 'BLUEPRINT','{}');
            insert into sub_provider(description,name,params) values('BOOONGO RGS Sub Provider', 'BOOONGO','{}');
            insert into sub_provider(description,name,params) values('PRAGMATIC RGS Sub Provider', 'PRAGMATIC','{}');
            insert into sub_provider(description,name,params) values('PGSOFT RGS Sub Provider', 'PGSOFT','{}');
            insert into sub_provider(description,name,params) values('YGGDRASIL RGS Sub Provider', 'YGGDRASIL','{}');
            insert into sub_provider(description,name,params) values('EYECON RGS Sub Provider', 'EYECON','{}');
            insert into sub_provider(description,name,params) values('BOOMING RGS Sub Provider', 'BOOMING','{}');
            insert into sub_provider(description,name,params) values('LEANDER RGS Sub Provider', 'LEANDER','{}');
            insert into sub_provider(description,name,params) values('SPINMATIC RGS Sub Provider', 'SPINMATIC','{}');
            insert into sub_provider(description,name,params) values('REDTIGER RGS Sub Provider', 'REDTIGER','{}');
            insert into sub_provider(description,name,params) values('GAMESCO RGS Sub Provider', 'GAMESCO','{}');
            insert into sub_provider(description,name,params) values('ASPECT RGS Sub Provider', 'ASPECT','{}');
        </sql>
        <rollback>
            <sql>
                delete from sub_provider;
            </sql>
        </rollback>
    </changeSet>

    <changeSet author="aniketh.chilke" id="REV-1331-3">
        <validCheckSum>any</validCheckSum>
        <addColumn tableName="game">
            <column name="sub_rgs_provider_id" type="BIGINT"/>
        </addColumn>
        <rollback>
            <dropColumn tableName="game" columnName="sub_rgs_provider_id"/>
        </rollback>
    </changeSet>

    <changeSet author="aniketh.chilke" id="REV-1331-4">
        <comment>Adding foreign constraint for sub_rgs_provider column in game table.</comment>
        <addForeignKeyConstraint baseTableName="game" baseColumnNames="sub_rgs_provider_id" constraintName="FK_GAME_SUB_PROVIDER" referencedTableName="sub_provider"
                                 referencedColumnNames="id"/>
    </changeSet>


    <changeSet author="aniketh.chilke" id="REV-1331-5">
        <validCheckSum>any</validCheckSum>
        <comment>Adding quickfire freespins connection time out parameters and aceess tooken url.</comment>
        <sql>
            INSERT INTO param (id,version, description, editable, param_key, param_type, system, val)
            select max(id)+1,0, 'Elite Freespins API Key', b'1', 'elite.freespins.APIKey', 'String', b'1', 'testKey' from param;
            INSERT INTO param (id,version, description, editable, param_key, param_type, system, val)
            select max(id)+1,0, 'Elite Free Spins Connection time out param', b'1', 'elite.freespins.connectiontimeout', 'Integer', b'1', '3000' from param;
            INSERT INTO param (id,version, description, editable, param_key, param_type, system, val)
            select max(id)+1,0, 'Elite Free Spins Read time out param', b'1', 'elite.freespins.readtimeout', 'Integer', b'1', '3000' from param;
            INSERT INTO param (id,version, description, editable, param_key, param_type, system, val)
            select max(id)+1,0, 'Elite Freespins create campaign URL', b'1', 'elite.freespins.campaign.url', 'String', b'1', 'https://b2basia-evolve.qa.nektan.com/games-connect/api/v1/reward/createCampaign' from param;
            INSERT INTO param (id,version, description, editable, param_key, param_type, system, val)
            select max(id)+1,0, 'Elite Freespins URL for adding players to campaign', b'1', 'elite.freespins.addtocampaign.url', 'String', b'1', 'https://b2basia-evolve.qa.nektan.com/games-connect/api/v1/reward/addPlayersToCampaign' from param;
        </sql>
        <rollback>
            <sql>
                Delete from param where param_key='elite.freespins.connectiontimeout';
                Delete from param where param_key='elite.freespins.readtimeout';
                Delete from param where param_key='elite.freespins.campaign.url';
                Delete from param where param_key='elite.freespins.addtocampaign.url';
                Delete from param where param_key='elite.freespins.APIKey';
            </sql>
        </rollback>
    </changeSet>

    <changeSet author="aniketh.chilke" id="REV-1331-6">
        <validCheckSum>any</validCheckSum>
        <comment>Add new column eliteCampaignId to bonus table. </comment>
        <addColumn tableName="bonus">
            <column name="elite_campaign_id" type="VARCHAR(255)">
            </column>
        </addColumn>
    </changeSet>

    <changeSet author="aniketh.chilke" id="REV-1331-7">
        <validCheckSum>any</validCheckSum>
        <comment>Add new column isFailedAtElite to bonus table. </comment>
        <addColumn tableName="bonus">
            <column name="is_failed_at_elite" type="BIT(1)">
            </column>
        </addColumn>
    </changeSet>


    <changeSet author="aniketh.chilke" id="REV-1331-8">
        <validCheckSum>any</validCheckSum>
        <comment>Add new column forfietValue to bonus table. </comment>
        <addColumn tableName="bonus">
            <column name="forfiet_value" type="DECIMAL(19,2)">
            </column>
        </addColumn>
    </changeSet>

    <changeSet author="aniketh.chilke" id="REV-1331-9">
        <validCheckSum>any</validCheckSum>
        <comment>Add new column eliteCampaignId to bonus_dep_config table. </comment>
        <addColumn tableName="bonus_dep_config">
            <column name="elite_campaign_id" type="VARCHAR(255)">
            </column>
        </addColumn>
    </changeSet>

    <changeSet author="aniketh.chilke" id="REV-1331-10">
        <validCheckSum>any</validCheckSum>
        <comment>Add new column isFaliedAtElite to bonus_dep_config table. </comment>
        <addColumn tableName="bonus_dep_config">
            <column name="is_failed_at_elite" type="BIT(1)">
            </column>
        </addColumn>
    </changeSet>

   <!-- <changeSet author="aniketh.chilke" id="REV-1331-11">
        <validCheckSum>any</validCheckSum>
        <comment>Add new column externalId to player_free_rounds table. </comment>
        <addColumn tableName="player_free_rounds">
            <column name="external_id" type="VARCHAR(255)">
            </column>
        </addColumn>
    </changeSet>-->

</databaseChangeLog>

