<?xml version="1.0" encoding="UTF-8" standalone="no"?>
<databaseChangeLog xmlns="http://www.liquibase.org/xml/ns/dbchangelog" xmlns:xsi="http://www.w3.org/2001/XMLSchema-instance" xsi:schemaLocation="http://www.liquibase.org/xml/ns/dbchangelog http://www.liquibase.org/xml/ns/dbchangelog/dbchangelog-2.0.xsd">
    <changeSet author="veerendranath.kommisetty" id="REV-921-1">
        <comment>Adding new configuration property to define bulk bonus batch insert size in param.</comment>
        <sql>
            insert into param(version, description, editable, param_key, param_type, system, val)
            values(0, 'no of records to be saved in a batch', 1, 'bulk.bonus.insert.batch.size', 'Integer', 1, '500');
        </sql>
        <rollback>
            delete from param where param_key='bulk.bonus.insert.batch.size';
        </rollback>
    </changeSet>
    <changeSet author="veerendranath.kommisetty" id="REV-921-2">
        <comment>Adding new configuration property to define bulk bonus players list split size in param.</comment>
        <sql>
            insert into param(version, description, editable, param_key, param_type, system, val)
            values(0, 'no of players to be divided in a sub list', 1, 'bulk.bonus.num.of.players.in.sublist', 'Integer', 1, '10000');
        </sql>
        <rollback>
            delete from param where param_key='bulk.bonus.num.of.players.in.sublist';
        </rollback>
    </changeSet>
    <changeSet author="veerendranath.kommisetty" id="REV-921-3">
        <comment>Updating sublist value to 5k.</comment>
        <sql>
            update param set val= 5000 where param_key = 'bulk.bonus.num.of.players.in.sublist';
        </sql>
        <rollback>
            update param set val= 10000 where param_key = 'bulk.bonus.num.of.players.in.sublist';
        </rollback>
    </changeSet>
</databaseChangeLog>