<?xml version="1.0" encoding="UTF-8" standalone="no"?>
<databaseChangeLog xmlns="http://www.liquibase.org/xml/ns/dbchangelog"
                   xmlns:xsi="http://www.w3.org/2001/XMLSchema-instance"
                   xsi:schemaLocation="http://www.liquibase.org/xml/ns/dbchangelog http://www.liquibase.org/xml/ns/dbchangelog/dbchangelog-2.0.xsd">
    <changeSet author="vasavi.kakumanu" id="REV-1129-1">
        <comment>Adding new column choice code to payment record table.</comment>
        <addColumn tableName="payment_record">
            <column name="choice_code" type="VARCHAR(255)">
                <constraints nullable="true"/>
            </column>
        </addColumn>
    </changeSet>
    <changeSet author="vasavi.kakumanu" id="REV-1129-2">
        <comment>Adding choice code column to bonus_dep_config table.</comment>
        <addColumn tableName="bonus_dep_config">
            <column name="choice_code" type="VARCHAR(255)"/>
        </addColumn>
    </changeSet>
    <changeSet author="vasavi.kakumanu" id="REV-1129-3">
        <validCheckSum>any</validCheckSum>
        <comment>Updating choice code for existing registration bonuses</comment>
        <sqlFile relativeToChangelogFile="true" path="sql//REV-1129//deposit-bonus-choice_code.sql" endDelimiter="/"/>
        <rollback>
            <sql>
                DROP PROCEDURE IF EXISTS deposit_bonus_choice_code;
            </sql>
        </rollback>
    </changeSet>
    <changeSet author="vasavi.kakumanu" id="REV-1129-4">
        <validCheckSum>any</validCheckSum>
        <comment>Call deposit bouns update choice code.</comment>
        <sql>call deposit_bonus_choice_code()</sql>
        <rollback>
        <sql/>
        </rollback>
    </changeSet>
    <changeSet author="vasavi.kakumanu" id="REV-1129-5">
        <comment>Updating choice code to not null in bonus dep config</comment>
        <addNotNullConstraint tableName="bonus_dep_config" columnName="choice_code" columnDataType="VARCHAR(255)"/>
    </changeSet>
    <changeSet author="vasavi.kakumanu" id="REV-1129-6">
        <comment>adding unique constraint to choice code in bonus dep config</comment>
        <addUniqueConstraint tableName="bonus_dep_config" columnNames="choice_code" constraintName="UX_bonusDepConfig_choiceCode" />
    </changeSet>
    <changeSet author="vasavi.kakumanu" id="REV-1129-7">
        <validCheckSum>any</validCheckSum>
        <comment>Drop column choice_code from bonus_dep_config.</comment>
        <dropColumn tableName="bonus_dep_config" columnName="choice_code"/>
        <rollback>
            <sql/>
        </rollback>

    </changeSet>
    <changeSet author="vasavi.kakumanu" id="REV-1129-8">
        <validCheckSum>any</validCheckSum>
        <comment>Drop procedure deposit_bonus_choice_code.</comment>
        <sql>
            DROP PROCEDURE IF EXISTS deposit_bonus_choice_code;
        </sql>
        <rollback>
            <sql/>
        </rollback>
    </changeSet>
    <changeSet author="vasavi.kakumanu" id="REV-1129-9">
        <validCheckSum>any</validCheckSum>
        <comment>Drop Unique Constraint.</comment>
       <dropUniqueConstraint tableName="bonus" constraintName="choice_code"/>
        <rollback>
            <addUniqueConstraint tableName="bonus" columnNames="choice_code" constraintName="choice_code" />
        </rollback>
    </changeSet>
</databaseChangeLog>

