<?xml version="1.0" encoding="UTF-8" standalone="no"?>
<databaseChangeLog xmlns="http://www.liquibase.org/xml/ns/dbchangelog"
                   xmlns:xsi="http://www.w3.org/2001/XMLSchema-instance"
                   xsi:schemaLocation="http://www.liquibase.org/xml/ns/dbchangelog http://www.liquibase.org/xml/ns/dbchangelog/dbchangelog-2.0.xsd">

    <changeSet author="khaja.hussain" id="REV-1236-1">
        <validCheckSum>any</validCheckSum>
        <comment>added three permissions to enable EPG Error Message access</comment>
        <sql>
            insert into permission(version,category,description,name) values
            (0,'EPG MESSAGE', 'Create EPG Message', 'EPG_MESSAGE_CREATE'),
            (0,'EPG MESSAGE', 'Edit EPG Message', 'EPG_MESSAGE_EDIT'),
            (0,'EPG MESSAGE', 'View EPG Message', 'EPG_MESSAGE_VIEW');
        </sql>
        <rollback>
            <sql>
                delete from permission where name in ('EPG_MESSAGE_CREATE', 'EPG_MESSAGE_EDIT', 'EPG_MESSAGE_VIEW');
            </sql>
        </rollback>
    </changeSet>

    <changeSet author="khaja.hussain" id="REV-1236-2">
        <validCheckSum>any</validCheckSum>
        <comment>create epg_message table</comment>
        <createTable tableName="epg_message">
            <column autoIncrement="true" name="id" type="BIGINT(20)">
                <constraints nullable="false" primaryKey="true"/>
            </column>
            <column name="version" type="BIGINT(20)">
                <constraints nullable="false"/>
            </column>
            <column name="epg_message" type="VARCHAR(255)">
                <constraints nullable="false"/>
            </column>
            <column name="csr_message" type="VARCHAR(255)">
                <constraints nullable="false"/>
            </column>
            <column name="player_message" type="VARCHAR(255)">
                <constraints nullable="false"/>
            </column>
            <column name="error_code" type="VARCHAR(20)">
                <constraints nullable="true"/>
            </column>
        </createTable>
    </changeSet>

    <changeSet author="khaja.hussain" id="REV-1236-3">
        <validCheckSum>any</validCheckSum>
        <comment>insert epg_message configuration data</comment>
        <sqlFile relativeToChangelogFile="true" path="sql//epg-messages//epg_messages.sql" />
        <rollback>
            delete from epg_message where id > 0;
        </rollback>
    </changeSet>

    <changeSet author="khaja.hussain" id="REV-1236-4">
        <comment>Create index in epg_message table with epg_message column.</comment>
        <sql>
            CREATE INDEX IDX_EPG_MESSAGE ON epg_message(epg_message);
        </sql>
        <rollback>
            <sql>
                DROP INDEX IDX_EPG_MESSAGE ON epg_message;
            </sql>
        </rollback>
    </changeSet>



</databaseChangeLog>

