<?xml version="1.0" encoding="UTF-8" standalone="no"?>
<databaseChangeLog xmlns="http://www.liquibase.org/xml/ns/dbchangelog" xmlns:xsi="http://www.w3.org/2001/XMLSchema-instance" xsi:schemaLocation="http://www.liquibase.org/xml/ns/dbchangelog http://www.liquibase.org/xml/ns/dbchangelog/dbchangelog-2.0.xsd">
    <changeSet author="srikanth.manuri" id="REV-1095-1">
        <comment>update site short_name to uppercase</comment>
        <sql>
            update site set short_name = upper(short_name);
        </sql>
        <rollback>
            <sql>
                update site set short_name = upper(short_name);
            </sql>
        </rollback>
    </changeSet>

</databaseChangeLog>