<?xml version="1.0" encoding="UTF-8" standalone="no"?>
<databaseChangeLog xmlns="http://www.liquibase.org/xml/ns/dbchangelog"
                   xmlns:xsi="http://www.w3.org/2001/XMLSchema-instance"
                   xsi:schemaLocation="http://www.liquibase.org/xml/ns/dbchangelog http://www.liquibase.org/xml/ns/dbchangelog/dbchangelog-2.0.xsd">
    <changeSet author="veerendranath.kommisetty" id="REV-1171-1">
        <validCheckSum>any</validCheckSum>
        <comment>Adding new columns converted_credit, converted_debit and converted_currency bonus_recurrence.</comment>
        <addColumn tableName="payment_record">
            <column name="converted_credit" type="DECIMAL(19,2)">
                <constraints nullable="false" />
            </column>
        </addColumn>
        <addColumn tableName="payment_record">
            <column name="converted_debit" type="DECIMAL(19,2)">
                <constraints nullable="false" />
            </column>
        </addColumn>
        <addColumn tableName="payment_record">
            <column name="converted_currency_id" type="BIGINT">
                <constraints nullable="true" />
            </column>
        </addColumn>
    </changeSet>
    <changeSet author="veerendranath.kommisetty" id="REV-1171-2">
        <comment>Adding foreignkey constraint in payment_record for converted_currency_id column.</comment>
        <addForeignKeyConstraint baseColumnNames="converted_currency_id" baseTableName="payment_record" constraintName="FK_pay_rec_conv_cur_id_currency" deferrable="false" initiallyDeferred="false"
                                 onDelete="NO ACTION" onUpdate="NO ACTION" referencedColumnNames="id" referencedTableName="currency" referencesUniqueColumn="false"/>
    </changeSet>
    <changeSet author="veerendranath.kommisetty" id="REV-1171-3">
        <comment>Update converted_credit, converted_debit, converted_currency_id column values for existing records.</comment>
        <sql>
            update payment_record set converted_credit = credit, converted_debit = debit, converted_currency_id = payment_currency_id;
        </sql>
        <rollback></rollback>
    </changeSet>
    <changeSet author="veerendranath.kommisetty" id="REV-1171-4">
        <validCheckSum>any</validCheckSum>
        <comment>Adding new column converted_exchange_rate.</comment>
        <addColumn tableName="payment_record">
            <column name="converted_exchange_rate" type="DECIMAL(19,14)" defaultValueNumeric="1">
                <constraints nullable="false" />
            </column>
        </addColumn>
    </changeSet>
    <changeSet author="veerendranath.kommisetty" id="REV-1171-5">
        <validCheckSum>any</validCheckSum>
        <comment>Alter view vw_transaction to include converted_debit, converted_credit and converted_currency.</comment>
        <sql>
            drop view if exists vw_transaction;

            create view vw_transaction as
            select t.*,pr.fee_amount, pm.short_name payment_method,
            `pr`.`converted_credit` AS `converted_credit`,
            `pr`.`converted_debit` AS `converted_debit`,
            `pr`.`converted_currency_id` AS `converted_currency_id` from transaction t
            left outer join payment_Record pr on t.id=pr.transaction_id
            left outer join payment_method pm on pm.id=pr.payment_method_id;
        </sql>
        <rollback>
            drop view if exists vw_transaction;
        </rollback>
    </changeSet>
</databaseChangeLog>

