<?xml version="1.0" encoding="UTF-8" standalone="no"?>
<databaseChangeLog xmlns="http://www.liquibase.org/xml/ns/dbchangelog" xmlns:xsi="http://www.w3.org/2001/XMLSchema-instance" xsi:schemaLocation="http://www.liquibase.org/xml/ns/dbchangelog http://www.liquibase.org/xml/ns/dbchangelog/dbchangelog-2.0.xsd">
    <changeSet author="srikanth.manuri" id="REV-988-1">
        <comment>Adding epg direct api url in param.</comment>
        <sql>
            insert into param(version, description, editable, param_key, param_type, system, val)
            values(0, 'Epg Direct API URL', 1, 'epg.payments.directAPI.url', 'String', 1, 'https://checkout-stg.easypaymentgateway.com/EPGCheckout/rest/online/pay');
        </sql>
        <rollback>
            delete from param where param_key='epg.payments.directAPI.url';
        </rollback>
    </changeSet>
</databaseChangeLog>