<?xml version="1.0" encoding="UTF-8" standalone="no"?>
<databaseChangeLog xmlns="http://www.liquibase.org/xml/ns/dbchangelog" xmlns:xsi="http://www.w3.org/2001/XMLSchema-instance" xsi:schemaLocation="http://www.liquibase.org/xml/ns/dbchangelog http://www.liquibase.org/xml/ns/dbchangelog/dbchangelog-2.0.xsd">
    <changeSet author="srikanth.manuri" id="REV-995-1">
        <comment>Adding subProvider, royalty and volatility columns to game table.</comment>
        <addColumn tableName="game">
            <column name="sub_provider" type="VARCHAR(100)"/>
            <column name="royalty" type="DECIMAL(19,8)"/>
            <column name="volatility" type="DECIMAL(19,8)"/>
        </addColumn>
    </changeSet>

</databaseChangeLog>