<?xml version="1.0" encoding="UTF-8" standalone="no"?>
<databaseChangeLog xmlns="http://www.liquibase.org/xml/ns/dbchangelog" xmlns:xsi="http://www.w3.org/2001/XMLSchema-instance" xsi:schemaLocation="http://www.liquibase.org/xml/ns/dbchangelog http://www.liquibase.org/xml/ns/dbchangelog/dbchangelog-2.0.xsd">

    <changeSet author="aniketh.chilke" id="REV-1490-1">
        <validCheckSum>any</validCheckSum>
        <comment>Adding a param to enable or disable pusher job.</comment>
        <sql>
            INSERT INTO param (version, description, editable, param_key, param_type, system, val)
            values(0, 'Switch to enable disable pusher notifications job', b'1', 'pusher.notifications.schedule.enable', 'Boolean', b'1', 'false');
        </sql>
        <rollback>
            <sql>
                delete from param where param_key = 'pusher.notifications.schedule.enable';
            </sql>
        </rollback>
    </changeSet>

    <changeSet author="aniketh.chilke" id="REV-1490-2">
        <validCheckSum>any</validCheckSum>
        <comment>table which holds status regarding player notification messages.</comment>
        <createTable tableName="player_messages_acknowledgment">
            <column autoIncrement="true" name="id" type="BIGINT">
                <constraints nullable="false" primaryKey="true"/>
            </column>
            <column name="date_created" type="DATETIME">
                <constraints nullable="false"/>
            </column>
            <column name="read_date" type="DATETIME">
                <constraints nullable="true"/>
            </column>
            <column name="player_id" type="BIGINT">
                <constraints nullable="false"/>
            </column>
            <column name="status" type="INT"/>
            <column name="player_messages_config_id" type="BIGINT">
                <constraints nullable="false"/>
            </column>
        </createTable>
    </changeSet>

    <changeSet author="aniketh.chilke" id="REV-1490-3">
        <validCheckSum>any</validCheckSum>
        <comment>Adding a FK constraint for player,messageconfig.</comment>
        <addForeignKeyConstraint constraintName="FK_player_messages_acknowledgment_player" referencedTableName="player" referencedColumnNames="id" baseColumnNames="player_id" baseTableName="player_messages_acknowledgment"/>
        <addForeignKeyConstraint constraintName="FK_player_messages_acknowledgment_player_messages_config" referencedTableName="player_messages_config" referencedColumnNames="id" baseColumnNames="player_messages_config_id" baseTableName="player_messages_acknowledgment"/>
    </changeSet>

    <changeSet author="aniketh.chilke" id="REV-1490-4">
        <validCheckSum>any</validCheckSum>
        <comment>Adding new permissions to push Notifications.</comment>
        <sql>
            INSERT INTO `permission` (`version`, `category`, `description`, `name`) VALUES (0,	'PlayerMessages','Push Player Notifications to Pusher', 'PLAYER_MESSAGES_PUSH');
        </sql>
        <rollback>
            <sql>
                delete from permission where name = 'PLAYER_MESSAGES_PUSH';
            </sql>
        </rollback>
    </changeSet>

</databaseChangeLog>