<?xml version="1.0" encoding="UTF-8" standalone="no"?>
<databaseChangeLog xmlns="http://www.liquibase.org/xml/ns/dbchangelog" xmlns:xsi="http://www.w3.org/2001/XMLSchema-instance" xsi:schemaLocation="http://www.liquibase.org/xml/ns/dbchangelog http://www.liquibase.org/xml/ns/dbchangelog/dbchangelog-2.0.xsd">

    <changeSet author="aniketh.chilke" id="REV-1461-1">
        <validCheckSum>any</validCheckSum>
        <comment>Updating param to proper elite url.</comment>
        <sql>
            update param set val='https://b2celite-evolve.qa.nektan.com/games-connect/api/v1/reward/getPlayerFreeSpinDetails' where param_key = 'elite.freespins.balance.url';
        </sql>
        <rollback>
            update param set val='https://b2basia-evolve.qa.nektan.com/games-connect/api/v1/reward/getFreeSpinsBalance' where param_key = 'elite.freespins.balance.url';
        </rollback>
    </changeSet>

    <changeSet author="aniketh.chilke" id="REV-1461-2">
        <validCheckSum>any</validCheckSum>
        <comment>Adding a param to enable or disable elite call to fetch freespins.</comment>
        <sql>
            INSERT INTO param (version, description, editable, param_key, param_type, system, val)
            values(0, 'Invoke Elite To fetch players free spin balance', b'1', 'elite.freespins.balance.enable', 'Boolean', b'1', 'true');
        </sql>
        <rollback>
            <sql>
                delete from param where param_key = 'elite.freespins.balance.enable';
            </sql>
        </rollback>
    </changeSet>

</databaseChangeLog>