<?xml version="1.0" encoding="UTF-8" standalone="no"?>
<databaseChangeLog xmlns="http://www.liquibase.org/xml/ns/dbchangelog" xmlns:xsi="http://www.w3.org/2001/XMLSchema-instance" xsi:schemaLocation="http://www.liquibase.org/xml/ns/dbchangelog http://www.liquibase.org/xml/ns/dbchangelog/dbchangelog-2.0.xsd">
    <changeSet author="veerendranath.kommisetty" id="REV-888-1">
        <validCheckSum>any</validCheckSum>
        <comment>Add new table bonus_allowed_country to implement country filter for Registration and Validation bonuses.</comment>
        <createTable tableName="bonus_allowed_country">
            <column autoIncrement="true" name="id" type="BIGINT">
                <constraints nullable="false" primaryKey="true"/>
            </column>
            <column name="bonus_id" type="BIGINT">
                <constraints nullable="false"/>
            </column>
            <column name="allowed_country_id" type="BIGINT">
                <constraints nullable="false"/>
            </column>
        </createTable>
    </changeSet>
    <changeSet author="veerendranath.kommisetty" id="REV-888-2">
        <comment>Add new table bonus_allowed_countries to implement country filter for Registration and Validation bonuses.</comment>
        <addForeignKeyConstraint constraintName="FK_bonus_ctry_bonus_id" referencedTableName="bonus" referencedColumnNames="id" baseColumnNames="bonus_id" baseTableName="bonus_allowed_country"/>
        <addForeignKeyConstraint constraintName="FK_bonus_ctry_country_id" referencedTableName="country" referencedColumnNames="id" baseColumnNames="allowed_country_id" baseTableName="bonus_allowed_country"/>
    </changeSet>
</databaseChangeLog>