<?xml version="1.0" encoding="UTF-8" standalone="no"?>
<databaseChangeLog xmlns="http://www.liquibase.org/xml/ns/dbchangelog"
                   xmlns:xsi="http://www.w3.org/2001/XMLSchema-instance"
                   xsi:schemaLocation="http://www.liquibase.org/xml/ns/dbchangelog http://www.liquibase.org/xml/ns/dbchangelog/dbchangelog-2.0.xsd">

    <changeSet author="aniketh.chilke" id="REV-1052-1">
        <validCheckSum>any</validCheckSum>
        <comment>Add new table bonus_current_platform to implement platform filter for Login bonuses.</comment>
        <createTable tableName="bonus_current_platform">
            <column autoIncrement="true" name="id" type="BIGINT">
                <constraints nullable="false" primaryKey="true"/>
            </column>
            <column name="bonus_id" type="BIGINT">
                <constraints nullable="false"/>
            </column>
            <column name="current_platform_id" type="BIGINT">
                <constraints nullable="false"/>
            </column>
        </createTable>
    </changeSet>
    <changeSet author="aniketh.chilke" id="REV-1052-2">
        <comment>Add constraints to table bonus_current_platform to implement platform filter for Login bonuses.</comment>
        <addForeignKeyConstraint constraintName="FK_bonus_curr_platform_bonus_id" referencedTableName="bonus" referencedColumnNames="id" baseColumnNames="bonus_id" baseTableName="bonus_current_platform"/>
        <addForeignKeyConstraint constraintName="FK_bonus_curr_platform_platform_id" referencedTableName="platform" referencedColumnNames="id" baseColumnNames="current_platform_id" baseTableName="bonus_current_platform"/>
    </changeSet>

    <changeSet author="aniketh.chilke" id="REV-1052-3">
        <validCheckSum>any</validCheckSum>
        <comment>Add new table bonus_previous_platform to implement platform filter for Login bonuses.</comment>
        <createTable tableName="bonus_previous_platform">
            <column autoIncrement="true" name="id" type="BIGINT">
                <constraints nullable="false" primaryKey="true"/>
            </column>
            <column name="bonus_id" type="BIGINT">
                <constraints nullable="false"/>
            </column>
            <column name="previous_platform_id" type="BIGINT">
                <constraints nullable="false"/>
            </column>
        </createTable>
    </changeSet>
    <changeSet author="aniketh.chilke" id="REV-1052-4">
        <comment>Add constraints to table bonus_previous_platform to implement platform filter for Login bonuses.</comment>
        <addForeignKeyConstraint constraintName="FK_bonus_pre_platform_bonus_id" referencedTableName="bonus" referencedColumnNames="id" baseColumnNames="bonus_id" baseTableName="bonus_previous_platform"/>
        <addForeignKeyConstraint constraintName="FK_bonus_pre_platform_platform_id" referencedTableName="platform" referencedColumnNames="id" baseColumnNames="previous_platform_id" baseTableName="bonus_previous_platform"/>
    </changeSet>

    <changeSet author="aniketh.chilke" id="REV-1052-5">
        <comment>Adding previous_login_days, previous_logins_count to Bonus table.</comment>
        <addColumn tableName="bonus">
            <column name="previous_login_days" type="BIGINT">
                <constraints nullable="true"/>
            </column>
            <column name="previous_logins_count" type="BIGINT">
                <constraints nullable="true"/>
            </column>
        </addColumn>
        <rollback>
            <dropColumn tableName="bonus" columnName="previous_login_days"/>
            <dropColumn tableName="bonus" columnName="previous_logins_count"/>
        </rollback>
    </changeSet>

    <changeSet author="aniketh.chilke" id="REV-1052-6">
        <validCheckSum>any</validCheckSum>
        <comment>Insert current platforms for all exsisting login bonuses</comment>
        <sqlFile relativeToChangelogFile="true" path="sql//REV-1052//current_platform_insert_for_exsisting_bonuses.sql"/>
        <rollback>
            <sql>
                delete from bonus_current_platform;
            </sql>
        </rollback>
    </changeSet>

</databaseChangeLog>

