<?xml version="1.0" encoding="UTF-8" standalone="no"?>
<databaseChangeLog xmlns="http://www.liquibase.org/xml/ns/dbchangelog" xmlns:xsi="http://www.w3.org/2001/XMLSchema-instance" xsi:schemaLocation="http://www.liquibase.org/xml/ns/dbchangelog http://www.liquibase.org/xml/ns/dbchangelog/dbchangelog-2.0.xsd">
    <changeSet author="srikanth.manuri" id="REV-969-1">
        <comment>Adding new table site_payment_method_change_threshold.</comment>
        <createTable tableName="site_payment_method_change_threshold">
            <column autoIncrement="true" name="id" type="BIGINT">
                <constraints nullable="false" primaryKey="true"/>
            </column>
            <column name="site_id" type="BIGINT">
                <constraints nullable="false"/>
            </column>
            <column name="currency_id" type="BIGINT">
                <constraints nullable="true"/>
            </column>
            <column name="amount" type="DECIMAL(19,2)">
                <constraints nullable="true"/>
            </column>
            <column name="position" type="INT">
                <constraints nullable="true"/>
            </column>
        </createTable>
    </changeSet>
    <changeSet author="srikanth.manuri" id="REV-969-2">
        <addForeignKeyConstraint baseColumnNames="site_id" baseTableName="site_payment_method_change_threshold" constraintName="FK_site_payment_mtd_chg_threshold" deferrable="false" initiallyDeferred="false" onDelete="NO ACTION" onUpdate="NO ACTION" referencedColumnNames="id" referencedTableName="site" referencesUniqueColumn="false"/>
        <addForeignKeyConstraint baseColumnNames="currency_id" baseTableName="site_payment_method_change_threshold" constraintName="FK_currency_payment_mtd_chg_threshold" deferrable="false" initiallyDeferred="false" onDelete="NO ACTION" onUpdate="NO ACTION" referencedTableName="currency" referencedColumnNames="id" referencesUniqueColumn="false"/>
    </changeSet>
    <changeSet author="srikanth.manuri" id="REV-969-3">
        <validCheckSum>any</validCheckSum>
        <comment>inserting default values for each curreny and account system.</comment>
        <sql>
        insert into site_payment_method_change_threshold(site_id,currency_id,amount,position) (
        select site.id,currency.id,
        case when currency.iso='GBP' then 5
        when currency.iso='EUR' then 5
        when currency.iso='NZD' then 5
        when currency.iso='CAD' then 5
        when currency.iso='SEK' then 50
        when currency.iso='NOK' then 50
        when currency.iso='AUD' then 5
        end,
        case when currency.iso='GBP' then 0
        when currency.iso='EUR' then 1
        when currency.iso='NZD' then 2
        when currency.iso='CAD' then 3
        when currency.iso='SEK' then 4
        when currency.iso='NOK' then 5
        when currency.iso='AUD' then 6
        end
        from site, currency WHERE currency.visible=1)
        </sql>
        <rollback>
            delete from site_payment_method_change_threshold
        </rollback>
    </changeSet>
</databaseChangeLog>