<?xml version="1.0" encoding="UTF-8" standalone="no"?>
<databaseChangeLog xmlns="http://www.liquibase.org/xml/ns/dbchangelog" xmlns:xsi="http://www.w3.org/2001/XMLSchema-instance" xsi:schemaLocation="http://www.liquibase.org/xml/ns/dbchangelog http://www.liquibase.org/xml/ns/dbchangelog/dbchangelog-2.0.xsd">
    <changeSet author="aniketh.chilke" id="REV-1207-1-1">
        <validCheckSum>any</validCheckSum>
        <comment>Adding connection time out parameters for connecting to elite.</comment>
        <sql>
            INSERT INTO param (id,version, description, editable, param_key, param_type, system, val)
            select max(id)+1,0, 'Elite Connection time out param', b'1', 'elite.connectiontimeout', 'Integer', b'1', '3000' from param;
            INSERT INTO param (id,version, description, editable, param_key, param_type, system, val)
            select max(id)+1,0, 'Elite Read time out param', b'1', 'elite.readtimeout', 'Integer', b'1', '3000' from param;
        </sql>
        <rollback>
            <sql>
                Delete from param where param_key='elite.connectiontimeout';
                Delete from param where param_key='elite.readtimeout';
            </sql>
        </rollback>
    </changeSet>
    <changeSet author="aniketh.chilke" id="REV-1207-1-2">
        <validCheckSum>any</validCheckSum>
        <comment>Adding elite game launch url at site level</comment>
        <addColumn tableName="site">
            <column name="elite_game_launch_url" type="VARCHAR(256)"/>
        </addColumn>
    </changeSet>
    <changeSet author="aniketh.chilke" id="REV-1207-1-3">
        <validCheckSum>any</validCheckSum>
        <comment>Adding elite authorization key at site level</comment>
        <addColumn tableName="site">
            <column name="elite_authorization_key" type="VARCHAR(50)"/>
        </addColumn>
    </changeSet>
    <changeSet author="aniketh.chilke" id="REV-1207-1-4">
        <validCheckSum>any</validCheckSum>
        <comment>deleting parameters for integration with elite.</comment>
        <sql>
            Delete from param where param_key='elite.gamelaunch.url';
            Delete from param where param_key='elite.authorization.key';
        </sql>
        <rollback>
            <sql>
                INSERT INTO param (id,version, description, editable, param_key, param_type, system, val)
                select max(id)+1,0, 'Elite Game Launch URL', b'1', 'elite.gamelaunch.url', 'String', b'1', 'http://localhost:8095/games-connect/api/account/externalLaunch' from param;
                INSERT INTO param (id,version, description, editable, param_key, param_type, system, val)
                select max(id)+1,0, 'Elite Authorisation Key', b'1', 'elite.authorization.key', 'String', b'1', 'testKey' from param;
            </sql>
        </rollback>
    </changeSet>
</databaseChangeLog>