<?xml version="1.0" encoding="UTF-8" standalone="no"?>
<databaseChangeLog xmlns="http://www.liquibase.org/xml/ns/dbchangelog" xmlns:xsi="http://www.w3.org/2001/XMLSchema-instance" xsi:schemaLocation="http://www.liquibase.org/xml/ns/dbchangelog http://www.liquibase.org/xml/ns/dbchangelog/dbchangelog-2.0.xsd">
    <changeSet author="veerendranath.kommisetty" id="REV-1293-1">
        <comment>Adding Player Property Weightage Configuration values</comment>
        <sql>
            UPDATE player_property_weightage_config set weightage = 70 where property = 'mobilePhoneNumber';
        </sql>
        <rollback>
            <sql>
                UPDATE player_property_weightage_config set weightage = 100 where property = 'mobilePhoneNumber';
            </sql>
        </rollback>
    </changeSet>
</databaseChangeLog>