<?xml version="1.0" encoding="UTF-8" standalone="no"?>
<databaseChangeLog xmlns="http://www.liquibase.org/xml/ns/dbchangelog" xmlns:xsi="http://www.w3.org/2001/XMLSchema-instance" xsi:schemaLocation="http://www.liquibase.org/xml/ns/dbchangelog http://www.liquibase.org/xml/ns/dbchangelog/dbchangelog-2.0.xsd">

    <changeSet author="aniketh.chilke" id="REV-1440-1">
        <validCheckSum>any</validCheckSum>
        <comment>Adding name uniqueness to player_messages_config</comment>
        <modifyDataType columnName="name" newDataType="VARCHAR(255)" tableName="player_messages_config"/>
        <rollback>
                <modifyDataType columnName="name" newDataType="VARCHAR(256)" tableName="player_messages_config"/>
        </rollback>
    </changeSet>

    <changeSet author="aniketh.chilke" id="REV-1440-2">
        <validCheckSum>any</validCheckSum>
        <comment>Adding name uniqueness to player_messages_config</comment>
        <addUniqueConstraint tableName="player_messages_config" columnNames="name" constraintName="UQ_player_messages_config_name" />
    </changeSet>

    <changeSet author="aniketh.chilke" id="REV-1440-3">
        <validCheckSum>any</validCheckSum>
        <comment>Updating event to notifications.</comment>
        <sql>
            update param set val='Notifications-Event' where param_key = 'pusherapp.player.notifications.eventname';
        </sql>
        <rollback>
            update param set val='JackpotWin-Event' where param_key = 'pusherapp.player.notifications.eventname';
        </rollback>
    </changeSet>

</databaseChangeLog>