<?xml version="1.0" encoding="UTF-8" standalone="no"?>
<databaseChangeLog xmlns="http://www.liquibase.org/xml/ns/dbchangelog" xmlns:xsi="http://www.w3.org/2001/XMLSchema-instance" xsi:schemaLocation="http://www.liquibase.org/xml/ns/dbchangelog http://www.liquibase.org/xml/ns/dbchangelog/dbchangelog-2.0.xsd">
    <changeSet author="srikanth.manuri" id="REV-1123-1">
        <comment>
            Adding new flag to site to start recording withdraw method based on withdraw mappings.
        </comment>
        <addColumn tableName="site">
            <column name="start_withdraw_mapping_recording" defaultValueBoolean="false" type="BIT(1)">
                <constraints nullable="false"/>
            </column>
        </addColumn>
    </changeSet>
</databaseChangeLog>