<?xml version="1.0" encoding="UTF-8" standalone="no"?>
<databaseChangeLog xmlns="http://www.liquibase.org/xml/ns/dbchangelog" xmlns:xsi="http://www.w3.org/2001/XMLSchema-instance" xsi:schemaLocation="http://www.liquibase.org/xml/ns/dbchangelog http://www.liquibase.org/xml/ns/dbchangelog/dbchangelog-2.0.xsd">
    <changeSet author="veerendranath.kommisetty" id="REV-896-1">
        <validCheckSum>any</validCheckSum>
        <comment>Add new table language.</comment>
        <createTable tableName="language">
            <column autoIncrement="true" name="id" type="BIGINT">
                <constraints nullable="false" primaryKey="true"/>
            </column>
            <column name="iso" type="VARCHAR(20)">
                <constraints nullable="false"/>
            </column>
            <column name="name" type="VARCHAR(255)">
                <constraints nullable="false"/>
            </column>
            <column defaultValueBoolean="true" name="visible" type="BIT">
                <constraints nullable="false"/>
            </column>
            <column name="version" type="BIGINT">
                <constraints nullable="false" />
            </column>
        </createTable>
    </changeSet>
    <changeSet author="veerendranath.kommisetty" id="REV-896-2">
        <validCheckSum>any</validCheckSum>
        <comment>Add new table bonus_currency as a mapping table between bonus and corresponding configured currency.</comment>
        <createTable tableName="bonus_currency">
            <column autoIncrement="true" name="id" type="BIGINT">
                <constraints nullable="false" primaryKey="true"/>
            </column>
            <column name="bonus_id" type="BIGINT">
                <constraints nullable="false"/>
            </column>
            <column name="currency_id" type="BIGINT">
                <constraints nullable="false"/>
            </column>
            <column name="description" type="VARCHAR(255)">
                <constraints nullable="true"/>
            </column>
            <column name="position" type="INT">
                <constraints nullable="true"/>
            </column>
        </createTable>
    </changeSet>
    <changeSet author="veerendranath.kommisetty" id="REV-896-3">
        <comment>Add new table bonus_currency as a mapping table between bonus and corresponding configured currency.</comment>
        <addForeignKeyConstraint baseColumnNames="bonus_id" baseTableName="bonus_currency" constraintName="FK_bonus_currency_bonus_id" referencedColumnNames="id" referencedTableName="bonus" referencesUniqueColumn="false"/>
        <addForeignKeyConstraint baseColumnNames="currency_id" baseTableName="bonus_currency" constraintName="FK_bonus_currency_currency_id" referencedColumnNames="id" referencedTableName="currency" referencesUniqueColumn="false"/>
    </changeSet>
    <changeSet author="veerendranath.kommisetty" id="REV-896-4">
        <validCheckSum>any</validCheckSum>
        <comment>Add new table bonus_currency_lang as a mapping table between bonus_currency and corresponding configured languages.</comment>
        <createTable tableName="bonus_currency_lang">
            <column autoIncrement="true" name="id" type="BIGINT">
                <constraints nullable="false" primaryKey="true"/>
            </column>
            <column name="bonus_currency_id" type="BIGINT">
                <constraints nullable="false"/>
            </column>
            <column name="language_id" type="BIGINT">
                <constraints nullable="false"/>
            </column>
            <column name="position" type="INT">
                <constraints nullable="true"/>
            </column>
        </createTable>
    </changeSet>
    <changeSet author="veerendranath.kommisetty" id="REV-896-5">
        <comment>Add new table bonus_currency_lang as a mapping table between bonus_currency and corresponding configured languages.</comment>
        <addForeignKeyConstraint baseColumnNames="language_id" baseTableName="bonus_currency_lang" constraintName="FK_lang_id" referencedColumnNames="id" referencedTableName="language" referencesUniqueColumn="false"/>
        <addForeignKeyConstraint baseColumnNames="bonus_currency_id" baseTableName="bonus_currency_lang" constraintName="FK_bonus_currency_lang_id" referencedColumnNames="id" referencedTableName="bonus_currency" referencesUniqueColumn="false"/>
    </changeSet>
    <changeSet author="veerendranath.kommisetty" id="REV-896-6">
        <comment>Adding unique constraint in GameSession table for freespin_token column.</comment>
        <addUniqueConstraint tableName="language" columnNames="iso" constraintName="unique_lang_iso" deferrable="false" disabled="false" initiallyDeferred="false" />
    </changeSet>
    <changeSet author="veerendranath.kommisetty" id="REV-896-7">
        <comment>insert scripts to Language table.</comment>
        <sql>
            INSERT INTO language(iso, name, visible, version) VALUES('en', 'English', 1, 0);
            INSERT INTO language(iso, name, visible, version) VALUES('sv', 'Swedish', 1, 0);
        </sql>
        <rollback>
            <sql>
                delete from language where iso = 'en';
                delete from language where iso = 'sv';
            </sql>
        </rollback>
    </changeSet>
    <changeSet author="veerendranath.kommisetty" id="REV-896-8">
        <validCheckSum>any</validCheckSum>
        <comment>Delete table bonus_currency_lang to revert the initial implementation (multi select approach) - changesets 2,3,4,5 needs to be removed.</comment>
        <dropTable tableName="bonus_currency_lang" />
        <rollback/>
    </changeSet>
    <changeSet author="veerendranath.kommisetty" id="REV-896-9">
        <validCheckSum>any</validCheckSum>
        <comment>Delete table bonus_currency to revert initial implementation (multi select approach) - changesets 2,3,4,5 needs to be removed.</comment>
        <dropTable tableName="bonus_currency" />
        <rollback/>
    </changeSet>
    <changeSet author="veerendranath.kommisetty" id="REV-896-10">
        <validCheckSum>any</validCheckSum>
        <comment>Add new table bonus_language as a configuration table to create name for each language.</comment>
        <createTable tableName="bonus_lang_name">
            <column autoIncrement="true" name="id" type="BIGINT">
                <constraints nullable="false" primaryKey="true"/>
            </column>
            <column name="bonus_id" type="BIGINT">
                <constraints nullable="false"/>
            </column>
            <column name="language_id" type="BIGINT">
                <constraints nullable="false"/>
            </column>
            <column name="name" type="VARCHAR(255)">
                <constraints nullable="false"/>
            </column>
            <column name="position" type="INT">
                <constraints nullable="true"/>
            </column>
        </createTable>
    </changeSet>
    <changeSet author="veerendranath.kommisetty" id="REV-896-11">
        <comment>Adding foreignkey and unique constraints to new table bonus_lang_name.</comment>
        <addForeignKeyConstraint baseColumnNames="bonus_id" baseTableName="bonus_lang_name" constraintName="FK_bonus_lang_name_bonus_id" referencedColumnNames="id" referencedTableName="bonus" referencesUniqueColumn="false"/>
        <addForeignKeyConstraint baseColumnNames="language_id" baseTableName="bonus_lang_name" constraintName="FK_bonus_lang_name_lang_id" referencedColumnNames="id" referencedTableName="language" referencesUniqueColumn="false"/>
        <!--<addUniqueConstraint tableName="bonus_lang_name" columnNames="bonus_id, language_id" constraintName="unique_bonus_lang" deferrable="false" disabled="false" initiallyDeferred="false" />-->
    </changeSet>
    <changeSet author="veerendranath.kommisetty" id="REV-896-12">
        <comment>insert scripts to Language table.</comment>
        <sql>
            INSERT INTO language(iso, name, visible, version) VALUES('de', 'German', 1, 0);
            INSERT INTO language(iso, name, visible, version) VALUES('fi', 'Finnish', 1, 0);
        </sql>
        <rollback>
            <sql>
                delete from language where iso = 'de';
                delete from language where iso = 'fi';
            </sql>
        </rollback>
    </changeSet>
    <changeSet author="veerendranath.kommisetty" id="REV-896-13">
        <comment>Create index in Bonus table with date_created column.</comment>
        <sql>
            CREATE INDEX IDX_BONUS_CREATED_AT ON BONUS(date_created);
        </sql>
        <rollback>
            <sql>
                DROP INDEX IDX_BONUS_CREATED_AT ON BONUS;
            </sql>
        </rollback>
    </changeSet>
</databaseChangeLog>