<?xml version="1.0" encoding="UTF-8" standalone="no"?>
<databaseChangeLog xmlns="http://www.liquibase.org/xml/ns/dbchangelog" xmlns:xsi="http://www.w3.org/2001/XMLSchema-instance" xsi:schemaLocation="http://www.liquibase.org/xml/ns/dbchangelog http://www.liquibase.org/xml/ns/dbchangelog/dbchangelog-2.0.xsd">
    <changeSet author="ramesh.kondapalli" id="REV-874-1">
        <validCheckSum>any</validCheckSum>
        <comment>Adding silver pop sms optout access token URL, ClientId, ClientSecret, RefreshToken, ConnectionTimeOut, ReadTimeOut.</comment>
        <sql>
            <![CDATA[insert into param(version, description, editable, param_key, param_type, system, val)
            select max(id) + 1,"Silverpop SMS Optout Access Token URL",1,"silverpop.sms.optout.access.token.url","String",1,'http://api6.silverpop.com/oauth/token' from param;
            ]]>
        </sql>
        <sql>
            insert into param(version, description, editable, param_key, param_type, system, val)
            select max(id) + 1,"Silverpop SMS optout access token client id",1,"silverpop.sms.optout.access.token.clientid","String",1,"d78d7677-9f08-409a-a2b2-3e420131f07c" from param;
        </sql>
        <sql>
            insert into param(version, description, editable, param_key, param_type, system, val)
            select max(id) + 1,"Silverpop SMS optout access token client secret",1,"silverpop.sms.optout.access.token.clientsecret","String",1,"6b174ade-dc32-4ec2-80fc-2dc168b5f405" from param;
        </sql>
        <sql>
            insert into param(version, description, editable, param_key, param_type, system, val)
            select max(id) + 1,"Silverpop SMS optout access token refresh token",1,"silverpop.sms.optout.access.token.refreshtoken","String",1,"rlFQmCWUQ2HZbUAsEI9SJU_hjwLtQB_pqFCJyJNtEpT0S1" from param;
        </sql>
        <sql>
            insert into param(version, description, editable, param_key, param_type, system, val)
            select max(id) + 1,"Silverpop SMS optout access token connection timeout",1,"silverpop.sms.optout.access.token.connectiontimeout","Integer",1,"60000" from param;
        </sql>
        <sql>
            insert into param(version, description, editable, param_key, param_type, system, val)
            select max(id) + 1,"Silverpop SMS optout access token read timeout",1,"silverpop.sms.optout.access.token.readtimeout","Integer",1,"60000" from param;
        </sql>
        <rollback>
            delete from param where key='silverpop.sms.optout.access.token.url';
            delete from param where key='silverpop.sms.optout.access.token.clientid';
            delete from param where key='silverpop.sms.optout.access.token.clientsecret';
            delete from param where key='silverpop.sms.optout.access.token.refreshtoken';
            delete from param where key='silverpop.sms.optout.access.token.connectiontimeout';
            delete from param where key='silverpop.sms.optout.access.token.readtimeout';
        </rollback>
    </changeSet>
    <changeSet author="ramesh.kondapalli" id="REV-874-2">
        <validCheckSum>any</validCheckSum>
        <comment>Adding silver pop sms optout URL, ConnectionTimeOut, ReadTimeOut.</comment>
        <sql>
            <![CDATA[insert into param(version, description, editable, param_key, param_type, system, val)
            select max(id) + 1,"Silverpop SMS optout URL",1,"silverpop.sms.optout.url","String",1,'http://api6.silverpop.com:80/rest/databases/<DATABASE_ID>/consent/SMS-<SMS_PROGRAM_ID>/<PLAYER_MOBILE_NUMBER>' from param;
            ]]>
        </sql>
        <sql>
            insert into param(version, description, editable, param_key, param_type, system, val)
            select max(id) + 1,"Silverpop SMS optout connection timeout",1,"silverpop.sms.optout.connectiontimeout","Integer",1,"60000" from param;
        </sql>
        <sql>
            insert into param(version, description, editable, param_key, param_type, system, val)
            select max(id) + 1,"Silverpop SMS optout read timeout",1,"silverpop.sms.optout.readtimeout","Integer",1,"60000" from param;
        </sql>
        <rollback>
            delete from param where key='silverpop.sms.optout.url';
            delete from param where key='silverpop.sms.optout.connectiontimeout';
            delete from param where key='silverpop.sms.optout.readtimeout';
        </rollback>
    </changeSet>
    <changeSet author="ramesh.kondapalli" id="REV-874-3">
        <comment>Adding new table silverpop_token_config.</comment>
        <createTable tableName="silverpop_token_config">
            <column autoIncrement="true" name="id" type="BIGINT">
                <constraints nullable="false" primaryKey="true"/>
            </column>
            <column name="created_at" type="DATETIME">
                <constraints nullable="false"/>
            </column>
            <column name="last_updated_at" type="DATETIME">
                <constraints nullable="false"/>
            </column>
            <column name="expiry_date" type="DATETIME">
                <constraints nullable="false"/>
            </column>
            <column name="token" type="VARCHAR(255)">
                <constraints nullable="false"/>
            </column>
            <column name="action" type="int(11)">
                 <constraints nullable="false"/>
            </column>
            <column name="event_type" type="int(11)">
                <constraints nullable="false"/>
            </column>
        </createTable>
    </changeSet>
</databaseChangeLog>