<?xml version="1.0" encoding="UTF-8" standalone="no"?>
<databaseChangeLog xmlns="http://www.liquibase.org/xml/ns/dbchangelog" xmlns:xsi="http://www.w3.org/2001/XMLSchema-instance" xsi:schemaLocation="http://www.liquibase.org/xml/ns/dbchangelog http://www.liquibase.org/xml/ns/dbchangelog/dbchangelog-2.0.xsd">
    <changeSet author="srikanth.manuri" id="REV-1165-1">
        <comment>
            Inserting ROC game details URL.
        </comment>
        <sql>
            INSERT INTO param (id,version, description, editable, param_key, param_type, system, val)
            select max(id)+1,0, 'ROC Game detials url', b'1', 'roc.gamedetails.url', 'String', b'1',
            'https://e2-roc-eng.qa.nektan.com/game-detail' from param;
        </sql>
        <rollback>
            <sql>
                Delete from param where param_key='roc.gamedetails.url';
            </sql>
        </rollback>
    </changeSet>
</databaseChangeLog>