<?xml version="1.0" encoding="UTF-8" standalone="no"?>
<databaseChangeLog xmlns="http://www.liquibase.org/xml/ns/dbchangelog" xmlns:xsi="http://www.w3.org/2001/XMLSchema-instance" xsi:schemaLocation="http://www.liquibase.org/xml/ns/dbchangelog http://www.liquibase.org/xml/ns/dbchangelog/dbchangelog-2.0.xsd">
    <changeSet author="rajendra.bayana" id="REV-941-1">
        <comment>Adding new table for welcome group.</comment>
        <createTable tableName="welcome_group">
            <column autoIncrement="true" name="id" type="BIGINT(20)">
                <constraints nullable="false" primaryKey="true"/>
            </column>
            <column name="version" type="BIGINT">
                <constraints nullable="false"/>
            </column>
            <column name="description" type="VARCHAR(250)">
                <constraints nullable="false"/>
            </column>
            <column name="name" type="VARCHAR(50)">
                <constraints nullable="false"/>
            </column>
            <column name="short_name" type="VARCHAR(50)">
                <constraints nullable="false"/>
            </column>
        </createTable>
    </changeSet>
    <changeSet author="rajendra.bayana" id="REV-941-2">
        <comment>Adding unique constraint in welcome_group table for short_name column.</comment>
        <addUniqueConstraint tableName="welcome_group" columnNames="short_name" constraintName="unique_short_name_welcome_group" deferrable="false" disabled="false" initiallyDeferred="false" />
    </changeSet>
    <changeSet author="rajendra.bayana" id="REV-941-3">
        <comment>Inserting values to the welcome group table.</comment>
        <sql>
            insert into welcome_group(version, description, name, short_name) values
            (0, 'WO1','WO1','WO1'),
            (0, 'WO2','WO2','WO2'),
            (0, 'WO3','WO3','WO3'),
            (0, 'WO4','WO4','WO4'),
            (0, 'WO5','WO5','WO5'),
            (0, 'WO6','WO6','WO6'),
            (0, 'WO7','WO7','WO7'),
            (0, 'WO8','WO8','WO8'),
            (0, 'WO9','WO9','WO9'),
            (0, 'WO10','WO10','WO10'),
            (0, 'WO11','WO11','WO11'),
            (0, 'WO12','WO12','WO12');
        </sql>
        <rollback>
            <sql>
                truncate table welcome_group;
            </sql>
        </rollback>
    </changeSet>
    <changeSet author="rajendra.bayana" id="REV-941-4">
        <comment>Adding welcome_group to player extra table</comment>
        <addColumn tableName="player_extra">
            <column name="welcome_group_id" type="BIGINT(20)">
                <constraints nullable="true"/>
            </column>
        </addColumn>
    </changeSet>
    <changeSet author="rajendra.bayana" id="REV-941-5">
        <comment>Adding Foreign Key in player_extra table for welcome group id column.</comment>
        <addForeignKeyConstraint constraintName="FK_playerExtra_welcomeGroup" referencedTableName="welcome_group" referencedColumnNames="id" baseColumnNames="welcome_group_id" baseTableName="player_extra"/>
    </changeSet>
    <changeSet author="rajendra.bayana" id="REV-941-6">
        <comment>Add new table bonus_welcome_group.</comment>
        <createTable tableName="bonus_welcome_group">
            <column autoIncrement="true" name="id" type="BIGINT">
                <constraints nullable="false" primaryKey="true"/>
            </column>
            <column name="bonus_id" type="BIGINT">
                <constraints nullable="false"/>
            </column>
            <column name="welcome_group_id" type="BIGINT">
                <constraints nullable="false"/>
            </column>
        </createTable>
    </changeSet>
    <changeSet author="rajendra.bayana" id="REV-941-7">
        <comment>Add Foreign Keys for bonus welcome group table.</comment>
        <addForeignKeyConstraint constraintName="FK_bonus_welcomeGroup_bonus_id" referencedTableName="bonus" referencedColumnNames="id" baseColumnNames="bonus_id" baseTableName="bonus_welcome_group"/>
        <addForeignKeyConstraint constraintName="FK_bonus_welcomeGroup_WelGrp_id" referencedTableName="welcome_group" referencedColumnNames="id" baseColumnNames="welcome_group_id" baseTableName="bonus_welcome_group"/>
    </changeSet>
    <changeSet author="rajendra.bayana" id="REV-941-8">
        <comment>Adding assign_welcome_group to bonus table</comment>
        <addColumn tableName="bonus">
            <column name="assign_welcome_group_id" type="BIGINT(20)">
                <constraints nullable="true"/>
            </column>
        </addColumn>
    </changeSet>
    <changeSet author="rajendra.bayana" id="REV-941-9">
        <comment>Adding Foreign Key in bonus table for assign welcome group id column.</comment>
        <addForeignKeyConstraint constraintName="FK_bonus_assignwelcomeGroup" referencedTableName="welcome_group" referencedColumnNames="id" baseColumnNames="assign_welcome_group_id" baseTableName="bonus"/>
    </changeSet>
    <changeSet author="rajendra.bayana" id="REV-941-10">
        <comment>Procedure to populate welcome group for old players.</comment>
            <sqlFile relativeToChangelogFile="true" path="sql//REV-941//REV-941-update_welcome_group.sql"  endDelimiter="\n/" stripComments="true"/>
        <rollback>
            <sql>
                DROP PROCEDURE IF EXISTS update_welcome_group;
            </sql>
        </rollback>
    </changeSet>
    <changeSet author="rajendra.bayana" id="REV-941-11">
        <comment>Procedure call to populate welcome group for old players.</comment>
        <sql>
            call update_welcome_group();
        </sql>
        <rollback>
            <sql>
                update player_extra set welcome_group_id = null;
            </sql>
        </rollback>
    </changeSet>
</databaseChangeLog>