<?xml version="1.0" encoding="UTF-8" standalone="no"?>
<databaseChangeLog xmlns="http://www.liquibase.org/xml/ns/dbchangelog"
                   xmlns:xsi="http://www.w3.org/2001/XMLSchema-instance"
                   xsi:schemaLocation="http://www.liquibase.org/xml/ns/dbchangelog http://www.liquibase.org/xml/ns/dbchangelog/dbchangelog-2.0.xsd">
    <changeSet author="aniketh.chilke" id="REV-1169-1">
        <validCheckSum>any</validCheckSum>
        <comment>Updating choice code for existing account validation bonuses</comment>
        <sqlFile relativeToChangelogFile="true" path="sql//REV-1169//account-validation-bonus-choice_code.sql" endDelimiter="/" />
        <rollback>
            <sql>
                DROP PROCEDURE IF EXISTS account_validation_bonus_choice_code;
            </sql>
        </rollback>
    </changeSet>
    <changeSet author="aniketh.chilke" id="REV-1169-2">
        <validCheckSum>any</validCheckSum>
        <comment>Call procedure to update exsisting account validation type bonuses</comment>
        <sql>call account_validation_bonus_choice_code()</sql>
        <rollback>
        </rollback>
    </changeSet>

</databaseChangeLog>

