<?xml version="1.0" encoding="UTF-8" standalone="no"?>
<databaseChangeLog xmlns="http://www.liquibase.org/xml/ns/dbchangelog" xmlns:xsi="http://www.w3.org/2001/XMLSchema-instance" xsi:schemaLocation="http://www.liquibase.org/xml/ns/dbchangelog http://www.liquibase.org/xml/ns/dbchangelog/dbchangelog-2.0.xsd">

    <changeSet author="veerendranath.kommisetty" id="REV-1407-0-1">
        <validCheckSum>any</validCheckSum>
        <comment>Adding new permissions for Notifications module.</comment>
        <sql>
            INSERT INTO `permission` (`version`, `category`, `description`, `name`) VALUES (0,	'PlayerMessages','View Player Notifications details', 'PLAYER_MESSAGES_VIEW');
            INSERT INTO `permission` (`version`, `category`, `description`, `name`) VALUES (0,	'PlayerMessages','Create Player Notifications details', 'PLAYER_MESSAGES_CREATE');
            INSERT INTO `permission` (`version`, `category`, `description`, `name`) VALUES (0,	'PlayerMessages','Edit Player Notifications details', 'PLAYER_MESSAGES_EDIT');
            INSERT INTO `permission` (`version`, `category`, `description`, `name`) VALUES (0,	'PlayerMessages','State Change Player Notifications details', 'PLAYER_MESSAGES_STATE_CHANGE');

        </sql>
        <rollback>
            <sql>
                delete from permission where name = 'PLAYER_MESSAGES_VIEW';
                delete from permission where name = 'PLAYER_MESSAGES_CREATE';
                delete from permission where name = 'PLAYER_MESSAGES_EDIT';
                delete from permission where name = 'PLAYER_MESSAGES_STATE_CHANGE';
            </sql>
        </rollback>
    </changeSet>
    <changeSet author="veerendranath.kommisetty" id="REV-1407-0-2">
        <validCheckSum>any</validCheckSum>
        <comment>Adding a plugin Notifications to Modules.</comment>
        <sql>
            insert into plugin (version, action, controller, fa_icon, internal_name, module, permission_id, register, title, tooltip, mode)
            values( 0, 'index', 'playerMessages','fa fa-bell', 'PlayerMessagesPlugin', 'portal', (select id from permission where name = 'PLAYER_MESSAGES_VIEW'), 'HOME', 'Player Messages', 'Player Messages', 'UK');
        </sql>
        <rollback>
            <sql>
                delete from plugin where internal_name = 'PlayerMessagesPlugin' and controller = 'playerMessages';
            </sql>
        </rollback>
    </changeSet>

    <changeSet author="aniketh.chilke" id="REV-1407-1">
        <validCheckSum>any</validCheckSum>
        <comment>table which holds configuration for player notification messages.</comment>
        <createTable tableName="player_messages_config">
            <column autoIncrement="true" name="id" type="BIGINT">
                <constraints nullable="false" primaryKey="true"/>
            </column>
            <column name="version" type="BIGINT">
                <constraints nullable="false"/>
            </column>
            <column name="name" type="varchar(256)">
                <constraints nullable="false"/>
            </column>
            <column name="date_created" type="DATETIME">
                <constraints nullable="false"/>
            </column>
            <column name="last_updated" type="DATETIME">
                <constraints nullable="true"/>
            </column>
            <column name="start_time" type="DATETIME">
                <constraints nullable="true"/>
            </column>
            <column name="end_time" type="DATETIME">
                <constraints nullable="true"/>
            </column>
            <column name="created_by_id" type="BIGINT">
                <constraints nullable="false"/>
            </column>
            <column name="last_edited_by_id" type="BIGINT"/>
            <column name="description" type="varchar(4096)"/>
           <!-- <column name="image" type="blob"/>-->
             <column name="image_url" type="varchar(500)"/>
            <column name="action_url" type="varchar(500)">
            <constraints nullable="true"/>
            </column>
            <column name="action_type" type="INT"/>
            <column name="num_of_logins" type="INT"/>
            <column name="player_id" type="BIGINT"/>
            <column name="is_player_level" type="BIT(1)">
                <constraints nullable="false"/>
            </column>
            <column name="status" type="INT"/>
            <column name="game_id" type="BIGINT"/>
            <column name="bonus_id" type="BIGINT"/>
        </createTable>
    </changeSet>

    <changeSet author="aniketh.chilke" id="REV-1407-2">
        <validCheckSum>any</validCheckSum>
        <comment>Add new table player_messages_lang_name as a configuration table to create name for each language.</comment>
        <createTable tableName="player_messages_lang_name">
            <column autoIncrement="true" name="id" type="BIGINT">
                <constraints nullable="false" primaryKey="true"/>
            </column>
            <column name="player_messages_config_id" type="BIGINT">
                <constraints nullable="false"/>
            </column>
            <column name="language_id" type="BIGINT">
                <constraints nullable="false"/>
            </column>
            <column name="text" type="VARCHAR(500)">
                <constraints nullable="false"/>
            </column>
            <column name="position" type="INT">
                <constraints nullable="true"/>
            </column>
        </createTable>
    </changeSet>

    <changeSet author="aniketh.chilke" id="REV-1407-3">
        <validCheckSum>any</validCheckSum>
        <addForeignKeyConstraint baseColumnNames="player_messages_config_id" baseTableName="player_messages_lang_name" constraintName="FK_player_messages_config_player_messages_lang_name" referencedColumnNames="id" referencedTableName="player_messages_config" referencesUniqueColumn="false"/>
        <addForeignKeyConstraint baseColumnNames="language_id" baseTableName="player_messages_lang_name" constraintName="FK_player_messages_lang_name_language" referencedColumnNames="id" referencedTableName="language" referencesUniqueColumn="false"/>
    </changeSet>

    <changeSet author="aniketh.chilke" id="REV-1407-4">
        <validCheckSum>any</validCheckSum>
        <sql>
            CREATE INDEX IDX_PLAYER_MESSAGES_CONFIG_CREATED_AT ON player_messages_config(date_created);
        </sql>
        <rollback>
            <sql>
                DROP INDEX IDX_PLAYER_MESSAGES_CONFIG_CREATED_AT ON player_messages_config;
            </sql>
        </rollback>
    </changeSet>

    <changeSet author="aniketh.chilke" id="REV-1407-5">
        <validCheckSum>any</validCheckSum>
        <comment>table which holds configuration for player notification messages sites and networks.</comment>
        <createTable tableName="player_messages_site_network_config">
            <column autoIncrement="true" name="id" type="BIGINT">
                <constraints nullable="false" primaryKey="true"/>
            </column>
            <column name="player_messages_config_id" type="BIGINT">
                <constraints nullable="false"/>
            </column>
            <column name="network_configuration_id" type="BIGINT">
                <constraints nullable="true"/>
            </column>
            <column name="site_id" type="BIGINT">
                <constraints nullable="true"/>
            </column>
        </createTable>
    </changeSet>

    <changeSet author="aniketh.chilke" id="REV-1407-6">
        <validCheckSum>any</validCheckSum>
        <addForeignKeyConstraint constraintName="FK_player_messages_config_and_site_network_config" referencedTableName="player_messages_config" referencedColumnNames="id" baseColumnNames="player_messages_config_id" baseTableName="player_messages_site_network_config"/>
        <addForeignKeyConstraint constraintName="FK_player_messages_config_and_network" referencedTableName="network_configuration" referencedColumnNames="id" baseColumnNames="network_configuration_id" baseTableName="player_messages_site_network_config"/>
        <addForeignKeyConstraint constraintName="FK_player_messages_config_and_site" referencedTableName="site" referencedColumnNames="id" baseColumnNames="site_id" baseTableName="player_messages_site_network_config"/>
    </changeSet>

    <changeSet author="aniketh.chilke" id="REV-1407-7">
        <createTable tableName="player_messages_config_player_group">
            <column autoIncrement="true" name="id" type="BIGINT">
                <constraints nullable="false" primaryKey="true"/>
            </column>
            <column name="player_messages_config_id" type="BIGINT">
                <constraints nullable="false"/>
            </column>
            <column name="player_group_id" type="BIGINT">
                <constraints nullable="false"/>
            </column>
        </createTable>
    </changeSet>

    <changeSet author="aniketh.chilke" id="REV-1407-8">
        <addForeignKeyConstraint constraintName="FK_player_messages_config_player_group" referencedTableName="player_messages_config" referencedColumnNames="id" baseColumnNames="player_messages_config_id" baseTableName="player_messages_config_player_group"/>
        <addForeignKeyConstraint constraintName="FK_player_group_player_messages_config_player_group" referencedTableName="player_group" referencedColumnNames="id" baseColumnNames="player_group_id" baseTableName="player_messages_config_player_group"/>
    </changeSet>

    <changeSet author="aniketh.chilke" id="REV-1407-9">
        <validCheckSum>any</validCheckSum>
        <comment>Adding a param to enable or disable messages job.</comment>
        <sql>
            INSERT INTO param (version, description, editable, param_key, param_type, system, val)
            values(0, 'Change status of expired promotions and activate pending promotions if exists and has no active messages', b'1', 'playerMessagesConfig.statusCheck.schedule.enable', 'Boolean', b'1', 'false');
        </sql>
        <rollback>
            <sql>
                delete from param where param_key = 'playerMessagesConfig.statusCheck.schedule.enable';
            </sql>
        </rollback>
       </changeSet>

    <changeSet author="aniketh.chilke" id="REV-1407-10">
        <validCheckSum>any</validCheckSum>
        <comment>Adding a FK constraint for game,player,bonus.</comment>
        <addForeignKeyConstraint constraintName="FK_player_messages_config_player" referencedTableName="player" referencedColumnNames="id" baseColumnNames="player_id" baseTableName="player_messages_config"/>
        <addForeignKeyConstraint constraintName="FK_player_messages_config_bonus" referencedTableName="bonus" referencedColumnNames="id" baseColumnNames="bonus_id" baseTableName="player_messages_config"/>
        <addForeignKeyConstraint constraintName="FK_player_messages_config_game" referencedTableName="game" referencedColumnNames="id" baseColumnNames="game_id" baseTableName="player_messages_config"/>
    </changeSet>

    <changeSet author="aniketh.chilke" id="REV-1407-11">
        <comment>Adding procedure for player messages expiration and activation</comment>
        <sqlFile relativeToChangelogFile="true" path="sql//REV-1407//PlayerMessages-job.sql" endDelimiter="\n/" stripComments="true"/>
        <rollback>
            <sql>
                DROP PROCEDURE IF EXISTS player_messages_status_check_job;
            </sql>
        </rollback>
    </changeSet>

    <changeSet author="aniketh.chilke" id="REV-1407-12">
        <validCheckSum>any</validCheckSum>
        <comment>Adding timeout params.</comment>
        <sql>
            INSERT INTO param (id,version, description, editable, param_key, param_type, system, val)
            select max(id)+1,0, 'Pusher Connection time out param', b'1', 'pusherapp.connection.timeout', 'Integer', b'1', '3000' from param;
            INSERT INTO param (id,version, description, editable, param_key, param_type, system, val)
            select max(id)+1,0, 'Pusher Read time out param', b'1', 'pusherapp.read.timeout', 'Integer', b'1', '3000' from param;
            INSERT INTO param (version, description, editable, param_key, param_type, system, val)
            values(0, 'Player Notifications Event Name', b'1', 'pusherapp.player.notifications.eventname', 'String', b'1', 'JackpotWin-Event');
            INSERT INTO param (version, description, editable, param_key, param_type, system, val)
            values(0, 'Pusher app host name', b'1', 'pusherapp.player.notifications.host', 'String', b'1', 'api-ap2.pusher.com');
            INSERT INTO param (version, description, editable, param_key, param_type, system, val)
            values(0, 'Pusher app application ID', b'1', 'pusherapp.player.notifications.applicationId', 'String', b'1', '388678');
            INSERT INTO param (version, description, editable, param_key, param_type, system, val)
            values(0, 'Pusher app application key', b'1', 'pusherapp.player.notifications.applicationKey', 'String', b'1', '5986658878e311bf1cf3');
            INSERT INTO param (version, description, editable, param_key, param_type, system, val)
            values(0, 'Pusher app application secret', b'1', 'pusherapp.player.notifications.applicationSecret', 'String', b'1', '3339b98ebf494fcf0693');
        </sql>
        <rollback>
            <sql>
                delete from param where param_key in('pusherapp.connection.timeout','pusherapp.read.timeout','pusherapp.player.notifications.eventname');
                delete from param where param_key in('pusherapp.player.notifications.host','pusherapp.player.notifications.applicationId','pusherapp.player.notifications.applicationKey','pusherapp.player.notifications.applicationSecret');
            </sql>
        </rollback>
    </changeSet>

    <changeSet author="aniketh.chilke" id="REV-1407-13">
        <validCheckSum>any</validCheckSum>
        <comment>Adding timeout params.</comment>
        <sql>
            INSERT INTO param (version, description, editable, param_key, param_type, system, val)
            values(0, 'Pusher app application secret', b'1', 'pusherapp.player.notifications.channel', 'String', b'1', 'icy-sparrow-680');
        </sql>
        <rollback>
            <sql>
                delete from param where param_key in('pusherapp.player.notifications.channel');
            </sql>
        </rollback>
    </changeSet>

    <changeSet author="aniketh.chilke" id="REV-1407-14">
        <validCheckSum>any</validCheckSum>
        <comment>Create indexes in player_messages_config table.</comment>
        <createIndex indexName="IX_player_messages_config_starttime" tableName="player_messages_config">
            <column name="start_time"/>
        </createIndex>
        <createIndex indexName="IX_player_messages_config_endtime" tableName="player_messages_config">
            <column name="end_time"/>
        </createIndex>
        <createIndex indexName="IX_player_messages_config_status" tableName="player_messages_config">
            <column name="status"/>
        </createIndex>
    </changeSet>

    <changeSet author="aniketh.chilke" id="REV-1407-15">
        <validCheckSum>any</validCheckSum>
        <comment>Create indexes in player_messages_config table for player id.</comment>
        <createIndex indexName="IX_player_messages_config_player" tableName="player_messages_config">
            <column name="player_id"/>
        </createIndex>
        <createIndex indexName="IX_player_group_player_player" tableName="player_group_player">
            <column name="player_id"/>
        </createIndex>
        <dropIndex tableName="player_messages_config" indexName="IX_player_messages_config_status"/>
    </changeSet>

</databaseChangeLog>
