<?xml version="1.0" encoding="UTF-8" standalone="no"?>
<databaseChangeLog xmlns="http://www.liquibase.org/xml/ns/dbchangelog" xmlns:xsi="http://www.w3.org/2001/XMLSchema-instance" xsi:schemaLocation="http://www.liquibase.org/xml/ns/dbchangelog http://www.liquibase.org/xml/ns/dbchangelog/dbchangelog-2.0.xsd">
    <changeSet author="srikanth.manuri" id="REV-613-1">
        <comment>Adding sms validation enabled column to site table.</comment>
        <addColumn tableName="site">
            <column name="sms_validation_enabled" type="BIT(1)" defaultValueBoolean="false">
                <constraints nullable="false"/>
            </column>
        </addColumn>
        <rollback>
            <dropColumn tableName="site" columnName="sms_validation_enabled"/>
        </rollback>
    </changeSet>
    <changeSet author="srikanth.manuri" id="REV-613-2">
        <comment>Adding sms validation enabled column to country table.</comment>
        <addColumn tableName="country">
            <column name="sms_validation_enabled" type="BIT(1)" defaultValueBoolean="false">
                <constraints nullable="false"/>
            </column>
        </addColumn>
        <rollback>
            <dropColumn tableName="country" columnName="sms_validation_enabled"/>
        </rollback>
    </changeSet>
    <changeSet author="srikanth.manuri" id="REV-613-3">
        <comment>Adding is sms validated and sms validation code columns to player table.</comment>
        <addColumn tableName="player">
            <column name="is_sms_validated" type="BIT(1)" defaultValueBoolean="false">
                <constraints nullable="false"/>
            </column>
        </addColumn>
        <addColumn tableName="player">
            <column name="sms_validation_code" type="VARCHAR(30)">
                <constraints nullable="true"/>
            </column>
        </addColumn>
        <rollback>
            <dropColumn tableName="player" columnName="is_sms_validated"/>
            <dropColumn tableName="player" columnName="sms_validation_code"/>
        </rollback>
    </changeSet>
    <!--<changeSet author="srikanth.manuri" id="REV-613-4">
        <comment>Adding pending verification status in player status table.</comment>
        <sql>
            insert into player_status (id,version,can_deposit,can_login,can_play,can_reactivate,can_resend_password,can_withdraw,colorcode,description,hidden,name)
            select max(id) + 1,0,1,1,1,0,1,1,"#990000","Pending Verification",0,"pendingVerification" from player_status;
        </sql>
        <rollback>
            delete from player_status where name='pendingVerification';
        </rollback>
    </changeSet>-->
    <changeSet author="srikanth.manuri" id="REV-613-5">
        <validCheckSum>any</validCheckSum>
        <comment>Adding sms program id, sms message  column to silverpop_message_service_config table.</comment>
        <addColumn tableName="silverpop_message_service_config">
            <column name="sms_program_id" type="INT(11)">
                <constraints nullable="false"/>
            </column>
        </addColumn>
        <addColumn tableName="silverpop_message_service_config">
            <column name="sms_message" type="VARCHAR(255)">
                <constraints nullable="false"/>
            </column>
        </addColumn>
        <rollback>
            <dropColumn tableName="silverpop_message_service_config" columnName="sms_program_id"/>
            <dropColumn tableName="silverpop_message_service_config" columnName="sms_message"/>
        </rollback>
    </changeSet>
    <changeSet author="srikanth.manuri" id="REV-613-6">
        <validCheckSum>any</validCheckSum>
        <comment>Adding silver pop sms validation URL, Username, Password, spoof number.</comment>
        <sql>
            <![CDATA[insert into param(version, description, editable, param_key, param_type, system, val)
            select max(id) + 1,"Silverpop SMS URL",1,"silverpop.sms.url","String",0,'https://communicatepro.mgage.com/api/gateway?message=<SMS_MESSAGE>&message_billed=no&message_type=sms&numbers=<MOBILE_NUMBER>&spoof_from=60090&program_id=<PROGRAM_ID>' from param;
            ]]>
        </sql>
        <sql>
            insert into param(version, description, editable, param_key, param_type, system, val)
            select max(id) + 1,"Silverpop SMS Username",1,"silverpop.sms.username","String",0,"smsapi@activewin.co.uk" from param;
        </sql>
        <sql>
            insert into param(version, description, editable, param_key, param_type, system, val)
            select max(id) + 1,"Silverpop SMS Password",1,"silverpop.sms.password","Password",0,"Welcome1" from param;
        </sql>
        <rollback>
            delete from param where key='silverpop.sms.url';
            delete from param where key='silverpop.sms.username';
            delete from param where key='silverpop.sms.password';
        </rollback>
    </changeSet>
    <changeSet author="veerendranath.kommisetty" id="REV-613-7">
        <validCheckSum>any</validCheckSum>
        <comment>Removing NotNull constraint on default_email_format, mailing_id, sms_program_id and sms_message.</comment>
        <dropNotNullConstraint columnDataType="INT" columnName="mailing_id" tableName="silverpop_message_service_config"/>
        <dropNotNullConstraint columnDataType="INT" columnName="default_email_format" tableName="silverpop_message_service_config"/>
        <dropNotNullConstraint columnDataType="INT" columnName="sms_program_id" tableName="silverpop_message_service_config"/>
        <dropNotNullConstraint columnDataType="VARCHAR(255)" columnName="sms_message" tableName="silverpop_message_service_config"/>
        <rollback>
            <addNotNullConstraint tableName="silverpop_message_service_config" columnName="mailing_id" columnDataType="INT" />
            <addNotNullConstraint tableName="silverpop_message_service_config" columnName="default_email_format" columnDataType="INT" />
            <addNotNullConstraint tableName="silverpop_message_service_config" columnName="sms_program_id" columnDataType="INT" />
            <addNotNullConstraint tableName="silverpop_message_service_config" columnName="sms_message" columnDataType="VARCHAR(255)" />
        </rollback>
    </changeSet>
    <changeSet author="veerendranath.kommisetty" id="REV-613-8">
        <validCheckSum>any</validCheckSum>
        <comment>Update is_sms_validated column for all the existing players.</comment>
        <sql>
            update player p set is_sms_validated=1 where exists ( select 1 from player_extra pe where pe.id=p.player_extra_id and deposit_count >0);
        </sql>
        <rollback>
            <sql>
                update player p set is_sms_validated=0 where exists ( select 1 from player_extra pe where pe.id=p.player_extra_id and deposit_count >0);
            </sql>
        </rollback>
    </changeSet>
    <changeSet author="veerendranath.kommisetty" id="REV-613-9">
        <validCheckSum>any</validCheckSum>
        <comment>Add last_updated column to the player table to track for the player modifications.</comment>
        <addColumn tableName="player">
            <column name="last_updated" type="DATETIME">
                <constraints nullable="true"/>
            </column>
        </addColumn>
    </changeSet>
</databaseChangeLog>
