<?xml version="1.0" encoding="UTF-8" standalone="no"?>
<databaseChangeLog xmlns="http://www.liquibase.org/xml/ns/dbchangelog" xmlns:xsi="http://www.w3.org/2001/XMLSchema-instance" xsi:schemaLocation="http://www.liquibase.org/xml/ns/dbchangelog http://www.liquibase.org/xml/ns/dbchangelog/dbchangelog-2.0.xsd">
    <changeSet author="vasavi.kakumanu" id="REV-502-1">
        <comment>Adding PLayer Weigjtage Check column to Site Table.</comment>
        <addColumn tableName="site">
            <column name="enable_player_weightage_check" type="BIT(1)" defaultValueBoolean="false">
                <constraints nullable="false"/>
            </column>
        </addColumn>
    </changeSet>
    <changeSet author="veerendranath.kommisetty" id="REV-502-2">
        <comment>Create Player Property Weightage Config table for individual property scores for the Duplicate Check Functionality.</comment>
        <createTable tableName="player_property_weightage_config">
            <column autoIncrement="true" name="id" type="BIGINT">
                <constraints nullable="false" primaryKey="true"/>
            </column>
            <column name="weightage" type="BIGINT(20)" >
                <constraints nullable="false"/>
            </column>
            <column name="version" type="BIGINT">
                <constraints nullable="false"/>
            </column>
            <column name="priority" type="INT">
                <constraints nullable="false"/>
            </column>
            <column name="property" type="varchar(50)">
                <constraints nullable="true"/>
            </column>
        </createTable>
    </changeSet>
    <changeSet author="veerendranath.kommisetty" id="REV-502-3">
        <comment>Adding new permissions for Player Property Weightage Configuration</comment>
        <sqlFile relativeToChangelogFile="true" path="sql//playerpropertyweightageconfig//player_property_weightage_config_permissions.sql" />
        <rollback>
            <sql>
                delete from permission where id in (77, 78);
            </sql>
        </rollback>
    </changeSet>
    <changeSet author="veerendranath.kommisetty" id="REV-502-4">
        <comment>Adding Player Property Weightage Configuration values</comment>
        <sqlFile relativeToChangelogFile="true" path="sql//playerpropertyweightageconfig//player_property_weightage_config.sql" />
        <rollback>
            <sql>
                delete from player_property_weightage_config where id in (1, 2, 3, 4, 5, 6, 7);
            </sql>
        </rollback>
    </changeSet>
</databaseChangeLog>