<?xml version="1.0" encoding="UTF-8" standalone="no"?>
<databaseChangeLog xmlns="http://www.liquibase.org/xml/ns/dbchangelog"
                   xmlns:xsi="http://www.w3.org/2001/XMLSchema-instance"
                   xsi:schemaLocation="http://www.liquibase.org/xml/ns/dbchangelog http://www.liquibase.org/xml/ns/dbchangelog/dbchangelog-2.0.xsd">

    <changeSet author="khaja.hussain" id="REV-1227-1">
        <validCheckSum>any</validCheckSum>
        <comment>added two permissions to enable player history data</comment>
        <sql>
            insert into permission(version,category,description,name) values
            (0,'Player', 'Player Details History', 'PLAYER_DETAILS_CHANGE'),
            (0,'Player', 'Player Deposit Limits History', 'PLAYER_DEPOSIT_LIMIT_CHANGE');
        </sql>
        <rollback>
            <sql>
                delete from permission where name in ('PLAYER_DETAILS_CHANGE', 'PLAYER_DEPOSIT_LIMIT_CHANGE');
            </sql>

        </rollback>
    </changeSet>

</databaseChangeLog>

