<?xml version="1.0" encoding="UTF-8" standalone="no"?>
<databaseChangeLog xmlns="http://www.liquibase.org/xml/ns/dbchangelog"
                   xmlns:xsi="http://www.w3.org/2001/XMLSchema-instance"
                   xsi:schemaLocation="http://www.liquibase.org/xml/ns/dbchangelog http://www.liquibase.org/xml/ns/dbchangelog/dbchangelog-2.0.xsd">
    <changeSet author="vasavi.kakumanu" id="REV-1217-1">
        <validCheckSum>any</validCheckSum>
        <comment>Adding contactableByCall and contactableByPost to player table.</comment>
        <addColumn tableName="player">
            <column name="is_contactable_by_call" defaultValueBoolean="false" type="BIT(1)">
                <constraints nullable="false"/>
            </column>
        </addColumn>
        <addColumn tableName="player">
            <column name="is_contactable_by_post" defaultValueBoolean="false" type="BIT(1)">
                <constraints nullable="false"/>
            </column>
        </addColumn>
    </changeSet>
    <changeSet author="vasavi.kakumanu" id="REV-1217-2">
        <validCheckSum>any</validCheckSum>
        <comment>Adding contactableByCall and contactableByPost to player_extra table.</comment>
        <addColumn tableName="player_extra">
            <column name="call_opt_in_opt_out" type="DATETIME">
                <constraints nullable="true"/>
            </column>
        </addColumn>
        <addColumn tableName="player_extra">
            <column name="post_opt_in_opt_out" type="DATETIME">
                <constraints nullable="true"/>
            </column>
        </addColumn>
    </changeSet>
    <!--<changeSet author="vasavi.kakumanu" id="REV-1217-3">
        <comment>update is_contactable_by_call for existing players</comment>
        <sql>
            update player set is_contactable_by_call = false where is_contactable_by_call is null
        </sql>
    </changeSet>
    <changeSet id="REV-1217-4" author="vasavi.kakumanu">
        <comment>update is_contactable_by_post for existing players</comment>
        <sql>
            update player set is_contactable_by_post = false where is_contactable_by_post is null
        </sql>
    </changeSet>-->
</databaseChangeLog>

