<?xml version="1.0" encoding="UTF-8" standalone="no"?>
<databaseChangeLog xmlns="http://www.liquibase.org/xml/ns/dbchangelog"
                   xmlns:xsi="http://www.w3.org/2001/XMLSchema-instance"
                   xsi:schemaLocation="http://www.liquibase.org/xml/ns/dbchangelog http://www.liquibase.org/xml/ns/dbchangelog/dbchangelog-2.0.xsd">

    <changeSet author="khaja.hussain" id="REV-1360-1">
        <validCheckSum>any</validCheckSum>
        <comment>Add new column enable_welcome_offer_restriction to player table. </comment>
        <addColumn tableName="site">
            <column name="enable_welcome_offer_restriction" type="boolean" defaultValueBoolean="true">
                <constraints nullable="false"/>
            </column>
        </addColumn>
    </changeSet>

    <changeSet author="khaja.hussain" id="REV-1360-2">
        <validCheckSum>any</validCheckSum>
        <comment>Add new columns enable_welcome_offer_restriction, is_welcome_offer_abuser to player table. </comment>
        <addColumn tableName="player">
            <column name="enable_welcome_offer_restriction" type="boolean" defaultValueBoolean="true">
                <constraints nullable="false"/>
            </column>
            <column name="is_welcome_offer_abuser" type="boolean" defaultValueBoolean="false">
                <constraints nullable="false" />
            </column>
        </addColumn>
    </changeSet>

    <changeSet author="khaja.hussain" id="REV-1360-3">
        <validCheckSum>any</validCheckSum>
        <comment>Adding parameters for welcome offer restriction </comment>
        <sql>
            insert into param(version, description, editable, param_key, param_type, system, val)
            values(0, 'Welcome Offer Restriction Look up Days', 1, 'welcome.offer.restriction.lookup.days', 'Integer', 1, 30);

            insert into param(version, description, editable, param_key, param_type, system, val)
            values(0, 'Welcome Offer Restriction Duplicate Acount Count', 1, 'welcome.offer.restriction.duplicate.account.count', 'Integer', 1, 3);

            insert into param(version, description, editable, param_key, param_type, system, val)
            values(0, 'Welcome Offer Restriction Ignore VIP players', 1, 'welcome.offer.restriction.ignore.vip.players', 'Boolean', 1, true);
        </sql>
        <rollback>
            <sql>
                Delete from param where param_key='welcome.offer.restriction.lookup.days';
                Delete from param where param_key='welcome.offer.restriction.duplicate.account.count';
                Delete from param where param_key='welcome.offer.restriction.ignore.vip.players';
            </sql>
        </rollback>
    </changeSet>

    <changeSet author="khaja.hussain" id="REV-1360-4">
        <validCheckSum>any</validCheckSum>
        <comment>Adding a permission for to edit player welcome offer restriction </comment>
        <sql>
            insert into permission (version, category, description, name) values( 0, 'Player', 'Edit Player Welcome Offer Restriction','EDIT_PLAYER_WELCOME_OFFER');
        </sql>
        <rollback>
            <sql>
                delete from permission where name = 'EDIT_PLAYER_WELCOME_OFFER';
            </sql>
        </rollback>
    </changeSet>




</databaseChangeLog>

