<?xml version="1.0" encoding="UTF-8" standalone="no"?>
<databaseChangeLog xmlns="http://www.liquibase.org/xml/ns/dbchangelog" xmlns:xsi="http://www.w3.org/2001/XMLSchema-instance" xsi:schemaLocation="http://www.liquibase.org/xml/ns/dbchangelog http://www.liquibase.org/xml/ns/dbchangelog/dbchangelog-2.0.xsd">
    <changeSet author="srikanth.manuri" id="REV-1137-1">
        <comment>
            Adding new view for transaction table which would include fee amount and payment method from payment record.
        </comment>
        <sql>
            drop view if exists vw_transaction;

            create view vw_transaction as
            select t.*,pr.fee_amount, pm.short_name payment_method from transaction t
            left outer join payment_Record pr on t.id=pr.transaction_id
            left outer join payment_method pm on pm.id=pr.payment_method_id;
        </sql>
        <rollback>
            drop view if exists vw_transaction;
        </rollback>
    </changeSet>
</databaseChangeLog>