<?xml version="1.0" encoding="UTF-8" standalone="no"?>
<databaseChangeLog xmlns="http://www.liquibase.org/xml/ns/dbchangelog"
                   xmlns:xsi="http://www.w3.org/2001/XMLSchema-instance"
                   xsi:schemaLocation="http://www.liquibase.org/xml/ns/dbchangelog http://www.liquibase.org/xml/ns/dbchangelog/dbchangelog-2.0.xsd">

    <changeSet author="khaja.hussain" id="REV-1298-1">
        <validCheckSum>any</validCheckSum>
        <comment>Add new column enablePaymentMethodChangeThreshold to player table. </comment>
        <addColumn tableName="player">
            <column name="enable_payment_method_change_threshold" type="boolean" defaultValueBoolean="true">
                <constraints nullable="false"/>
            </column>
        </addColumn>
    </changeSet>

</databaseChangeLog>

