<?xml version="1.0" encoding="UTF-8" standalone="no"?>
<databaseChangeLog xmlns="http://www.liquibase.org/xml/ns/dbchangelog" xmlns:xsi="http://www.w3.org/2001/XMLSchema-instance" xsi:schemaLocation="http://www.liquibase.org/xml/ns/dbchangelog http://www.liquibase.org/xml/ns/dbchangelog/dbchangelog-2.0.xsd">
    <changeSet author="vasavi.kakumanu" id="REV-1134-1">
        <comment>insert scripts to Language table.</comment>
        <sql>
            INSERT INTO language(iso, name, visible, version) VALUES('nb', 'Norwegian', 1, 0);
        </sql>
        <rollback>
            <sql>
                delete from language where iso = 'nb';
            </sql>
        </rollback>
    </changeSet>
</databaseChangeLog>