<?xml version="1.0" encoding="UTF-8" standalone="no"?>
<databaseChangeLog xmlns="http://www.liquibase.org/xml/ns/dbchangelog" xmlns:xsi="http://www.w3.org/2001/XMLSchema-instance" xsi:schemaLocation="http://www.liquibase.org/xml/ns/dbchangelog http://www.liquibase.org/xml/ns/dbchangelog/dbchangelog-2.0.xsd">
   	<changeSet author="srikanth.manuri" id="REV-584-1">
        <comment>Adding payout times and  frequeny columns to Bonus table.</comment>
        <addColumn tableName="bonus">
            <column name="per_day_payout_times" type="BIGINT">
                <constraints nullable="true"/>
            </column>
            <column name="per_pramotion_payout_times" type="BIGINT">
                <constraints nullable="true"/>
            </column>
        </addColumn>
        <rollback>
            <dropColumn tableName="bonus" columnName="per_day_payout_times"/>
            <dropColumn tableName="bonus" columnName="per_pramotion_payout_times"/>
        </rollback>
    </changeSet>
    <changeSet author="srikanth.manuri" id="REV-584-2">
        <comment>Renaming per_promotion_payout_times column in bonus table.</comment>
        <renameColumn tableName="bonus" oldColumnName="per_pramotion_payout_times" newColumnName="per_promotion_payout_times" columnDataType="BIGINT"/>
        <rollback>
            <renameColumn tableName="bonus" oldColumnName="per_promotion_payout_times" newColumnName="per_pramotion_payout_times" columnDataType="BIGINT"/>
        </rollback>
    </changeSet>
</databaseChangeLog>
