<?xml version="1.0" encoding="UTF-8" standalone="no"?>
<databaseChangeLog xmlns="http://www.liquibase.org/xml/ns/dbchangelog"
                   xmlns:xsi="http://www.w3.org/2001/XMLSchema-instance"
                   xsi:schemaLocation="http://www.liquibase.org/xml/ns/dbchangelog http://www.liquibase.org/xml/ns/dbchangelog/dbchangelog-2.0.xsd">

    <changeSet author="Khaja.Hussain" id="REV-1427-1">
        <validCheckSum>any</validCheckSum>
        <comment>Add new columns ignore_uk_withdrawal_restrictions to site table. </comment>
        <addColumn tableName="site">
            <column name="ignore_uk_withdrawal_restrictions" type="boolean" defaultValueBoolean="false">
                <constraints nullable="false"/>
            </column>
        </addColumn>
    </changeSet>

</databaseChangeLog>

