<?xml version="1.0" encoding="UTF-8" standalone="no"?>
<databaseChangeLog xmlns="http://www.liquibase.org/xml/ns/dbchangelog" xmlns:xsi="http://www.w3.org/2001/XMLSchema-instance" xsi:schemaLocation="http://www.liquibase.org/xml/ns/dbchangelog http://www.liquibase.org/xml/ns/dbchangelog/dbchangelog-2.0.xsd">
    <changeSet author="veerendranath.kommisetty" id="REV-1453-1">
        <comment>update site country, payment method change threshold, max amount per day and max amount per month.</comment>
        <sqlFile relativeToChangelogFile="true" path="sql//REV-1453//accountsystem_update.sql"/>
        <rollback>
            <sql>
                DELETE FROM site_country where country_id = (select id from country where name = 'South Africa');
            </sql>
        </rollback>
    </changeSet>
    <changeSet author="veerendranath.kommisetty" id="REV-1453-2">
        <comment>update existing bonuses with amount for new currency.</comment>
        <sqlFile relativeToChangelogFile="true" path="sql//REV-1453//bonus_update.sql"/>
        <rollback>
            <sql>
                DELETE FROM bonus_config_payout where currency_id = (select id from currency where iso = 'ZAR');
            </sql>
        </rollback>
    </changeSet>
    <changeSet author="veerendranath.kommisetty" id="REV-1453-3">
        <comment>update operator currency limits for new currency.</comment>
        <sqlFile relativeToChangelogFile="true" path="sql//REV-1453//operator_currency_limits_update.sql"/>
        <rollback>
            <sql>
                DELETE FROM operator_currency_limits where currency_id = (select id from currency where iso = 'ZAR');
            </sql>
        </rollback>
    </changeSet>
</databaseChangeLog>