<?xml version="1.0" encoding="UTF-8" standalone="no"?>
<databaseChangeLog xmlns="http://www.liquibase.org/xml/ns/dbchangelog" xmlns:xsi="http://www.w3.org/2001/XMLSchema-instance" xsi:schemaLocation="http://www.liquibase.org/xml/ns/dbchangelog http://www.liquibase.org/xml/ns/dbchangelog/dbchangelog-2.0.xsd">
    <changeSet author="aniketh.chilke" id="REV-1207-1">
        <validCheckSum>any</validCheckSum>
        <comment>Adding new parameters for integration with elite.</comment>
        <sql>
            INSERT INTO param (id,version, description, editable, param_key, param_type, system, val)
            select max(id)+1,0, 'Elite Game Launch URL', b'1', 'elite.gamelaunch.url', 'String', b'1', 'http://localhost:8095/games-connect/api/account/externalLaunch' from param;
            INSERT INTO param (id,version, description, editable, param_key, param_type, system, val)
            select max(id)+1,0, 'Elite Authorisation Key', b'1', 'elite.authorization.key', 'String', b'1', 'testKey' from param;
        </sql>
        <rollback>
            <sql>
                Delete from param where param_key='elite.gamelaunch.url';
                Delete from param where param_key='elite.authorization.key';
            </sql>
        </rollback>
    </changeSet>
</databaseChangeLog>