<?xml version="1.0" encoding="UTF-8" standalone="no"?>
<databaseChangeLog xmlns="http://www.liquibase.org/xml/ns/dbchangelog"
                   xmlns:xsi="http://www.w3.org/2001/XMLSchema-instance"
                   xsi:schemaLocation="http://www.liquibase.org/xml/ns/dbchangelog http://www.liquibase.org/xml/ns/dbchangelog/dbchangelog-2.0.xsd">


    <changeSet author="Khaja.Hussain" id="REV-1333-1">
        <comment>Create Player KYC Property Weightage Config table for individual property scores for the Duplicate Check Functionality.</comment>
        <createTable tableName="player_kyc_property_weightage_config">
            <column autoIncrement="true" name="id" type="BIGINT">
                <constraints nullable="false" primaryKey="true"/>
            </column>
            <column name="weightage" type="BIGINT(20)" >
                <constraints nullable="false"/>
            </column>
            <column name="version" type="BIGINT">
                <constraints nullable="false"/>
            </column>
            <column name="priority" type="INT">
                <constraints nullable="false"/>
            </column>
            <column name="property" type="varchar(50)">
                <constraints nullable="true"/>
            </column>
        </createTable>

        <createIndex tableName="player_kyc_property_weightage_config" indexName="IDX_player_kyc_property_weightage_config_property">
            <column name="property"></column>
        </createIndex>
    </changeSet>

    <changeSet author="Khaja.Hussain" id="REV-1333-2">
        <comment>Adding new permissions for Player KYC Property Weightage Configuration</comment>
        <sqlFile relativeToChangelogFile="true" path="sql//playerkycpropertyweightageconfig//player_kyc_property_weightage_config_permissions.sql" />
        <rollback>
            <sql>
                delete from permission where name in ('PLAYER_KYC_PROPERTY_WEIGHTAGE_CONFIG_VIEW');
            </sql>
        </rollback>
    </changeSet>

    <changeSet author="Khaja.Hussain" id="REV-1333-3">
        <comment>Adding Player KYC Property Weightage Configuration values</comment>
        <sqlFile relativeToChangelogFile="true" path="sql//playerkycpropertyweightageconfig//player_kyc_property_weightage_config.sql" />
        <rollback>
            <sql>
                delete from player_kyc_property_weightage_config where property in ('postCode', 'dateOfBirth', 'lastName', 'firstName', 'houseNumber');
            </sql>
        </rollback>
    </changeSet>

    <changeSet author="khaja.hussain" id="REV-1333-4">
        <validCheckSum>any</validCheckSum>
        <comment>Add new columns kyc_quality, kyc_updated_date to player_extra table. </comment>
        <addColumn tableName="player_extra">
            <column name="kyc_quality" type="VARCHAR(10)">
                <constraints nullable="true"/>
            </column>
            <column name="kyc_updated_date" type="DATETIME">
                <constraints nullable="true"/>
            </column>
        </addColumn>
    </changeSet>

    <changeSet author="khaja.hussain" id="REV-1333-5">
        <validCheckSum>any</validCheckSum>
        <comment>Adding a parameter for Player KYC Checks </comment>
        <sql>
            insert into param(version, description, editable, param_key, param_type, system, val)
            values(0, 'Player KYC Check Time Length In Days', 1, 'player.kyc.check.time.length', 'Integer', 1, 42);
        </sql>
        <rollback>
            <sql>
                Delete from param where param_key = 'player.kyc.check.time.length';
            </sql>
        </rollback>
    </changeSet>

    <changeSet author="khaja.hussain" id="REV-1333-6">
        <validCheckSum>any</validCheckSum>
        <comment>update kyc_quality, kyc_dated_date fields in player_extra table.</comment>
        <sqlFile relativeToChangelogFile="true" path="sql//player_kyc_checks//player_kyc_check_kyc_details.sql" />
        <rollback>
            update player_extre set kyc_quality = null, kyc_updated_date = null;
        </rollback>
    </changeSet>

    <changeSet author="Khaja.Hussain" id="REV-1333-7">
        <validCheckSum>any</validCheckSum>
        <comment>Removing PLAYER_KYC_PROPERTY_WEIGHTAGE_CONFIG_EDIT, PLAYER_KYC_PROPERTY_WEIGHTAGE_CONFIG_EDIT permission for code cleaning purpose</comment>
        <sql>
            delete from role_permission_map where permission_id = (select id from permission where name = 'PLAYER_KYC_PROPERTY_WEIGHTAGE_CONFIG_EDIT');
            delete from permission where name = 'PLAYER_KYC_PROPERTY_WEIGHTAGE_CONFIG_EDIT';

            delete from role_permission_map where permission_id = (select id from permission where name = 'PLAYER_PROPERTY_WEIGHTAGE_CONFIG_EDIT');
            delete from permission where name = 'PLAYER_PROPERTY_WEIGHTAGE_CONFIG_EDIT';
        </sql>
        <rollback>
            <sql>
                INSERT INTO `permission` (`id`, `version`, `category`, `description`, `name`) VALUES
                (78, 0,	'PlayerPropertyWeightageConfig','Edit Player Property Weightage Config', 'PLAYER_PROPERTY_WEIGHTAGE_CONFIG_EDIT');

                INSERT INTO `permission` (`version`, `category`, `description`, `name`) VALUES
                (0,	'PlayerKYCPropertyWeightageConfig','Edit Player KYC Property Weightage Config', 'PLAYER_KYC_PROPERTY_WEIGHTAGE_CONFIG_EDIT');
            </sql>
        </rollback>
    </changeSet>



</databaseChangeLog>

