<?xml version="1.0" encoding="UTF-8" standalone="no"?>
<databaseChangeLog xmlns="http://www.liquibase.org/xml/ns/dbchangelog"
                   xmlns:xsi="http://www.w3.org/2001/XMLSchema-instance"
                   xsi:schemaLocation="http://www.liquibase.org/xml/ns/dbchangelog http://www.liquibase.org/xml/ns/dbchangelog/dbchangelog-2.0.xsd">

    <changeSet author="Khaja.Hussain" id="REV-1409-1">
        <validCheckSum>any</validCheckSum>
        <comment>Add new columns is_vip_game to game table. </comment>
        <addColumn tableName="game">
            <column name="is_vip_game" type="boolean" defaultValueBoolean="false">
                <constraints nullable="false"/>
            </column>
        </addColumn>
    </changeSet>

    <changeSet author="Khaja.Hussain" id="REV-1409-2">
        <validCheckSum>any</validCheckSum>
        <comment>Add new columns igt_vip_skin_code to site table. </comment>
        <addColumn tableName="site">
            <column name="igt_vip_skin_code" type="VARCHAR(255)" >
                <constraints nullable="true"/>
            </column>
        </addColumn>
    </changeSet>

</databaseChangeLog>

