<?xml version="1.0" encoding="UTF-8" standalone="no"?>
<databaseChangeLog xmlns="http://www.liquibase.org/xml/ns/dbchangelog" xmlns:xsi="http://www.w3.org/2001/XMLSchema-instance" xsi:schemaLocation="http://www.liquibase.org/xml/ns/dbchangelog http://www.liquibase.org/xml/ns/dbchangelog/dbchangelog-2.0.xsd">
    <changeSet author="srikanth.manuri" id="REV-932-1">
        <comment>Adding new note type WithdrawFailed.</comment>
        <sql>
            INSERT INTO note_type (version, editable, hidden, name, selectable, short_name) VALUES
            (0, b'0', b'0', 'Withdraw Failed', b'1', 'WithdrawFailed');
        </sql>
        <rollback>
            delete from note_type where short_name='WithdrawFailed';
        </rollback>
    </changeSet>

</databaseChangeLog>