<?xml version="1.0" encoding="UTF-8" standalone="no"?>
<databaseChangeLog xmlns="http://www.liquibase.org/xml/ns/dbchangelog" xmlns:xsi="http://www.w3.org/2001/XMLSchema-instance" xsi:schemaLocation="http://www.liquibase.org/xml/ns/dbchangelog http://www.liquibase.org/xml/ns/dbchangelog/dbchangelog-2.0.xsd">
    <changeSet author="veerendranath.kommisetty" id="REV-586-1">
        <comment>Adding bulk insert count in auditlog table for bonusSiteNetworkConfig.</comment>
        <sql>
            insert into param(version, description, editable, param_key, param_type, system, val)
            values(0, 'no of records to be saved in a batch for bonusistenetworkconfig', 1, 'bulk.auditlog.insert.batch.size.bsnc', 'Integer', 1, '500');
        </sql>
        <rollback>
            delete from param where param_key='bulk.auditlog.insert.batch.size.bsnc';
        </rollback>
    </changeSet>
</databaseChangeLog>