<?xml version="1.0" encoding="UTF-8" standalone="no"?>
<databaseChangeLog xmlns="http://www.liquibase.org/xml/ns/dbchangelog"
                   xmlns:xsi="http://www.w3.org/2001/XMLSchema-instance"
                   xsi:schemaLocation="http://www.liquibase.org/xml/ns/dbchangelog http://www.liquibase.org/xml/ns/dbchangelog/dbchangelog-2.0.xsd">

    <changeSet author="khaja.hussain" id="REV-1484-1">
        <validCheckSum>any</validCheckSum>
        <comment>insert epg_message configuration data</comment>
        <sqlFile relativeToChangelogFile="true" path="sql//epg-messages//new_epg_csr_player.sql" />
        <rollback>
            <sql>
                delete from epg_message where error_code between 'EPGERR-218' and 'EPGERR-238';
            </sql>
        </rollback>
    </changeSet>

</databaseChangeLog>

