<?xml version="1.0" encoding="UTF-8" standalone="no"?>
<databaseChangeLog xmlns="http://www.liquibase.org/xml/ns/dbchangelog"
                   xmlns:xsi="http://www.w3.org/2001/XMLSchema-instance"
                   xsi:schemaLocation="http://www.liquibase.org/xml/ns/dbchangelog http://www.liquibase.org/xml/ns/dbchangelog/dbchangelog-2.0.xsd">

    <changeSet author="khaja.hussain" id="REV-1299-1">
        <validCheckSum>any</validCheckSum>
        <comment>create bonus_by_payment_methods table to store payment method of a bonus</comment>
        <createTable tableName="bonus_by_payment_method">
            <column autoIncrement="true" name="id" type="BIGINT(20)">
                <constraints nullable="false" primaryKey="true"/>
            </column>
            <column name="version" type="BIGINT(20)">
                <constraints nullable="false"/>
            </column>
            <column name="bonus_id" type="BIGINT(20)">
                <constraints nullable="false"/>
            </column>
            <column name="payment_method_id" type="BIGINT(20)">
                <constraints nullable="false"/>
            </column>
            <column name="bonus_payment_method_type" type="INT(2)">
                <constraints nullable="false"/>
            </column>
        </createTable>
    </changeSet>

    <changeSet author="khaja.hussain" id="REV-1299-2">
        <comment>Create index in bonus_by_payment_method table with bonus_id column.</comment>
        <sql>
            CREATE INDEX IDX_BONUS_BY_PAYMENT_METHOD_BONUS_ID ON bonus_by_payment_method(bonus_id);
        </sql>
        <rollback>
            <sql>
                DROP INDEX IDX_BONUS_BY_PAYMENT_METHOD_BONUS_ID ON bonus_by_payment_method;
            </sql>
        </rollback>
    </changeSet>

    <changeSet author="khaja.hussain" id="REV-1299-3">
        <comment>change is_enabled column name to supports_bonus_by_payment_methods</comment>
        <renameColumn columnDataType="BIT" newColumnName="supports_bonus_by_payment_methods" oldColumnName="is_enabled" tableName="payment_solution"/>
    </changeSet>

    <changeSet author="khaja.hussain" id="REV-1299-4">
        <validCheckSum>any</validCheckSum>
        <comment>uodate scripts to disable payment solutions.</comment>
        <sql>
            update payment_solution set supports_bonus_by_payment_methods = 0 where short_name = 'manual';
            update payment_solution set supports_bonus_by_payment_methods = 0 where short_name = 'GiroPay';
            update payment_solution set supports_bonus_by_payment_methods = 0 where short_name = 'directpay';
            update payment_solution set supports_bonus_by_payment_methods = 0 where short_name = 'withdrawal';
            update payment_solution set supports_bonus_by_payment_methods = 0 where short_name = 'pendingtocredit';
            update payment_solution set supports_bonus_by_payment_methods = 0 where short_name = 'dummy_spare';
            update payment_solution set supports_bonus_by_payment_methods = 0 where short_name = 'wirecard';
            update payment_solution set supports_bonus_by_payment_methods = 0 where short_name = 'Clearhaus';
            update payment_solution set supports_bonus_by_payment_methods = 0 where short_name = 'iDeal';
            update payment_solution set supports_bonus_by_payment_methods = 0 where short_name = 'sepapayout';
            update payment_solution set supports_bonus_by_payment_methods = 0 where short_name = 'tsi';
            update payment_solution set supports_bonus_by_payment_methods = 0 where short_name = 'SEPA_Payout';
        </sql>
        <rollback>
            <sql>
                update payment_solution set supports_bonus_by_payment_methods = 1 where short_name = 'manual';
                update payment_solution set supports_bonus_by_payment_methods = 1 where short_name = 'GiroPay';
                update payment_solution set supports_bonus_by_payment_methods = 1 where short_name = 'directpay';
                update payment_solution set supports_bonus_by_payment_methods = 1 where short_name = 'withdrawal';
                update payment_solution set supports_bonus_by_payment_methods = 1 where short_name = 'pendingtocredit';
                update payment_solution set supports_bonus_by_payment_methods = 1 where short_name = 'dummy_spare';
                update payment_solution set supports_bonus_by_payment_methods = 1 where short_name = 'wirecard';
                update payment_solution set supports_bonus_by_payment_methods = 1 where short_name = 'Clearhaus';
                update payment_solution set supports_bonus_by_payment_methods = 1 where short_name = 'iDeal';
                update payment_solution set supports_bonus_by_payment_methods = 1 where short_name = 'sepapayout';
                update payment_solution set supports_bonus_by_payment_methods = 1 where short_name = 'tsi';
                update payment_solution set supports_bonus_by_payment_methods = 1 where short_name = 'SEPA_Payout';
            </sql>
        </rollback>
    </changeSet>



</databaseChangeLog>

