<?xml version="1.0" encoding="UTF-8" standalone="no"?>
<databaseChangeLog xmlns="http://www.liquibase.org/xml/ns/dbchangelog" xmlns:xsi="http://www.w3.org/2001/XMLSchema-instance" xsi:schemaLocation="http://www.liquibase.org/xml/ns/dbchangelog http://www.liquibase.org/xml/ns/dbchangelog/dbchangelog-2.0.xsd">
    <changeSet author="vasavi.kakumanu" id="REV-805">
        <validCheckSum>any</validCheckSum>
        <comment>Adding REDTIGER RGS to rgs table.</comment>
        <sqlFile relativeToChangelogFile="true" path="sql//REV-805//REV-805.sql" />
        <rollback>
            delete from param where param_key='redTiger.gameServer.url';
            delete from param where param_key='redTiger.authorization.key';
            delete from rgs where name='REDTIGER_RGS';
        </rollback>
    </changeSet>
</databaseChangeLog>