<?xml version="1.0" encoding="UTF-8" standalone="no"?>
<databaseChangeLog xmlns="http://www.liquibase.org/xml/ns/dbchangelog" xmlns:xsi="http://www.w3.org/2001/XMLSchema-instance" xsi:schemaLocation="http://www.liquibase.org/xml/ns/dbchangelog http://www.liquibase.org/xml/ns/dbchangelog/dbchangelog-2.0.xsd">

    <changeSet author="rajendra.bayana" id="JP-game-allowForJackpot-6" context="UK">
        <validCheckSum>any</validCheckSum>
        <preConditions onFail="MARK_RAN">
            <not>
                <columnExists tableName="game" columnName="allowed_for_jackpot" />
            </not>
        </preConditions>
        <addColumn tableName="game">
            <column name="allowed_for_jackpot" type="BIT" defaultValueBoolean="false"/>
        </addColumn>
        <sql>
            update game set allowed_for_jackpot = false where allowed_for_jackpot is null;
        </sql>
        <addNotNullConstraint tableName="game" columnName="allowed_for_jackpot" columnDataType="BIT"/>
        <rollback>
            <dropColumn tableName="game" columnName="allowed_for_jackpot"/>
        </rollback>
    </changeSet>
    <changeSet author="rajendra.bayana" id="JP-rgs-allowForJackpot-6" context="UK">
        <validCheckSum>any</validCheckSum>
        <preConditions onFail="MARK_RAN">
            <not>
                <columnExists tableName="rgs" columnName="allowed_for_jackpot" />
            </not>
        </preConditions>
        <addColumn tableName="rgs">
            <column name="allowed_for_jackpot" type="BIT" defaultValueBoolean="false"/>
        </addColumn>
        <sql>
            update rgs set allowed_for_jackpot = false where allowed_for_jackpot is null;
        </sql>
        <addNotNullConstraint tableName="rgs" columnName="allowed_for_jackpot" columnDataType="BIT"/>
        <rollback>
            <dropColumn tableName="rgs" columnName="allowed_for_jackpot"/>
        </rollback>
    </changeSet>
    <changeSet author="aniketh.chilke" id="JP-System-Configs" context="UK">
        <addColumn tableName="site">
            <column name="jackpot_system_url" type="VARCHAR(255)">
                <constraints nullable="true"/>
            </column>
        </addColumn>
        <addColumn tableName="site">
            <column name="jackpot_authentication_key" type="VARCHAR(50)">
                <constraints nullable="true"/>
            </column>
        </addColumn>
        <addColumn tableName="site">
            <column name="jackpot_external_system_id" type="VARCHAR(50)">
                <constraints nullable="true"/>
            </column>
        </addColumn>
    </changeSet>
    <changeSet author="aniketh.chilke" id="jackpot-Transaction-type" context="UK">
        <comment>Adding Transaction Types for Jackpot.</comment>
        <sql>
            INSERT INTO transaction_type (id, version, description, name, short_name) VALUES((select max(t1.id)+1 from transaction_type t1), 0, 'Jackpot Won by Player', 'Jackpot Win', 'jackpotWin');
        </sql>
        <rollback>
            <sql>
                delete from transaction_type where short_name = 'jackpotWin';
            </sql>
        </rollback>
    </changeSet>
    <changeSet author="rajendra.bayana" id="REV-POST_SINGLETRAN-TO-JP" context="UK">
        <sql>
            INSERT INTO param (id,version, description, editable, param_key, param_type, system, val)
            select max(id)+1,0,'Post single transactions to jackpot system enabling.', b'1', 'post.jackpot.singletransaction.enable', 'Boolean',b'1', 'false' from param;
        </sql>
        <rollback>
            <sql>
                delete from param where param_key = 'post.jackpot.singletransaction.enable';
            </sql>
        </rollback>
    </changeSet>
    <changeSet author="aniketh.chilke" id="JP-Timeout-settings-param" context="UK">
        <comment>Adding connection timeouts for accessing Jackpot System.</comment>
        <sql>
            INSERT INTO param (id,version, description, editable, param_key, param_type, system, val)
            select max(id)+1,0,'Connection time out for jackpot system.', b'1', 'jackpotSystem.connectiontimeout', 'Integer',b'1', '10000' from param;
            INSERT INTO param (id,version, description, editable, param_key, param_type, system, val)
            select max(id)+1,0,'Read time out for jackpot system.', b'1', 'jackpotSystem.readtimeout', 'Integer',b'1', '10000' from param;
        </sql>
        <rollback>
            <sql>
                delete from param where param_key = 'jackpotSystem.connectiontimeout';
                delete from param where param_key = 'jackpotSystem.readtimeout';
            </sql>
        </rollback>
    </changeSet>
</databaseChangeLog>