<?xml version="1.0" encoding="UTF-8" standalone="no"?>
<databaseChangeLog xmlns="http://www.liquibase.org/xml/ns/dbchangelog" xmlns:xsi="http://www.w3.org/2001/XMLSchema-instance" xsi:schemaLocation="http://www.liquibase.org/xml/ns/dbchangelog http://www.liquibase.org/xml/ns/dbchangelog/dbchangelog-2.0.xsd">
    <changeSet author="ramesh.kondapalli" id="REV-808-1">
        <comment>Adding Transaction SubTypes Chargeback Credit and Chargeback TopUp.</comment>
        <sql>
            INSERT INTO transaction_subtype (id, version, description, name, short_name, transaction_type_id) VALUES((select max(t1.id)+1 from transaction_subtype t1), 0, 'Chargeback Credit', 'Chargeback Credit', 'chargebackCredit', 4);
            INSERT INTO transaction_subtype (id, version, description, name, short_name, transaction_type_id) VALUES((select max(t1.id)+1 from transaction_subtype t1), 0, 'Chargeback TopUp', 'Chargeback TopUp', 'chargebackTopUp', 4);
        </sql>
        <rollback>
            <sql>
                DELETE FROM transaction_subtype where short_name='chargebackCredit' and name='Chargeback Credit';
                DELETE FROM transaction_subtype where short_name='chargebackTopUp' and name='Chargeback TopUp';
            </sql>
        </rollback>
    </changeSet>
    <changeSet author="ramesh.kondapalli" id="REV-808-2">
        <comment>Updating the existing Transaction SubType from Chargeback Withdrawal to Chargeback Debit.</comment>
        <sql>
            UPDATE transaction_subtype set name = 'Chargeback Debit',short_name='chargebackDebit',description='Chargeback Debit' where name='Chargeback Withdrawal' and short_name='chargebackWithdrawal';
        </sql>
        <rollback>
            <sql>
                UPDATE transaction_subtype set name = 'Chargeback Withdrawal',short_name='chargebackWithdrawal',description='Chargeback Withdrawal' where name='Chargeback Debit' and short_name='chargebackDebit';
            </sql>
        </rollback>
    </changeSet>
</databaseChangeLog>