<?xml version="1.0" encoding="UTF-8" standalone="no"?>
<databaseChangeLog xmlns="http://www.liquibase.org/xml/ns/dbchangelog" xmlns:xsi="http://www.w3.org/2001/XMLSchema-instance" xsi:schemaLocation="http://www.liquibase.org/xml/ns/dbchangelog http://www.liquibase.org/xml/ns/dbchangelog/dbchangelog-2.0.xsd">
    <changeSet author="aniketh.chilke" id="REV-1406-1">
        <validCheckSum>any</validCheckSum>
        <comment>delete unrelated elite sub providers.</comment>
        <sql>
            delete from sub_provider where id not in(select sub_rgs_provider_id from game where sub_rgs_provider_id is not null);
        </sql>
        <rollback>
            <sql>
                insert into sub_provider(description,name,params) values('NETENT RGS Sub Provider', 'NETENT','{}');
                insert into sub_provider(description,name,params) values('IWG RGS Sub Provider', 'IWG','{}');
                insert into sub_provider(description,name,params) values('NEKTAN RGS Sub Provider', 'NEKTAN','{}');
                insert into sub_provider(description,name,params) values('NYX RGS Sub Provider', 'NYX','{}');
                insert into sub_provider(description,name,params) values('IGT RGS Sub Provider', 'IGT','{}');
                insert into sub_provider(description,name,params) values('ROC RGS Sub Provider', 'ROC','{}');
                insert into sub_provider(description,name,params) values('QUICKFIRE RGS Sub Provider', 'QUICKFIRE','{}');
                insert into sub_provider(description,name,params) values('BLUEPRINT RGS Sub Provider', 'BLUEPRINT','{}');
                insert into sub_provider(description,name,params) values('BOOONGO RGS Sub Provider', 'BOOONGO','{}');
                insert into sub_provider(description,name,params) values('PGSOFT RGS Sub Provider', 'PGSOFT','{}');
                insert into sub_provider(description,name,params) values('BOOMING RGS Sub Provider', 'BOOMING','{}');
                insert into sub_provider(description,name,params) values('LEANDER RGS Sub Provider', 'LEANDER','{}');
                insert into sub_provider(description,name,params) values('SPINMATIC RGS Sub Provider', 'SPINMATIC','{}');
                insert into sub_provider(description,name,params) values('REDTIGER RGS Sub Provider', 'REDTIGER','{}');
                insert into sub_provider(description,name,params) values('GAMESCO RGS Sub Provider', 'GAMESCO','{}');
                insert into sub_provider(description,name,params) values('ASPECT RGS Sub Provider', 'ASPECT','{}');
            </sql>
        </rollback>
    </changeSet>
</databaseChangeLog>
