<?xml version="1.0" encoding="UTF-8" standalone="no"?>
<databaseChangeLog xmlns="http://www.liquibase.org/xml/ns/dbchangelog" xmlns:xsi="http://www.w3.org/2001/XMLSchema-instance" xsi:schemaLocation="http://www.liquibase.org/xml/ns/dbchangelog http://www.liquibase.org/xml/ns/dbchangelog/dbchangelog-2.0.xsd">


    <changeSet author="srikanth.manuri" id="REV-1076-1">
        <comment>Adding payment method id column to player withdraw settings table</comment>
        <addColumn tableName="player_withdraw_settings">
            <column name="default_payment_method_id" type="BIGINT(20)"/>
        </addColumn>
    </changeSet>

    <changeSet author="srikanth.manuri" id="REV-1076-2">
        <comment>Adding FK constraint to payment method id column in player withdraw settings table</comment>
        <addForeignKeyConstraint baseTableName="player_withdraw_settings" baseColumnNames="default_payment_method_id" constraintName="FK_pws_pm_id" referencedTableName="payment_method"
                                 referencedColumnNames="id"/>
    </changeSet>

    <changeSet author="srikanth.manuri" id="REV-1076-4">
        <comment>Creating temporary table for player default withdraw method.</comment>
        <sql>
            drop table if exists tmp_player_default_withdraw_method;
            create table tmp_player_default_withdraw_method
            select
            #pe.id,last_deposit_method,pm.id pm_id ,default_payment_method_id,pc.country_id,pcur.currency_id,
            p.player_id,default_payment_method_id
            from player_extra pe
            inner join payment_method pm on  pm.short_name = pe.last_deposit_method
            inner join pm_ctry_cur_mapping pcm on pcm.payment_method_id=pm.id
            inner join pm_ctry_cur_mapping_country pc on pc.pm_ctry_cur_mapping_countries_id=pcm.id
            inner join pm_ctry_cur_mapping_currency pcur on pcur.pm_ctry_cur_mapping_currencies_id=pcm.id
            inner join
            (select p.id player_id,p.player_extra_id,currency_id,country_id from player p inner join account acc on acc.playeR_id=p.id and type=1) p
            on pe.id=p.player_extra_id and p.currency_id=pcur.currency_id and pc.country_id=p.country_id
            where last_deposit_method is not null and pcm.operation_type=2;
        </sql>
        <rollback>
            drop table if exists tmp_player_default_withdraw_method;
        </rollback>
    </changeSet>


    <changeSet author="srikanth.manuri" id="REV-1076-5">
        <comment>Updating payment method id column in player withdraw settings table based on last deposit method in player extra</comment>
        <sql>
            update player_withdraw_settings t1 inner join tmp_player_default_withdraw_method t2 on t1.player_id=t2.player_id
            set t1.default_payment_method_id=t2.default_payment_method_id;
        </sql>
        <rollback>
            update player_withdraw_settings set default_payment_method_id = null;
        </rollback>
    </changeSet>

    <changeSet author="srikanth.manuri" id="REV-1076-6">
        <comment>Adding use withdraw mappings flag to site table.</comment>
        <addColumn tableName="site">
            <column name="use_withdraw_mappings" defaultValueBoolean="false" type="BIT(1)">
                <constraints nullable="false"/>
            </column>
        </addColumn>
    </changeSet>

    <changeSet author="srikanth.manuri" id="REV-1076-7">
        <comment>Adding use default payment method flag to player withdraw settings table.</comment>
        <addColumn tableName="player_withdraw_settings">
            <column name="override_default_payment_method" defaultValueBoolean="true" type="BIT(1)">
                <constraints nullable="false"/>
            </column>
        </addColumn>
    </changeSet>

    <changeSet author="srikanth.manuri" id="REV-1076-8">
        <comment>Creating temporary table with card details and player.</comment>
        <sql>
            drop table if exists tmp_card_detail;
            create table tmp_card_detail as
            select card_detail_id, player_id  FROM  payment_record where card_detail_id is not null group by card_detail_id, player_id;
        </sql>
        <rollback>
            drop table if exists tmp_card_detail;
        </rollback>
    </changeSet>

    <changeSet author="srikanth.manuri" id="REV-1076-9">
        <comment>Adding player id column to card_detail table.</comment>
        <addColumn tableName="card_detail">
            <column name="player_id" type="BIGINT(20)"/>
        </addColumn>
    </changeSet>

    <changeSet author="srikanth.manuri" id="REV-1076-10">
        <comment>Populating player id column using tmp_card_detail table. </comment>
        <sql>
            update card_detail cd inner join tmp_card_detail tcd on cd.id = tcd.card_detail_id
            set cd.player_id = tcd.player_id;
        </sql>
        <rollback>
           update card_detail set player_id = null;
        </rollback>
    </changeSet>

    <changeSet author="srikanth.manuri" id="REV-1076-11">
        <comment>Adding foreign constraint to player id column in card_detail table.</comment>
        <addForeignKeyConstraint baseTableName="card_detail" baseColumnNames="player_id" constraintName="FK_CD_PID" referencedTableName="player"
                                 referencedColumnNames="id"/>
    </changeSet>

    <changeSet author="srikanth.manuri" id="REV-1076-12">
        <comment>Adding card detail id column to player withdraw setting table.</comment>
        <addColumn tableName="player_withdraw_settings">
            <column name="card_detail_id" type="BIGINT(20)"/>
        </addColumn>
    </changeSet>

    <changeSet author="srikanth.manuri" id="REV-1076-13">
        <comment>Adding foreign constraint to card detail id column in player_withdraw_settings table.</comment>
        <addForeignKeyConstraint baseTableName="player_withdraw_settings" baseColumnNames="card_detail_id" constraintName="FK_PWS_CDID" referencedTableName="card_detail"
                                 referencedColumnNames="id"/>
    </changeSet>


    <changeSet author="srikanth.manuri" id="REV-1076-14">
        <comment>Adding last deposit payment method id column to player extra table.</comment>
        <addColumn tableName="player_extra">
            <column name="last_deposit_payment_method_id" type="BIGINT(20)"/>
        </addColumn>
    </changeSet>

    <changeSet author="srikanth.manuri" id="REV-1076-15">
        <comment>Adding foreign constraint to last deposit payment method id column column in player extra table.</comment>
        <addForeignKeyConstraint baseTableName="player_extra" baseColumnNames="last_deposit_payment_method_id" constraintName="FK_PE_PMID" referencedTableName="payment_method"
                                 referencedColumnNames="id"/>
    </changeSet>

    <changeSet author="srikanth.manuri" id="REV-1076-16">
        <comment>Creating temporary table for player default withdraw method.</comment>
        <sql>
            drop table if exists tmp_player_default_withdraw_method;
            create table tmp_player_default_withdraw_method
            select
            #pe.id,last_deposit_method,pm.id pm_id ,default_payment_method_id,pc.country_id,pcur.currency_id,
            p.player_id,default_payment_method_id
            from player_extra pe
            inner join payment_method pm on  pm.short_name = pe.last_deposit_method
            inner join pm_ctry_cur_mapping pcm on pcm.payment_method_id=pm.id
            inner join pm_ctry_cur_mapping_country pc on pc.pm_ctry_cur_mapping_countries_id=pcm.id
            inner join pm_ctry_cur_mapping_currency pcur on pcur.pm_ctry_cur_mapping_currencies_id=pcm.id
            inner join
            (select p.id player_id,p.player_extra_id,currency_id,country_id from player p inner join account acc on acc.playeR_id=p.id and type=1) p
            on pe.id=p.player_extra_id and p.currency_id=pcur.currency_id and pc.country_id=p.country_id
            where last_deposit_method is not null and pcm.operation_type=2;
        </sql>
        <rollback>
            drop table if exists tmp_player_default_withdraw_method;
        </rollback>
    </changeSet>


    <changeSet author="srikanth.manuri" id="REV-1076-17">
        <comment>Updating payment method id column in player extra table based on last deposit method in player extra</comment>
        <sql>
            update player_extra t1
            inner join player p on p.player_extra_id = t1.id
            inner join tmp_player_default_withdraw_method t2 on p.id=t2.player_id
            set t1.last_deposit_payment_method_id=t2.default_payment_method_id
        </sql>
        <rollback>
            update player_extra set last_deposit_payment_method_id = null;
        </rollback>
    </changeSet>

    <changeSet author="srikanth.manuri" id="REV-1076-18">
        <comment>Clearing existing data from card type table.</comment>
        <sql>
            delete from card_type;
        </sql>
        <rollback>
            Insert into card_type(version,name,short_name) values
            (0,'Visa','VISA'),
            (0,'Master','MASTER'),
            (0,'Maestro','MAESTRO');
        </rollback>
    </changeSet>
    <changeSet author="srikanth.manuri" id="REV-1076-19">
        <comment>Inserting master data into card type table.</comment>
        <sql>
            insert into card_type(name, short_name, version) values ('VISA/DEBIT','VISA/DEBIT',0);
            insert into card_type(name, short_name, version) values ('VISA/CREDIT','VISA/CREDIT',0);
            insert into card_type(name, short_name, version) values ('MASTERCARD/DEBIT','MASTERCARD/DEBIT',0);
            insert into card_type(name, short_name, version) values ('MASTERCARD/CREDIT','MASTERCARD/CREDIT',0);
            insert into card_type(name, short_name, version) values ('MASTERCARD','MASTERCARD',0);
            insert into card_type(name, short_name, version) values ('MAESTRO/DEBIT','MAESTRO/DEBIT',0);
            insert into card_type(name, short_name, version) values ('VISA','VISA',0);
            insert into card_type(name, short_name, version) values ('MASTERCARD/PREPAID','MASTERCARD/PREPAID',0);
            insert into card_type(name, short_name, version) values ('MASTERCARD/CHARGE CARD','MASTERCARD/CHARGE CARD',0);
        </sql>
        <rollback>
            delete from card_type;
        </rollback>
    </changeSet>

    <changeSet author="srikanth.manuri" id="REV-1076-20">
        <comment>Altering card type column to card type name in card detail table.</comment>
        <renameColumn tableName="card_detail" oldColumnName="card_type" newColumnName="card_type_name" columnDataType="varchar(255)"/>
    </changeSet>

    <changeSet author="srikanth.manuri" id="REV-1076-21">
        <comment>Adding card type id column to card detail table.</comment>
        <addColumn tableName="card_detail">
            <column name="card_type_id" type="BIGINT(20)"/>
        </addColumn>
    </changeSet>


    <changeSet author="srikanth.manuri" id="REV-1076-22">
        <comment>Adding last deposit card type column to player extra table.</comment>
        <addColumn tableName="player_extra">
            <column name="last_deposit_card_type_id" type="BIGINT(20)"/>
        </addColumn>
    </changeSet>

    <changeSet author="srikanth.manuri" id="REV-1076-23">
        <comment>Adding foreign constraint to last deposit card type id column column in player extra table.</comment>
        <addForeignKeyConstraint baseTableName="player_extra" baseColumnNames="last_deposit_card_type_id" constraintName="FK_PE_CTID" referencedTableName="card_type"
                                 referencedColumnNames="id"/>
    </changeSet>


    <changeSet author="srikanth.manuri" id="REV-1076-24">
        <comment>Adding foreign constraint to card type id column column in card detail table.</comment>
        <addForeignKeyConstraint baseTableName="card_detail" baseColumnNames="card_type_id" constraintName="FK_CD_CTID" referencedTableName="card_type"
                                 referencedColumnNames="id"/>
    </changeSet>

</databaseChangeLog>