<?xml version="1.0" encoding="UTF-8" standalone="no"?>
<databaseChangeLog xmlns="http://www.liquibase.org/xml/ns/dbchangelog"
                   xmlns:xsi="http://www.w3.org/2001/XMLSchema-instance"
                   xsi:schemaLocation="http://www.liquibase.org/xml/ns/dbchangelog http://www.liquibase.org/xml/ns/dbchangelog/dbchangelog-2.0.xsd">

    <changeSet author="aniketh.chilke" id="REV-1289-1">
        <validCheckSum>any</validCheckSum>
        <comment>Update iso language code of norway to no instead of nb.</comment>
        <sql>
            update language set iso = 'no' where iso = 'nb';
        </sql>
        <rollback>
            <sql>
                update language set iso = 'nb' where iso = 'no';
            </sql>
        </rollback>
    </changeSet>

</databaseChangeLog>

