<?xml version="1.0" encoding="UTF-8" standalone="no"?>
<databaseChangeLog xmlns="http://www.liquibase.org/xml/ns/dbchangelog"
                   xmlns:xsi="http://www.w3.org/2001/XMLSchema-instance"
                   xsi:schemaLocation="http://www.liquibase.org/xml/ns/dbchangelog http://www.liquibase.org/xml/ns/dbchangelog/dbchangelog-2.0.xsd">
    <changeSet author="veerendranath.kommisetty" id="REV-1112-1">
        <validCheckSum>any</validCheckSum>
        <comment>Adding new table bonus_recurrence.</comment>
        <createTable tableName="bonus_recurrence">
            <column autoIncrement="true" name="id" type="BIGINT(20)">
                <constraints nullable="false" primaryKey="true"/>
            </column>
            <column name="version" type="BIGINT">
                <constraints nullable="false"/>
            </column>
            <column name="bonus_id" type="BIGINT">
                <constraints nullable="false"/>
            </column>
            <column name="cron_expression" type="VARCHAR(50)">
                <constraints nullable="true"/>
            </column>
        </createTable>
    </changeSet>
    <changeSet author="veerendranath.kommisetty" id="REV-1112-2">
        <comment>Adding foreignkey constraint in bonus_recurrence table for bonus_id column.</comment>
        <addForeignKeyConstraint baseColumnNames="bonus_id" baseTableName="bonus_recurrence" constraintName="FK_bon_rec_bon_id" deferrable="false" initiallyDeferred="false"
                                 onDelete="NO ACTION" onUpdate="NO ACTION" referencedColumnNames="id" referencedTableName="bonus" referencesUniqueColumn="false"/>
    </changeSet>
    <changeSet author="veerendranath.kommisetty" id="REV-1112-3">
        <validCheckSum>any</validCheckSum>
        <comment>Adding enable_recurrence column in bonus.</comment>
        <addColumn tableName="bonus">
            <column name="enable_recurrence" type="BIT(1)" defaultValueBoolean="false">
                <constraints nullable="false"/>
            </column>
        </addColumn>
    </changeSet>
    <!--<changeSet author="veerendranath.kommisetty" id="REV-1112-4">
        <validCheckSum>any</validCheckSum>
        <comment>Adding min_diff_lessthan_hr column in bonus_recurrence.</comment>
        <addColumn tableName="bonus_recurrence">
            <column name="min_diff_lessthan_hr" type="BIT(1)" defaultValueBoolean="false">
                <constraints nullable="false"/>
            </column>
        </addColumn>
    </changeSet>
    <changeSet author="veerendranath.kommisetty" id="REV-1112-5">
        <validCheckSum>any</validCheckSum>
        <comment>Remove column min_diff_lessthan_hr column in bonus_recurrence.</comment>
        <dropColumn tableName="bonus_recurrence" columnName="min_diff_lessthan_hr"/>
    </changeSet>-->
    <changeSet author="veerendranath.kommisetty" id="REV-1112-6">
        <validCheckSum>any</validCheckSum>
        <comment>Adding start_time, end_time columns in bonus_recurrence table.</comment>
        <addColumn tableName="bonus_recurrence">
            <column name="start_time" type="VARCHAR(5)">
                <constraints nullable="true"/>
            </column>
        </addColumn>
        <addColumn tableName="bonus_recurrence">
            <column name="end_time" type="VARCHAR(5)">
                <constraints nullable="true"/>
            </column>
        </addColumn>
    </changeSet>
</databaseChangeLog>

