<?xml version="1.0" encoding="UTF-8" standalone="no"?>
<databaseChangeLog xmlns="http://www.liquibase.org/xml/ns/dbchangelog" xmlns:xsi="http://www.w3.org/2001/XMLSchema-instance" xsi:schemaLocation="http://www.liquibase.org/xml/ns/dbchangelog http://www.liquibase.org/xml/ns/dbchangelog/dbchangelog-2.0.xsd">

    <changeSet author="veerendranath.kommisetty" id="REV-1017-1">
        <validCheckSum>any</validCheckSum>
        <comment>Adding permission to view player activity summary.</comment>
        <sql>
            insert into permission(version,category,description,name) values (0,'Player Summary', 'Player Activity Summary', 'PLAYER_ACTIVITY_SUMMARY_VIEW');
        </sql>
        <rollback>
            <sql>
                delete from permission where name = 'PLAYER_ACTIVITY_SUMMARY_VIEW';
            </sql>
        </rollback>
    </changeSet>
</databaseChangeLog>