<?xml version="1.0" encoding="UTF-8" standalone="no"?>
<databaseChangeLog xmlns="http://www.liquibase.org/xml/ns/dbchangelog"
                   xmlns:xsi="http://www.w3.org/2001/XMLSchema-instance"
                   xsi:schemaLocation="http://www.liquibase.org/xml/ns/dbchangelog http://www.liquibase.org/xml/ns/dbchangelog/dbchangelog-2.0.xsd">
    <changeSet author="vasavi.kakumanu" id="REV-1203-1">
        <validCheckSum>any</validCheckSum>
        <comment>Creating loyalty_points_base_value table.</comment>
        <createTable tableName="loyalty_points_base_value">
            <column autoIncrement="true" name="id" type="BIGINT(20)">
                <constraints nullable="false" primaryKey="true"/>
            </column>
            <column name="position" type="BIGINT(20)">
                <constraints nullable="false"/>
            </column>
            <column name="loyalty_points_id" type="BIGINT(20)">
                <constraints nullable="false"/>
            </column>
            <column name="currency_id" type="BIGINT(20)">
                <constraints nullable="false"/>
            </column>
            <column name="base_value" type="DECIMAL(19,8)">
                <constraints nullable="false"/>
            </column>
        </createTable>
    </changeSet>
    <changeSet id="REV-1203-2" author="vasavi.kakumanu">
        <comment>Adding foreign key constraint to loyalty_points_base_value and loyality_points table.</comment>
        <addForeignKeyConstraint baseColumnNames="loyalty_points_id" baseTableName="loyalty_points_base_value" constraintName="FK_loyaltypoints_lpbasevalue"
                                 deferrable="false" initiallyDeferred="false" onDelete="NO ACTION" onUpdate="NO ACTION" referencedColumnNames="id" referencedTableName="loyalty_points" referencesUniqueColumn="false"/>
    </changeSet>
    <changeSet id="REV-1203-3" author="vasavi.kakumanu">
        <comment>Adding foreign key constraint to loyalty_points_base_value currency column and currency table.</comment>
        <addForeignKeyConstraint baseColumnNames="currency_id" baseTableName="loyalty_points_base_value" constraintName="FK_lpbasevalue_currency" deferrable="false"
                                 initiallyDeferred="false" onDelete="NO ACTION" onUpdate="NO ACTION" referencedColumnNames="id" referencedTableName="currency" referencesUniqueColumn="false"/>
    </changeSet>
</databaseChangeLog>

