<?xml version="1.0" encoding="UTF-8" standalone="no"?>
<databaseChangeLog xmlns="http://www.liquibase.org/xml/ns/dbchangelog"
                   xmlns:xsi="http://www.w3.org/2001/XMLSchema-instance"
                   xsi:schemaLocation="http://www.liquibase.org/xml/ns/dbchangelog http://www.liquibase.org/xml/ns/dbchangelog/dbchangelog-2.0.xsd">
    <changeSet author="vasavi.kakumanu" id="REV-797-1">
        <comment>Adding bonusOptOut in player table.</comment>
        <addColumn tableName="player">
            <column name="bonus_opt_out" type="boolean" defaultValueBoolean="false">
            </column>
        </addColumn>
        <rollback>
            <dropColumn tableName="player" columnName="bonus_opt_out"/>
        </rollback>
    </changeSet>
</databaseChangeLog>
