<?xml version="1.0" encoding="UTF-8" standalone="no"?>
<databaseChangeLog xmlns="http://www.liquibase.org/xml/ns/dbchangelog"
                   xmlns:xsi="http://www.w3.org/2001/XMLSchema-instance"
                   xsi:schemaLocation="http://www.liquibase.org/xml/ns/dbchangelog http://www.liquibase.org/xml/ns/dbchangelog/dbchangelog-2.0.xsd">

    <changeSet author="aniketh.chilke" id="REV-1305-1">
        <validCheckSum>any</validCheckSum>
        <comment>Adding parameters batch size for cancelling bulk bonus</comment>
        <sql>
            insert into param(version, description, editable, param_key, param_type, system, val)
            values(0, 'Number of records to update in a go while cancelling bulk bonus', 1, 'bulk.bonus.cancel.batch.size', 'Integer', 1, '500');
        </sql>
        <rollback>
            <sql>
                Delete from param where param_key='bulk.bonus.cancel.batch.size';
            </sql>
        </rollback>
    </changeSet>

    <changeSet author="aniketh.chilke" id="REV-1305-2">
        <validCheckSum>any</validCheckSum>
        <comment>create cancel_bulk_bonus procedure</comment>
        <sqlFile relativeToChangelogFile="true" path="sql//REV-1305//cancel-bulk-bonus.sql"  endDelimiter="\n/" stripComments="true"/>
        <rollback>
            <sql>
                DROP PROCEDURE IF EXISTS cancel_bulk_bonus;
            </sql>
        </rollback>
    </changeSet>

    <changeSet author="khaja.hussain" id="REV-1305-3">
        <validCheckSum>any</validCheckSum>
        <comment>create cancelled_bonus table to store result of cancel_bulk_bonus procedure</comment>
        <createTable tableName="bulk_bonus_status">
            <column autoIncrement="true" name="id" type="BIGINT(20)">
                <constraints nullable="false" primaryKey="true"/>
            </column>
            <column name="date_time" type="DATETIME">
                <constraints nullable="false"></constraints>
            </column>
            <column name="bonus_id" type="BIGINT(20)">
                <constraints nullable="false"></constraints>
            </column>
            <column name="player_id" type="BIGINT(20)">
                <constraints nullable="false"></constraints>
            </column>
            <column name="status" type="VARCHAR(50)">
                <constraints nullable="false"></constraints>
            </column>
        </createTable>

    </changeSet>
    <changeSet author="khaja.hussain" id="REV-1305-4">
        <validCheckSum>any</validCheckSum>
        <comment>create index on bulk_bonus_status.</comment>
        <sql>
            CREATE INDEX IDX_BULK_BONUS_STATUS_BONUS_ID ON bulk_bonus_status(bonus_id);
        </sql>
        <rollback>
            <sql>
                DROP INDEX IDX_BULK_BONUS_STATUS_BONUS_ID ON bulk_bonus_status;
            </sql>
        </rollback>
    </changeSet>

</databaseChangeLog>

