<?xml version="1.0" encoding="UTF-8" standalone="no"?>
<databaseChangeLog xmlns="http://www.liquibase.org/xml/ns/dbchangelog" xmlns:xsi="http://www.w3.org/2001/XMLSchema-instance" xsi:schemaLocation="http://www.liquibase.org/xml/ns/dbchangelog http://www.liquibase.org/xml/ns/dbchangelog/dbchangelog-2.0.xsd">
    <changeSet author="rajendra.bayana" id="site-game-fact-daily-1" context="UK">
        <validCheckSum>any</validCheckSum>
        <preConditions onFail="MARK_RAN">
            <not>
                <tableExists tableName="site_game_fact_daily"/>
            </not>
        </preConditions>
        <comment>Adding site game fact daily table.</comment>
        <createTable tableName="site_game_fact_daily">
            <column name="day" type="VARCHAR(10)">
                <constraints nullable="false"/>
            </column>
            <column name="site_id" type="BIGINT">
                <constraints nullable="false"/>
            </column>
            <column name="game_id" type="BIGINT">
                <constraints nullable="false"/>
            </column>
            <column name="currency" type="VARCHAR(5)">
                <constraints nullable="false"/>
            </column>
            <column name="player_currency" type="BIGINT">
                <constraints nullable="false"/>
            </column>
            <column name="wager_count" type="BIGINT">
                <constraints nullable="false"/>
            </column>
            <column defaultValueNumeric="0.00" name="wager" type="DECIMAL(10, 2)"/>
            <column defaultValueNumeric="0.00" name="wager_voided" type="DECIMAL(10, 2)"/>
            <column defaultValueNumeric="0.00" name="wins" type="DECIMAL(10, 2)"/>
            <column defaultValueNumeric="0.00" name="wins_voided" type="DECIMAL(10, 2)"/>
            <column defaultValueComputed="CURRENT_TIMESTAMP" name="dateTs" type="datetime"/>
        </createTable>
        <addPrimaryKey columnNames="day, site_id, game_id, player_currency" constraintName="PRIMARY" tableName="site_game_fact_daily"/>
        <rollback>
            <dropTable tableName="site_game_fact_daily"/>
        </rollback>
    </changeSet>
    <changeSet id="populate-sgfd-procedure" author="rajendra.bayana">
        <comment>Procedure to populate site game daily aggregate data.</comment>
        <sqlFile relativeToChangelogFile="true" path="sql//REV-1026//REV-1026-populate-sgfd.sql"  endDelimiter="\n/" stripComments="true"/>
        <rollback>
            <sql>
                DROP PROCEDURE IF EXISTS  populate_sgfd;
            </sql>
        </rollback>
    </changeSet>
    <changeSet id="event-for-populate-sgfd" author="rajendra.bayana" context="DEV">
        <validCheckSum>any</validCheckSum>
        <comment>Event to populate site game daily aggregate data.</comment>
        <sqlFile relativeToChangelogFile="true" path="sql//REV-1026//REV-1026-populate-sgfd-event.sql"  endDelimiter="\n/" stripComments="true"/>
        <rollback>
            <sql>
                DROP EVENT IF EXISTS current_day_agg;
            </sql>
        </rollback>
    </changeSet>
</databaseChangeLog>