<?xml version="1.0" encoding="UTF-8" standalone="no"?>
<databaseChangeLog xmlns="http://www.liquibase.org/xml/ns/dbchangelog" xmlns:xsi="http://www.w3.org/2001/XMLSchema-instance" xsi:schemaLocation="http://www.liquibase.org/xml/ns/dbchangelog http://www.liquibase.org/xml/ns/dbchangelog/dbchangelog-2.0.xsd">
    <changeSet author="veerendranath.kommisetty" id="REV-855-1">
        <comment>Update players mobile number by removing preceding 00, if exists.</comment>
        <sql>
            update player p set mobile_number= substr(mobile_number,3,15) where mobile_number like '00%';
        </sql>
        <rollback>
            <comment>
                Restoration of updated rows can be done by using the backup table of Player.
            </comment>
            <sql/>
        </rollback>
    </changeSet>
    <changeSet author="veerendranath.kommisetty" id="REV-855-2">
        <comment>Update players mobile number by removing preceding 0, if exists.</comment>
        <sql>
            update player p set mobile_number= substr(mobile_number,2,15) where mobile_number like '0%';
        </sql>
        <rollback>
            <comment>
                Restoration of updated rows can be done by using the backup table of Player.
            </comment>
            <sql/>
        </rollback>
    </changeSet>
    <changeSet author="veerendranath.kommisetty" id="REV-855-3">
        <comment>Update players mobile number by removing preceding +, if exists.</comment>
        <sql>
            update player p set mobile_number= substr(mobile_number,2,15) where mobile_number like '+%';
        </sql>
        <rollback>
            <comment>
                Restoration of updated rows can be done by using the backup table of Player.
            </comment>
            <sql/>
        </rollback>
    </changeSet>
    <changeSet author="veerendranath.kommisetty" id="REV-855-4">
        <validCheckSum>any</validCheckSum>
        <comment>Update players mobile number by removing preceding country code, if exists.</comment>
        <sql>
            update player p inner join country c on p.country_id=c.id set mobile_number= substr(mobile_number,length(dialcode)+1,15) where mobile_number like concat(dialcode,'%');
        </sql>
        <rollback>
            <comment>
                Restoration of updated rows can be done by using the backup table of Player.
            </comment>
            <sql/>
        </rollback>
    </changeSet>
</databaseChangeLog>