<?xml version="1.0" encoding="UTF-8" standalone="no"?>
<databaseChangeLog xmlns="http://www.liquibase.org/xml/ns/dbchangelog"
                   xmlns:xsi="http://www.w3.org/2001/XMLSchema-instance"
                   xsi:schemaLocation="http://www.liquibase.org/xml/ns/dbchangelog http://www.liquibase.org/xml/ns/dbchangelog/dbchangelog-2.0.xsd">
    <changeSet author="veerendranath.kommisetty" id="REV-1200-1">
        <validCheckSum>any</validCheckSum>
        <comment>Adding new column epg_brand_name to site table to send this vlaue as merchant parameter to EPG.</comment>
        <addColumn tableName="site">
            <column name="epg_brand_name" type="VARCHAR(22)">
                <constraints nullable="false" />
            </column>
        </addColumn>
    </changeSet>
    <changeSet author="veerendranath.kommisetty" id="REV-1200-2">
        <comment>Update epg_brand_name field value for existing sites.</comment>
        <sqlFile relativeToChangelogFile="true" path="sql//REV-1200//epg_brand_name_u.sql" />
        <rollback></rollback>
    </changeSet>
</databaseChangeLog>

