<?xml version="1.0" encoding="UTF-8" standalone="no"?>
<databaseChangeLog xmlns="http://www.liquibase.org/xml/ns/dbchangelog" xmlns:xsi="http://www.w3.org/2001/XMLSchema-instance" xsi:schemaLocation="http://www.liquibase.org/xml/ns/dbchangelog http://www.liquibase.org/xml/ns/dbchangelog/dbchangelog-2.0.xsd">
    <changeSet author="srikanth.manuri" id="REV-509-1">
        <comment>Adding last deposit payment method column to player extra table.</comment>
        <addColumn tableName="player_extra">
            <column name="last_deposit_method" type="VARCHAR(30)">
            	<constraints nullable="true"/>
            </column>
        </addColumn>
    </changeSet>
    <changeSet author="srikanth.manuri" id="REV-509-2">
        <comment>Adding last withdraw payment method column to player extra table.</comment>
        <addColumn tableName="player_extra">
            <column name="last_withdraw_method" type="VARCHAR(30)">
                <constraints nullable="true"/>
            </column>
        </addColumn>
    </changeSet>
    <changeSet author="srikanth.manuri" id="REV-509-3">
        <sqlFile relativeToChangelogFile="true" path="sql//REV-509//REV-509.sql" />
        <rollback>
            <sql>
                delete from param where param_key = 'epg.expressCheckoutV2.url';
            </sql>
        </rollback>
    </changeSet>
</databaseChangeLog>