<?xml version="1.0" encoding="UTF-8" standalone="no"?>
<databaseChangeLog xmlns="http://www.liquibase.org/xml/ns/dbchangelog" xmlns:xsi="http://www.w3.org/2001/XMLSchema-instance" xsi:schemaLocation="http://www.liquibase.org/xml/ns/dbchangelog http://www.liquibase.org/xml/ns/dbchangelog/dbchangelog-2.0.xsd">
    <changeSet author="veerendranath.kommisetty" id="REV-1080-1">
        <validCheckSum>any</validCheckSum>
        <comment>Adding bonus_dep_config_id to player_bonus table to save allocated bonus details.</comment>
        <addColumn tableName="player_bonus">
            <column name="bonus_dep_config_id" type="BIGINT(20)">
                <constraints nullable="true"/>
            </column>
        </addColumn>
    </changeSet>
    <changeSet author="veerendranath.kommisetty" id="REV-1080-2">
        <validCheckSum>any</validCheckSum>
        <comment>Adding foreignkey constraint to bonus_dep_config table from player_bonus.</comment>
        <addForeignKeyConstraint baseColumnNames="bonus_dep_config_id" baseTableName="player_bonus" constraintName="FK_playerbonus_bon_dep_conf" deferrable="false" initiallyDeferred="false" onDelete="NO ACTION" onUpdate="NO ACTION" referencedColumnNames="id" referencedTableName="bonus_dep_config" referencesUniqueColumn="false"/>
    </changeSet>
    <changeSet author="veerendranath.kommisetty" id="REV-1080-3">
        <validCheckSum>any</validCheckSum>
        <comment>Adding bonus_dep_config_id to player_free_rounds table to save allocated bonus details.</comment>
        <addColumn tableName="player_free_rounds">
            <column name="bonus_dep_config_id" type="BIGINT(20)">
                <constraints nullable="true"/>
            </column>
        </addColumn>
    </changeSet>
    <changeSet author="veerendranath.kommisetty" id="REV-1080-4">
        <validCheckSum>any</validCheckSum>
        <comment>Adding foreignkey constraint to bonus_dep_config table from player_free_rounds.</comment>
        <addForeignKeyConstraint baseColumnNames="bonus_dep_config_id" baseTableName="player_free_rounds" constraintName="FK_playerfreerounds_bon_dep_conf" deferrable="false" initiallyDeferred="false" onDelete="NO ACTION" onUpdate="NO ACTION" referencedColumnNames="id" referencedTableName="bonus_dep_config" referencesUniqueColumn="false"/>
    </changeSet>
</databaseChangeLog>