<?xml version="1.0" encoding="UTF-8" standalone="no"?>
<databaseChangeLog xmlns="http://www.liquibase.org/xml/ns/dbchangelog" xmlns:xsi="http://www.w3.org/2001/XMLSchema-instance" xsi:schemaLocation="http://www.liquibase.org/xml/ns/dbchangelog http://www.liquibase.org/xml/ns/dbchangelog/dbchangelog-2.0.xsd">
    <changeSet author="rajendra.bayana" id="REV-546-1">
        <comment> Adding IWG game server url to params.</comment>
        <sql>
            INSERT INTO param (id,version, description, editable, param_key, param_type, system, val)
            select    max(id)+1,0, 'IWG game server url', b'1', 'iwg.gameServer.url', 'String', b'0', 'https://nektan.rgs.8pointers.com/api/nektan/createToken?url=/games/' from param;
        </sql>
        <rollback>
            <sql>
                Delete from param where param_key='iwg.gameServer.url';
            </sql>
        </rollback>
    </changeSet>
    <changeSet author="rajendra.bayana" id="REV-546-2">
        <comment> Adding IWG authorization key to params.</comment>
        <sql>
            INSERT INTO param (id,version, description, editable, param_key, param_type, system, val)
            select    max(id)+1,0, 'IWG authorization key', b'1', 'iwg.authorization.key', 'Password', b'0', 'SVdHOmc3aHQ3IXFhNzg=' from param;
        </sql>
        <rollback>
            <sql>
                Delete from param where param_key='iwg.authorization.key';
            </sql>
        </rollback>
    </changeSet>
</databaseChangeLog>
