<?xml version="1.0" encoding="UTF-8" standalone="no"?>
<databaseChangeLog xmlns="http://www.liquibase.org/xml/ns/dbchangelog" xmlns:xsi="http://www.w3.org/2001/XMLSchema-instance" xsi:schemaLocation="http://www.liquibase.org/xml/ns/dbchangelog http://www.liquibase.org/xml/ns/dbchangelog/dbchangelog-2.0.xsd">
    <changeSet author="rajendra.bayana" id="REV-1051-3-1">
        <createTable tableName="game_round_reference">
            <column name="id" type="BIGINT(20)" autoIncrement="true">
                <constraints nullable="false" primaryKey="true"/>
            </column>
            <column name="game_round_id" type="BIGINT">
                <constraints nullable="false"/>
            </column>
            <column name="external_reference" type="VARCHAR(255)">
                <constraints nullable="false"/>
            </column>
            <column name="player_id" type="BIGINT(20)">
                <constraints nullable="false"/>
            </column>
        </createTable>
    </changeSet>
    <changeSet author="rajendra.bayana" id="REV-1051-3-2">
        <addForeignKeyConstraint constraintName="FK_game_round_reference_roundId" referencedTableName="game_round" referencedColumnNames="id" baseColumnNames="game_round_id" baseTableName="game_round_reference"/>
        <addForeignKeyConstraint constraintName="FK_game_round_reference_playerId" referencedTableName="player" referencedColumnNames="id" baseColumnNames="player_id" baseTableName="game_round_reference"/>
        <createIndex tableName="game_round_reference" indexName="idx_game_round_reference_gameRnd_playerId">
            <column name="game_round_id"/>
            <column name="player_id"/>
        </createIndex>
    </changeSet>
    <changeSet author="rajendra.bayana" id="REV-1051-3-3">
        <dropColumn tableName="site" columnName="evolution_game_server_url"/>
        <rollback>
        </rollback>
    </changeSet>
</databaseChangeLog>