<?xml version="1.0" encoding="UTF-8" standalone="no"?>
<databaseChangeLog xmlns="http://www.liquibase.org/xml/ns/dbchangelog" xmlns:xsi="http://www.w3.org/2001/XMLSchema-instance" xsi:schemaLocation="http://www.liquibase.org/xml/ns/dbchangelog http://www.liquibase.org/xml/ns/dbchangelog/dbchangelog-2.0.xsd">
    <changeSet id="role_permissions_table" author="simon.hobbs">
        <comment>ORole Permissions Table</comment>
        <sqlFile relativeToChangelogFile="true" path="sql//role_permissions//table.sql" />
    </changeSet>
    <changeSet id="increment_role_permission" author="simon.hobbs">
        <comment>autoincrement role_permission_map</comment>
        <sql>ALTER TABLE role_permission_map AUTO_INCREMENT = 10001;</sql>
    </changeSet>
    <changeSet id="role_permissions_operator" author="simon.hobbs">
        <comment>Operators</comment>
        <sqlFile relativeToChangelogFile="true" path="sql//role_permissions//operator.sql" />
    </changeSet>
    <changeSet id="role_permissions_role" author="simon.hobbs">
        <comment>Roles</comment>
        <sqlFile relativeToChangelogFile="true" path="sql//role_permissions//role.sql" />
    </changeSet>
    <changeSet id="role_permissions" author="simon.hobbs">
        <comment>Role permissions</comment>
        <sqlFile relativeToChangelogFile="true" path="sql//role_permissions//role_permission_map.sql" />
    </changeSet>
    <changeSet id="roles_permission_operator_role" author="simon.hobbs">
        <comment>Operator Roles</comment>
        <sqlFile relativeToChangelogFile="true" path="sql//role_permissions//operator_role.sql" />
    </changeSet>
    <changeSet author="hobbss (generated)" id="1440749108398-1">
        <addColumn tableName="player">
            <column name="validationuuid" type="VARCHAR(100)"/>
        </addColumn>
    </changeSet>
    <changeSet author="hobbss (generated)" id="1440761427214-1">
        <addColumn tableName="player">
            <column name="self_exclude_to" type="DATE(10)"/>
        </addColumn>
    </changeSet>
    <changeSet id="1.9.8b_new_params" author="simon.hobbs">
        <comment>1.9.8b_new_paramss</comment>
        <sqlFile relativeToChangelogFile="true" path="sql//1.9.8b//new_params.sql" />
    </changeSet>
</databaseChangeLog>
