<?xml version="1.0" encoding="UTF-8" standalone="no"?>
<databaseChangeLog xmlns="http://www.liquibase.org/xml/ns/dbchangelog" xmlns:xsi="http://www.w3.org/2001/XMLSchema-instance" xsi:schemaLocation="http://www.liquibase.org/xml/ns/dbchangelog http://www.liquibase.org/xml/ns/dbchangelog/dbchangelog-2.0.xsd">

    <changeSet id="session_report_permission" author="simon.hobbs">
        <comment>session report permission</comment>
        <sqlFile relativeToChangelogFile="true" path="sql//session_report//permission.sql" />
    </changeSet>

    <changeSet id="session_report_role" author="simon.hobbs">
        <comment>session report role</comment>
        <sqlFile relativeToChangelogFile="true" path="sql//session_report//role.sql" />
    </changeSet>

    <changeSet id="session report" author="simon.hobbs">
        <comment>session report</comment>
        <sqlFile relativeToChangelogFile="true" path="sql//session_report//create_report.sql" />
    </changeSet>

    <changeSet id="session report category map" author="simon.hobbs">
        <comment>session report category map</comment>
        <sqlFile relativeToChangelogFile="true" path="sql//session_report//category_map.sql" />
    </changeSet>

</databaseChangeLog>