<?xml version="1.0" encoding="UTF-8" standalone="no"?>
<databaseChangeLog xmlns="http://www.liquibase.org/xml/ns/dbchangelog" xmlns:xsi="http://www.w3.org/2001/XMLSchema-instance" xsi:schemaLocation="http://www.liquibase.org/xml/ns/dbchangelog http://www.liquibase.org/xml/ns/dbchangelog/dbchangelog-2.0.xsd">

    <changeSet author="ramesh.padma" id="silverpop-mailing-config">
       <createTable tableName="silverpop_mailing_config">
            <column autoIncrement="true" name="id" type="BIGINT">
                <constraints nullable="false" primaryKey="true"/>
            </column>
            <column name="version" type="BIGINT">
                <constraints nullable="false"/>
            </column>			
            <column name="active" type="BIT">
                <constraints nullable="false"/>
            </column>
			<column name="mailing_id" type="INT">
                <constraints nullable="false"/>
            </column>
            <column name="listId" type="INT">
                <constraints nullable="false"/>
            </column>			
            <column name="brand_name" type="VARCHAR(255)">
                <constraints nullable="false"/>
            </column>
            <column name="date_created" type="DATETIME">
                <constraints nullable="false"/>
            </column>
            <column name="default_channel" type="INT">
                <constraints nullable="false"/>
            </column>
            <column name="default_email_format" type="INT">
                <constraints nullable="false"/>
            </column>           
            <column name="message_event_type" type="INT">
                <constraints nullable="false"/>
            </column>
            <column name="last_edited_by_id" type="BIGINT"/>
            <column name="last_updated" type="DATETIME">
                <constraints nullable="false"/>
            </column>
            <column name="site_id" type="BIGINT">
                <constraints nullable="false"/>
            </column>
        </createTable>   
    </changeSet>
    
</databaseChangeLog>