<?xml version="1.0" encoding="UTF-8" standalone="no"?>
<databaseChangeLog xmlns="http://www.liquibase.org/xml/ns/dbchangelog" xmlns:xsi="http://www.w3.org/2001/XMLSchema-instance" xsi:schemaLocation="http://www.liquibase.org/xml/ns/dbchangelog http://www.liquibase.org/xml/ns/dbchangelog/dbchangelog-2.0.xsd">
    <changeSet id="silverpop-messageService" author="srikanth.manuri">
        <sqlFile relativeToChangelogFile="true" path="sql//silverpop//silverpop_messageService.sql" />
    </changeSet>
    <changeSet author="srikanth.manuri" id="silverpop-messageService-1">
        <addColumn tableName="silverpop_message_service_config">
            <column name="description" type="VARCHAR(255)">
                <constraints nullable="false"/>
            </column>
        </addColumn>
    </changeSet>
</databaseChangeLog>