<?xml version="1.0" encoding="UTF-8" standalone="no"?>
<databaseChangeLog xmlns="http://www.liquibase.org/xml/ns/dbchangelog" xmlns:xsi="http://www.w3.org/2001/XMLSchema-instance" xsi:schemaLocation="http://www.liquibase.org/xml/ns/dbchangelog http://www.liquibase.org/xml/ns/dbchangelog/dbchangelog-2.0.xsd">
    <changeSet author="sureshreddy.guntaka" id="site-fix-1">
        <addColumn tableName="site">
            <column name="deposit_url" type="VARCHAR(255)"/>
        </addColumn>
    </changeSet>
    <changeSet author="sureshreddy.guntaka" id="site-fix-2">
        <addColumn tableName="site">
            <column name="from_email" type="VARCHAR(255)"/>
        </addColumn>
    </changeSet>
</databaseChangeLog>