<?xml version="1.0" encoding="UTF-8" standalone="no"?>
<databaseChangeLog xmlns="http://www.liquibase.org/xml/ns/dbchangelog" xmlns:xsi="http://www.w3.org/2001/XMLSchema-instance" xsi:schemaLocation="http://www.liquibase.org/xml/ns/dbchangelog http://www.liquibase.org/xml/ns/dbchangelog/dbchangelog-2.0.xsd">
	<changeSet author="rajendra.bayana" id="site-05302016-1">
        <createTable tableName="quick_amount">
             <column autoIncrement="true" name="id" type="BIGINT">
                <constraints nullable="false" primaryKey="true"/>
            </column>
            <column name="site_id" type="BIGINT">
                <constraints nullable="false"/>
            </column>
            <column name="amount" type="DECIMAL(19,2)">
                <constraints nullable="true"/>
            </column>
			<column name="position" type="INT">
                <constraints nullable="true"/>
            </column>			
        </createTable>
    </changeSet>
	<changeSet author="rajendra.bayana" id="site-05302016-2">
        <addForeignKeyConstraint baseColumnNames="site_id" baseTableName="quick_amount" constraintName="FK_sitequickamounts105302016" deferrable="false" initiallyDeferred="false" onDelete="NO ACTION" onUpdate="NO ACTION" referencedColumnNames="id" referencedTableName="site" referencesUniqueColumn="false"/>
    </changeSet>
</databaseChangeLog>
