<?xml version="1.0" encoding="UTF-8" standalone="no"?>
<databaseChangeLog xmlns="http://www.liquibase.org/xml/ns/dbchangelog" xmlns:xsi="http://www.w3.org/2001/XMLSchema-instance" xsi:schemaLocation="http://www.liquibase.org/xml/ns/dbchangelog http://www.liquibase.org/xml/ns/dbchangelog/dbchangelog-2.0.xsd">
    <changeSet author="vasavi.kakumanu" id="site-08062016-1">
        <addColumn tableName="site">
            <column name="vip_level" type="BIGINT(20)" />
        </addColumn>
    </changeSet>
    <changeSet author="vasavi.kakumanu" id="site-08062016-2">
        <addColumn tableName="site">
            <column name="security_level" type="BIGINT(20)" />
        </addColumn>
    </changeSet>
    <changeSet author="vasavi.kakumanu" id="site-08062016-3">
        <addColumn tableName="site">
            <column name="no_of_withdrawals" type="BIGINT(20)" />
        </addColumn>
    </changeSet>
    <!--<changeSet author="vasavi.kakumanu" id="site-08062016-4">-->
    <!--<addColumn tableName="site">-->
    <!--<column name="kyc_pass_score" type="BIGINT(20)" />-->
    <!--</addColumn>-->
    <!--</changeSet>-->
    <changeSet author="vasavi.kakumanu" id="site-08062016-5">
        <addColumn tableName="site">
            <column name="must_have_game_play" type="BIT" />
        </addColumn>
    </changeSet>
    <changeSet author="vasavi.kakumanu" id="site-08062016-6">
        <comment>updating existing site (must_have_game_play) with false</comment>
        <sql>
            update site set must_have_game_play = false where must_have_game_play is null;
        </sql>
    </changeSet>
    <changeSet author="vasavi.kakumanu" id="site-10062016-7">
        <addColumn tableName="site">
            <column name="validate_withdraw_conditions" type="BIT"/>
        </addColumn>
    </changeSet>
    <changeSet author="vasavi.kakumanu" id="site-10062016-8">
        <comment>updating existing site (validate_withdraw_conditions) with false</comment>
        <sql>
            update site set validate_withdraw_conditions = false where validate_withdraw_conditions is null;
        </sql>
    </changeSet>
</databaseChangeLog>
