<?xml version="1.0" encoding="UTF-8" standalone="no"?>
<databaseChangeLog xmlns="http://www.liquibase.org/xml/ns/dbchangelog" xmlns:xsi="http://www.w3.org/2001/XMLSchema-instance" xsi:schemaLocation="http://www.liquibase.org/xml/ns/dbchangelog http://www.liquibase.org/xml/ns/dbchangelog/dbchangelog-2.0.xsd">
    <changeSet author="vasavi.kakumanu" id="site-multi-currency-05022016-1">
        <addColumn tableName="site">
            <column name="country_id" type="BIGINT(20)">
                <constraints nullable="true"/>
            </column>
        </addColumn>
    </changeSet>
    <changeSet author="vasavi.kakumanu" id="site-multi-currency-05022016-2">
        <addColumn tableName="site">
            <column name="multi_currency" type="BIT(1)">
                <constraints nullable="false"/>
            </column>
        </addColumn>
    </changeSet>
    <changeSet author="vasavi.kakumanu" id="currency-05022016-3">
        <addColumn tableName="currency">
            <column name="min_deposit" type="DECIMAL(19,2)">
                <constraints nullable="true"/>
            </column>
        </addColumn>
    </changeSet>
    <changeSet author="vasavi.kakumanu" id="currency-05022016-4">
        <addColumn tableName="currency">
            <column name="max_deposit" type="DECIMAL(19,2)">
                <constraints nullable="true"/>
            </column>
        </addColumn>
    </changeSet>
    <changeSet author="vasavi.kakumanu" id="currency-05022016-5">
        <addColumn tableName="currency">
            <column name="payment_method_change_threshold" type="DECIMAL(19,2)">
                <constraints nullable="true"/>
            </column>
        </addColumn>
    </changeSet>
    <changeSet author="veerendranath.kommisetty" id="country-currency-04272016-6">
        <createTable tableName="country_currency">
            <column name="country_currency_id" type="BIGINT">
                <constraints nullable="true"/>
            </column>
            <column name="currency_id" type="BIGINT">
                <constraints nullable="true"/>
            </column>
        </createTable>
    </changeSet>
    <changeSet author="veerendranath.kommisetty" id="country-currency-04272016-6-1">
        <addForeignKeyConstraint constraintName="FK_ctry_curr_currency_id" referencedTableName="currency" referencedColumnNames="id" baseColumnNames="currency_id" baseTableName="country_currency"/>
        <addForeignKeyConstraint constraintName="FK_ctry_curr_country_currency_id" referencedTableName="country" referencedColumnNames="id" baseColumnNames="country_currency_id" baseTableName="country_currency"/>
    </changeSet>
    <changeSet author="veerendranath.kommisetty" id="site-country-04272016-7">
        <createTable tableName="site_country">
            <column name="site_countries_id" type="BIGINT">
                <constraints nullable="true"/>
            </column>
            <column name="country_id" type="BIGINT">
                <constraints nullable="true"/>
            </column>
        </createTable>
    </changeSet>
    <changeSet author="veerendranath.kommisetty" id="site-country-04272016-7-1">
        <addForeignKeyConstraint constraintName="FK_site_ctry_country_id" referencedTableName="country" referencedColumnNames="id" baseColumnNames="country_id" baseTableName="site_country"/>
        <addForeignKeyConstraint constraintName="FK_site_ctry_site_countries_id" referencedTableName="site" referencedColumnNames="id" baseColumnNames="site_countries_id" baseTableName="site_country"/>
    </changeSet>

    <changeSet author="veerendranath.kommisetty" id="site-multi-currency-04272016-8">
        <sqlFile relativeToChangelogFile="true" path="sql//site-multi-currency//site_multi_currency_default.sql" />
    </changeSet>
</databaseChangeLog>