<?xml version="1.0" encoding="UTF-8" standalone="no"?>
<databaseChangeLog xmlns="http://www.liquibase.org/xml/ns/dbchangelog" xmlns:xsi="http://www.w3.org/2001/XMLSchema-instance" xsi:schemaLocation="http://www.liquibase.org/xml/ns/dbchangelog http://www.liquibase.org/xml/ns/dbchangelog/dbchangelog-2.0.xsd">
    <changeSet author="vasavi.kakumanu" id="site-06072016-1">
        <createTable tableName="site_max_amount_per_day_month">
            <column autoIncrement="true" name="id" type="BIGINT">
                <constraints nullable="false" primaryKey="true"/>
            </column>
            <column name="site_id" type="BIGINT">
                <constraints nullable="false"/>
            </column>
            <column name="currency_id" type="BIGINT">
                <constraints nullable="true"/>
            </column>
            <column name="amount" type="DECIMAL(19,2)">
                <constraints nullable="true"/>
            </column>
            <column name="position" type="INT">
                <constraints nullable="true"/>
            </column>
            <column name="duration_type" type="INT">
                <constraints nullable="false"/>
            </column>
        </createTable>
    </changeSet>
    <changeSet author="vasavi.kakumanu" id="site-06072016-2">
        <addForeignKeyConstraint baseColumnNames="site_id" baseTableName="site_max_amount_per_day_month" constraintName="FK_sitmaxamountperday06072016" deferrable="false" initiallyDeferred="false" onDelete="NO ACTION" onUpdate="NO ACTION" referencedColumnNames="id" referencedTableName="site" referencesUniqueColumn="false"/>
        <addForeignKeyConstraint baseColumnNames="currency_id" baseTableName="site_max_amount_per_day_month" constraintName="FK_currencymaxamountperday06072016" deferrable="false" initiallyDeferred="false" onDelete="NO ACTION" onUpdate="NO ACTION" referencedTableName="currency" referencedColumnNames="id" referencesUniqueColumn="false"/>
    </changeSet>
</databaseChangeLog>
