<?xml version="1.0" encoding="UTF-8" standalone="no"?>
<databaseChangeLog xmlns="http://www.liquibase.org/xml/ns/dbchangelog" xmlns:xsi="http://www.w3.org/2001/XMLSchema-instance" xsi:schemaLocation="http://www.liquibase.org/xml/ns/dbchangelog http://www.liquibase.org/xml/ns/dbchangelog/dbchangelog-2.0.xsd">
<changeSet author="vasavi.kakumanu" id="site-07202016-1">
    <createTable tableName="site_kyc_pass_score">
        <column autoIncrement="true" name="id" type="BIGINT">
            <constraints nullable="false" primaryKey="true"/>
        </column>
        <column name="site_id" type="BIGINT">
            <constraints nullable="false"/>
        </column>
        <column name="position" type="INT">
            <constraints nullable="true"/>
        </column>
        <column name="name" type="VARCHAR(45)">
            <constraints nullable="false"/>
        </column>
    </createTable>
</changeSet>
<changeSet author="vasavi.kakumanu" id="site-07202016-2">
    <addForeignKeyConstraint baseColumnNames="site_id" baseTableName="site_kyc_pass_score" constraintName="FK_sitekycpassscore06072016" deferrable="false" initiallyDeferred="false" onDelete="NO ACTION" onUpdate="NO ACTION" referencedColumnNames="id" referencedTableName="site" referencesUniqueColumn="false"/>
    </changeSet>
</databaseChangeLog>

