<?xml version="1.0" encoding="UTF-8" standalone="no"?>
<databaseChangeLog xmlns="http://www.liquibase.org/xml/ns/dbchangelog" xmlns:xsi="http://www.w3.org/2001/XMLSchema-instance" xsi:schemaLocation="http://www.liquibase.org/xml/ns/dbchangelog http://www.liquibase.org/xml/ns/dbchangelog/dbchangelog-2.0.xsd">
    <changeSet author="srikanth.manuri" id="site-06072016-1">
        <addColumn tableName="site">
            <column name="status" type="BIT(1)"/>
        </addColumn>
        <addDefaultValue tableName="site" columnName="status" defaultValueBoolean="true" />
    </changeSet>
    <changeSet author="srikanth.manuri" id="site-06072016-2">
        <comment>updating existing sites with status True</comment>
        <sql>
            update site set status=1;
        </sql>
    </changeSet>
</databaseChangeLog>