<?xml version="1.0" encoding="UTF-8" standalone="no"?>
<databaseChangeLog xmlns="http://www.liquibase.org/xml/ns/dbchangelog" xmlns:xsi="http://www.w3.org/2001/XMLSchema-instance" xsi:schemaLocation="http://www.liquibase.org/xml/ns/dbchangelog http://www.liquibase.org/xml/ns/dbchangelog/dbchangelog-2.0.xsd">

    <changeSet author="simon.hobbs" id="cure-1" context="US">
        <addColumn tableName="transaction">
            <column name="num_bets" type="INT">
                <constraints nullable="true"/>
            </column>
        </addColumn>
    </changeSet>
    <changeSet author="ramesh.padma" id="cure-2">
        <addColumn tableName="player">
            <column name="master_id" type="BIGINT">
                <constraints nullable="true"/>
            </column>
        </addColumn>
    </changeSet>
</databaseChangeLog>