[
	{
		"createdAt"	:	"2011-12-22",
		"userName"	:	"Testuser",
		"password"	:	"test",
		"firstName"	:	"test",
		"lastName"	:	"test",
		"dateOfBirth"	:	"1971-06-28",
		"email"	:	"jordan.rivas@jetwerk.sk",
		"mobileNumber"	:	100100100
	},
	{
		"createdAt"	:	"2014-11-12",
		"userName"	:	"qfhztpg",
		"password"	:	"wDPed",
		"firstName"	:	"Jean-Claude",
		"lastName"	:	"Murphy",
		"dateOfBirth"	:	"1921-06-24",
		"email"	:	"abu.nichols@lateclicks.ws",
		"mobileNumber"	:	100100101
	},
	{
		"createdAt"	:	"2013-11-04",
		"userName"	:	"dxmrdsd",
		"password"	:	"0qKoj",
		"firstName"	:	"Davide",
		"lastName"	:	"Cortez",
		"dateOfBirth"	:	"1927-03-03",
		"email"	:	"davis@earlylive.it",
		"mobileNumber"	:	100100102
	},
	{
		"createdAt"	:	"2012-08-19",
		"userName"	:	"rxsdlmy",
		"password"	:	"znQue",
		"firstName"	:	"Kristen",
		"lastName"	:	"Melendez",
		"dateOfBirth"	:	"1935-05-15",
		"email"	:	"ilia.delgado@latebase.net",
		"mobileNumber"	:	100100103
	},
	{
		"createdAt"	:	"2011-12-08",
		"userName"	:	"gbokgfy",
		"password"	:	"0pI4Z",
		"firstName"	:	"Lynne",
		"lastName"	:	"Huffman",
		"dateOfBirth"	:	"1966-04-10",
		"email"	:	"dom@jetspace.vi",
		"mobileNumber"	:	100100104
	},
	{
		"createdAt"	:	"2012-06-08",
		"userName"	:	"lhbhzby",
		"password"	:	"X5iIK",
		"firstName"	:	"Alisdair",
		"lastName"	:	"Munoz",
		"dateOfBirth"	:	"1980-08-12",
		"email"	:	"giuseppe@busyblog.ky",
		"mobileNumber"	:	100100105
	},
	{
		"createdAt"	:	"2012-07-29",
		"userName"	:	"trkuepa",
		"password"	:	"FXmVs",
		"firstName"	:	"Ray",
		"lastName"	:	"Pace",
		"dateOfBirth"	:	"1980-08-09",
		"email"	:	"ivo@selfunit.cu",
		"mobileNumber"	:	100100106
	},
	{
		"createdAt"	:	"2012-08-31",
		"userName"	:	"yqqlvbq",
		"password"	:	"Yas9p",
		"firstName"	:	"Jason",
		"lastName"	:	"Petersen",
		"dateOfBirth"	:	"1985-04-05",
		"email"	:	"willow@busybit.sy",
		"mobileNumber"	:	100100107
	},
	{
		"createdAt"	:	"2014-01-28",
		"userName"	:	"yvwqyhd",
		"password"	:	"BAkWz",
		"firstName"	:	"Rachana",
		"lastName"	:	"Rios",
		"dateOfBirth"	:	"1962-11-28",
		"email"	:	"binyamin@selfware.cg",
		"mobileNumber"	:	100100108
	},
	{
		"createdAt"	:	"2013-08-01",
		"userName"	:	"lelxipc",
		"password"	:	"qPJek",
		"firstName"	:	"Allen",
		"lastName"	:	"Howe",
		"dateOfBirth"	:	"1937-10-23",
		"email"	:	"debra@latedesk.ch",
		"mobileNumber"	:	100100109
	},
	{
		"createdAt"	:	"2012-10-05",
		"userName"	:	"kwilosc",
		"password"	:	"JjXAO",
		"firstName"	:	"Dean",
		"lastName"	:	"Everett",
		"dateOfBirth"	:	"1978-10-10",
		"email"	:	"robbins@selfpower.mn",
		"mobileNumber"	:	100100110
	},
	{
		"createdAt"	:	"2012-04-25",
		"userName"	:	"hzrqavi",
		"password"	:	"tzgu9",
		"firstName"	:	"Sarah",
		"lastName"	:	"Blanchard",
		"dateOfBirth"	:	"1970-08-30",
		"email"	:	"morales@myclicks.st",
		"mobileNumber"	:	100100111
	},
	{
		"createdAt"	:	"2014-09-19",
		"userName"	:	"wqbfrlv",
		"password"	:	"WdTQZ",
		"firstName"	:	"Andrew",
		"lastName"	:	"Bullock",
		"dateOfBirth"	:	"1953-03-13",
		"email"	:	"lawrence@chatware.ae",
		"mobileNumber"	:	100100112
	},
	{
		"createdAt"	:	"2012-10-16",
		"userName"	:	"jssybzl",
		"password"	:	"22jfz",
		"firstName"	:	"Barry",
		"lastName"	:	"Dorsey",
		"dateOfBirth"	:	"1945-09-22",
		"email"	:	"raymond@quitdesk.tp",
		"mobileNumber"	:	100100113
	},
	{
		"createdAt"	:	"2013-10-31",
		"userName"	:	"ballupm",
		"password"	:	"uj0CW",
		"firstName"	:	"Tyler",
		"lastName"	:	"Freeman",
		"dateOfBirth"	:	"1981-05-11",
		"email"	:	"vaughn@madebase.su",
		"mobileNumber"	:	100100114
	},
	{
		"createdAt"	:	"2014-03-07",
		"userName"	:	"rqsakbn",
		"password"	:	"Z0900",
		"firstName"	:	"Grant",
		"lastName"	:	"Knight",
		"dateOfBirth"	:	"1962-12-24",
		"email"	:	"richard.norman@fuellive.om",
		"mobileNumber"	:	100100115
	},
	{
		"createdAt"	:	"2013-12-11",
		"userName"	:	"zuxtpdj",
		"password"	:	"QsFyd",
		"firstName"	:	"Travis",
		"lastName"	:	"Kelley",
		"dateOfBirth"	:	"1962-10-28",
		"email"	:	"good@putbit.ag",
		"mobileNumber"	:	100100116
	},
	{
		"createdAt"	:	"2013-11-07",
		"userName"	:	"someone",
		"password"	:	"test",
		"firstName"	:	"Jazz",
		"lastName"	:	"Hands",
		"dateOfBirth"	:	"1962-05-30",
		"email"	:	"jh@respin.com",
		"mobileNumber"	:	100100117
	},
	{
		"createdAt"	:	"2014-07-27",
		"userName"	:	"someoneelse",
		"password"	:	"test",
		"firstName"	:	"Jazz",
		"lastName"	:	"Group",
		"dateOfBirth"	:	"1967-09-12",
		"email"	:	"JG@respin.com",
		"mobileNumber"	:	100100118
	},
	{
		"createdAt"	:	"2014-05-17",
		"userName"	:	"hellothere",
		"password"	:	"test",
		"firstName"	:	"Jazz",
		"lastName"	:	"Matazz",
		"dateOfBirth"	:	"1972-12-15",
		"email"	:	"jm@respin.com",
		"mobileNumber"	:	100100119
	}
]
