[
	{
		"createdAt"	:	"2013-04-29",
		"userName"	:	"tuxawmw",
		"password"	:	"jp9yV",
		"firstName"	:	"Oleg",
		"lastName"	:	"Rush",
		"dateOfBirth"	:	"1925-04-07",
		"email"	:	"janet@gigabase.tel",
		"mobileNumber"	:	100100100
	},
	{
		"createdAt"	:	"2012-12-18",
		"userName"	:	"usnzsla",
		"password"	:	"A40ey",
		"firstName"	:	"Damien",
		"lastName"	:	"Moses",
		"dateOfBirth"	:	"1956-12-03",
		"email"	:	"luc.graham@selfbit.yt",
		"mobileNumber"	:	100100101
	},
	{
		"createdAt"	:	"2011-11-30",
		"userName"	:	"ejhwyko",
		"password"	:	"S4Yoe",
		"firstName"	:	"Matias",
		"lastName"	:	"Johnston",
		"dateOfBirth"	:	"1969-09-16",
		"email"	:	"barney@busything.ba",
		"mobileNumber"	:	100100102
	},
	{
		"createdAt"	:	"2012-12-21",
		"userName"	:	"cpieedg",
		"password"	:	"M6D5H",
		"firstName"	:	"Kirk",
		"lastName"	:	"Hansen",
		"dateOfBirth"	:	"1931-02-12",
		"email"	:	"russell@tagbit.aero",
		"mobileNumber"	:	100100103
	},
	{
		"createdAt"	:	"2012-10-21",
		"userName"	:	"xxkhnzd",
		"password"	:	"2TriR",
		"firstName"	:	"Alessandro",
		"lastName"	:	"Baird",
		"dateOfBirth"	:	"1966-07-19",
		"email"	:	"hilary.figueroa@earlylive.gb",
		"mobileNumber"	:	100100104
	},
	{
		"createdAt"	:	"2013-12-30",
		"userName"	:	"atynsil",
		"password"	:	"1G2nb",
		"firstName"	:	"Paulo",
		"lastName"	:	"Gamble",
		"dateOfBirth"	:	"1963-06-19",
		"email"	:	"farmer@fusssimple.to",
		"mobileNumber"	:	100100105
	},
	{
		"createdAt"	:	"2014-07-03",
		"userName"	:	"hmqvijs",
		"password"	:	"Qkd6t",
		"firstName"	:	"Lucy",
		"lastName"	:	"Horn",
		"dateOfBirth"	:	"1957-01-02",
		"email"	:	"amyjane.diaz@latelive.ba",
		"mobileNumber"	:	100100106
	},
	{
		"createdAt"	:	"2012-09-03",
		"userName"	:	"lubcbup",
		"password"	:	"AXQzu",
		"firstName"	:	"Grace",
		"lastName"	:	"Carr",
		"dateOfBirth"	:	"1932-05-09",
		"email"	:	"weaver@quitbeat.asia",
		"mobileNumber"	:	100100107
	},
	{
		"createdAt"	:	"2014-05-04",
		"userName"	:	"idjvhqu",
		"password"	:	"owwwM",
		"firstName"	:	"Claude",
		"lastName"	:	"Williams",
		"dateOfBirth"	:	"1962-05-20",
		"email"	:	"petty@earlyserv.ng",
		"mobileNumber"	:	100100108
	},
	{
		"createdAt"	:	"2012-04-04",
		"userName"	:	"lcedumb",
		"password"	:	"2i9IK",
		"firstName"	:	"Dragan",
		"lastName"	:	"Goodman",
		"dateOfBirth"	:	"1967-08-13",
		"email"	:	"sergio.fisher@getbit.pm",
		"mobileNumber"	:	100100109
	},
	{
		"createdAt"	:	"2012-05-11",
		"userName"	:	"cvolzjf",
		"password"	:	"F88pc",
		"firstName"	:	"Adham",
		"lastName"	:	"Gallagher",
		"dateOfBirth"	:	"1955-02-25",
		"email"	:	"gwen.irwin@selfbase.jobs",
		"mobileNumber"	:	100100110
	},
	{
		"createdAt"	:	"2012-10-21",
		"userName"	:	"uremvap",
		"password"	:	"HrRpk",
		"firstName"	:	"Daniele",
		"lastName"	:	"Odom",
		"dateOfBirth"	:	"1935-07-31",
		"email"	:	"sampson@gigalive.ml",
		"mobileNumber"	:	100100111
	},
	{
		"createdAt"	:	"2013-07-17",
		"userName"	:	"bkglubc",
		"password"	:	"QiFxP",
		"firstName"	:	"Sascha",
		"lastName"	:	"Hubbard",
		"dateOfBirth"	:	"1984-04-19",
		"email"	:	"carey@tidybeat.uy",
		"mobileNumber"	:	100100112
	},
	{
		"createdAt"	:	"2014-06-08",
		"userName"	:	"etzldjo",
		"password"	:	"wGgq8",
		"firstName"	:	"Melissa",
		"lastName"	:	"Sampson",
		"dateOfBirth"	:	"1955-12-24",
		"email"	:	"dragan@busyunit.cu",
		"mobileNumber"	:	100100113
	},
	{
		"createdAt"	:	"2012-12-28",
		"userName"	:	"grarpnq",
		"password"	:	"JkxrE",
		"firstName"	:	"Cian",
		"lastName"	:	"Suarez",
		"dateOfBirth"	:	"1933-02-13",
		"email"	:	"johnston@selfsphere.sn",
		"mobileNumber"	:	100100114
	},
	{
		"createdAt"	:	"2012-04-17",
		"userName"	:	"xrzundy",
		"password"	:	"JFIIH",
		"firstName"	:	"Margaret",
		"lastName"	:	"Schultz",
		"dateOfBirth"	:	"1984-05-19",
		"email"	:	"ignacio@selfclicks.bn",
		"mobileNumber"	:	100100115
	},
	{
		"createdAt"	:	"2012-12-02",
		"userName"	:	"gfvpjms",
		"password"	:	"1erv1",
		"firstName"	:	"Diarmuid",
		"lastName"	:	"Chaney",
		"dateOfBirth"	:	"1954-11-12",
		"email"	:	"woodrow@madewerk.gd",
		"mobileNumber"	:	100100116
	},
	{
		"createdAt"	:	"2013-04-19",
		"userName"	:	"yzczznm",
		"password"	:	"xl2nr",
		"firstName"	:	"William",
		"lastName"	:	"Monroe",
		"dateOfBirth"	:	"1981-07-01",
		"email"	:	"chapman@fussclicks.at",
		"mobileNumber"	:	100100117
	},
	{
		"createdAt"	:	"2013-02-03",
		"userName"	:	"ybzdypw",
		"password"	:	"Df4vZ",
		"firstName"	:	"Arkady",
		"lastName"	:	"Schmitt",
		"dateOfBirth"	:	"1953-10-04",
		"email"	:	"richardson@busysphere.rw",
		"mobileNumber"	:	100100118
	},
	{
		"createdAt"	:	"2014-06-30",
		"userName"	:	"ilkhdja",
		"password"	:	"0TKs5",
		"firstName"	:	"Robin",
		"lastName"	:	"Holder",
		"dateOfBirth"	:	"1928-01-23",
		"email"	:	"meyers@fussunit.pt",
		"mobileNumber"	:	100100119
	},
	{
		"createdAt"	:	"2012-08-27",
		"userName"	:	"wyluomp",
		"password"	:	"pVMvr",
		"firstName"	:	"Jane",
		"lastName"	:	"Spencer",
		"dateOfBirth"	:	"1947-03-04",
		"email"	:	"silva@selfsphere.aero",
		"mobileNumber"	:	100100120
	},
	{
		"createdAt"	:	"2012-07-03",
		"userName"	:	"pymcgrx",
		"password"	:	"gt5ii",
		"firstName"	:	"Janet",
		"lastName"	:	"Jacobs",
		"dateOfBirth"	:	"1936-07-02",
		"email"	:	"flavio@earlysphere.pk",
		"mobileNumber"	:	100100121
	},
	{
		"createdAt"	:	"2012-12-01",
		"userName"	:	"qnbdole",
		"password"	:	"NkKqh",
		"firstName"	:	"Dana",
		"lastName"	:	"Roberts",
		"dateOfBirth"	:	"1962-07-01",
		"email"	:	"bradley.hanson@tagclicks.gl",
		"mobileNumber"	:	100100122
	},
	{
		"createdAt"	:	"2014-10-10",
		"userName"	:	"nbgmwmb",
		"password"	:	"2l7w1",
		"firstName"	:	"Dragan",
		"lastName"	:	"Goodman",
		"dateOfBirth"	:	"1977-06-18",
		"email"	:	"mills@fussserv.km",
		"mobileNumber"	:	100100123
	},
	{
		"createdAt"	:	"2011-12-01",
		"userName"	:	"vyamldk",
		"password"	:	"JjHEv",
		"firstName"	:	"Fernando",
		"lastName"	:	"Lowe",
		"dateOfBirth"	:	"1986-09-19",
		"email"	:	"chandler@jetbot.as",
		"mobileNumber"	:	100100124
	},
	{
		"createdAt"	:	"2014-08-29",
		"userName"	:	"bxpford",
		"password"	:	"N8n4k",
		"firstName"	:	"Brandon",
		"lastName"	:	"Hines",
		"dateOfBirth"	:	"1950-09-02",
		"email"	:	"rhian.mueller@chatunit.au",
		"mobileNumber"	:	100100125
	},
	{
		"createdAt"	:	"2014-02-22",
		"userName"	:	"eribigk",
		"password"	:	"Hf5JO",
		"firstName"	:	"Rebecca",
		"lastName"	:	"Ellison",
		"dateOfBirth"	:	"1956-07-12",
		"email"	:	"arturo@presslive.bd",
		"mobileNumber"	:	100100126
	},
	{
		"createdAt"	:	"2013-11-11",
		"userName"	:	"ksmjthz",
		"password"	:	"Q0sg6",
		"firstName"	:	"Jordan",
		"lastName"	:	"White",
		"dateOfBirth"	:	"1978-09-23",
		"email"	:	"maria.finley@gigaspace.kz",
		"mobileNumber"	:	100100127
	},
	{
		"createdAt"	:	"2013-01-31",
		"userName"	:	"hylfojd",
		"password"	:	"OuiQ9",
		"firstName"	:	"Pete",
		"lastName"	:	"Lee",
		"dateOfBirth"	:	"1950-01-24",
		"email"	:	"ingram@chatspace.th",
		"mobileNumber"	:	100100128
	},
	{
		"createdAt"	:	"2013-05-16",
		"userName"	:	"fjjxseh",
		"password"	:	"as7c9",
		"firstName"	:	"Edward",
		"lastName"	:	"Berg",
		"dateOfBirth"	:	"1942-11-04",
		"email"	:	"cline@rollbit.lc",
		"mobileNumber"	:	100100129
	},
	{
		"createdAt"	:	"2013-01-13",
		"userName"	:	"jvhksio",
		"password"	:	"9UrTq",
		"firstName"	:	"Alexandre",
		"lastName"	:	"Barajas",
		"dateOfBirth"	:	"1988-08-29",
		"email"	:	"herbert.williams@rollthing.be",
		"mobileNumber"	:	100100130
	},
	{
		"createdAt"	:	"2013-01-01",
		"userName"	:	"dftzvbu",
		"password"	:	"a2eqh",
		"firstName"	:	"Daniel",
		"lastName"	:	"Meadows",
		"dateOfBirth"	:	"1925-08-08",
		"email"	:	"victor@earlypower.cn",
		"mobileNumber"	:	100100131
	},
	{
		"createdAt"	:	"2012-11-30",
		"userName"	:	"pygyapq",
		"password"	:	"3UlRI",
		"firstName"	:	"Bryce",
		"lastName"	:	"Boyer",
		"dateOfBirth"	:	"1971-09-08",
		"email"	:	"wells@chatblog.np",
		"mobileNumber"	:	100100132
	},
	{
		"createdAt"	:	"2012-10-10",
		"userName"	:	"jlaiwvl",
		"password"	:	"Q0pq5",
		"firstName"	:	"Sabrina",
		"lastName"	:	"Pearson",
		"dateOfBirth"	:	"1983-09-22",
		"email"	:	"donna@gigaspace.co",
		"mobileNumber"	:	100100133
	},
	{
		"createdAt"	:	"2013-02-12",
		"userName"	:	"urtbswp",
		"password"	:	"q3NmJ",
		"firstName"	:	"Stefan",
		"lastName"	:	"David",
		"dateOfBirth"	:	"1924-06-11",
		"email"	:	"nikolay@taglive.tel",
		"mobileNumber"	:	100100134
	},
	{
		"createdAt"	:	"2014-06-17",
		"userName"	:	"bqiztuc",
		"password"	:	"pUAR7",
		"firstName"	:	"Jannik",
		"lastName"	:	"Kelley",
		"dateOfBirth"	:	"1920-04-03",
		"email"	:	"damien.horton@madeunit.tt",
		"mobileNumber"	:	100100135
	},
	{
		"createdAt"	:	"2012-09-23",
		"userName"	:	"rxbrkqm",
		"password"	:	"kTbA4",
		"firstName"	:	"Wendy",
		"lastName"	:	"Roberts",
		"dateOfBirth"	:	"1970-12-15",
		"email"	:	"almir.powell@lowthing.am",
		"mobileNumber"	:	100100136
	},
	{
		"createdAt"	:	"2014-03-25",
		"userName"	:	"aqfyoua",
		"password"	:	"L35ty",
		"firstName"	:	"Guilherme",
		"lastName"	:	"Harding",
		"dateOfBirth"	:	"1982-01-28",
		"email"	:	"jens@selfclicks.dk",
		"mobileNumber"	:	100100137
	},
	{
		"createdAt"	:	"2012-04-29",
		"userName"	:	"mvowdpr",
		"password"	:	"k8nmK",
		"firstName"	:	"Mabel",
		"lastName"	:	"Singh",
		"dateOfBirth"	:	"1940-06-13",
		"email"	:	"ted.werner@latewerk.mx",
		"mobileNumber"	:	100100138
	},
	{
		"createdAt"	:	"2012-09-19",
		"userName"	:	"hsqsnwz",
		"password"	:	"lohkg",
		"firstName"	:	"Jacques",
		"lastName"	:	"Wilkins",
		"dateOfBirth"	:	"1963-01-30",
		"email"	:	"dietrich.werner@tidybase.kr",
		"mobileNumber"	:	100100139
	},
	{
		"createdAt"	:	"2014-07-28",
		"userName"	:	"wkjzbzr",
		"password"	:	"dL88i",
		"firstName"	:	"Allan",
		"lastName"	:	"Spencer",
		"dateOfBirth"	:	"1977-01-30",
		"email"	:	"johns@fuelpower.lc",
		"mobileNumber"	:	100100140
	},
	{
		"createdAt"	:	"2013-11-24",
		"userName"	:	"bblxqtz",
		"password"	:	"WYVM9",
		"firstName"	:	"Olivier",
		"lastName"	:	"Clements",
		"dateOfBirth"	:	"1949-10-08",
		"email"	:	"tim.curtis@rollbase.mk",
		"mobileNumber"	:	100100141
	},
	{
		"createdAt"	:	"2011-12-08",
		"userName"	:	"pdpemnx",
		"password"	:	"bhGqp",
		"firstName"	:	"Igor",
		"lastName"	:	"Garza",
		"dateOfBirth"	:	"1950-05-20",
		"email"	:	"justine.valdez@pressclicks.mg",
		"mobileNumber"	:	100100142
	},
	{
		"createdAt"	:	"2011-12-15",
		"userName"	:	"fojyorz",
		"password"	:	"0hPY6",
		"firstName"	:	"Brandon",
		"lastName"	:	"Patel",
		"dateOfBirth"	:	"1955-01-05",
		"email"	:	"luc.haas@mydesk.tr",
		"mobileNumber"	:	100100143
	},
	{
		"createdAt"	:	"2014-05-12",
		"userName"	:	"mdvwoiz",
		"password"	:	"Yn94y",
		"firstName"	:	"Keenan",
		"lastName"	:	"Friedman",
		"dateOfBirth"	:	"1928-08-07",
		"email"	:	"freeman@selfdesk.om",
		"mobileNumber"	:	100100144
	},
	{
		"createdAt"	:	"2014-08-12",
		"userName"	:	"rfjxovi",
		"password"	:	"o5dCj",
		"firstName"	:	"Laszlo",
		"lastName"	:	"Anthony",
		"dateOfBirth"	:	"1975-04-06",
		"email"	:	"giuseppe.davis@pressbeat.info",
		"mobileNumber"	:	100100145
	},
	{
		"createdAt"	:	"2012-10-29",
		"userName"	:	"nvykmhe",
		"password"	:	"ZHQ8W",
		"firstName"	:	"Bram",
		"lastName"	:	"Cook",
		"dateOfBirth"	:	"1935-10-30",
		"email"	:	"mathews@pressbeat.gt",
		"mobileNumber"	:	100100146
	},
	{
		"createdAt"	:	"2013-08-31",
		"userName"	:	"ocjwwrx",
		"password"	:	"VQGWd",
		"firstName"	:	"Hal",
		"lastName"	:	"Greer",
		"dateOfBirth"	:	"1922-02-04",
		"email"	:	"jerremy.johnston@madesphere.tj",
		"mobileNumber"	:	100100147
	},
	{
		"createdAt"	:	"2012-04-03",
		"userName"	:	"xkmcmpe",
		"password"	:	"2jbNr",
		"firstName"	:	"Owen",
		"lastName"	:	"McBride",
		"dateOfBirth"	:	"1982-06-03",
		"email"	:	"fredrick@madebase.pw",
		"mobileNumber"	:	100100148
	},
	{
		"createdAt"	:	"2014-08-24",
		"userName"	:	"vhrrtsu",
		"password"	:	"jgAwG",
		"firstName"	:	"Irina",
		"lastName"	:	"Haley",
		"dateOfBirth"	:	"1949-05-08",
		"email"	:	"mitchell@getbase.sr",
		"mobileNumber"	:	100100149
	},
	{
		"createdAt"	:	"2012-10-07",
		"userName"	:	"fbwewzu",
		"password"	:	"WfcHd",
		"firstName"	:	"Javier",
		"lastName"	:	"Pineda",
		"dateOfBirth"	:	"1980-04-26",
		"email"	:	"alia@lowpower.in",
		"mobileNumber"	:	100100150
	},
	{
		"createdAt"	:	"2013-10-13",
		"userName"	:	"tdwcyyj",
		"password"	:	"t4xXL",
		"firstName"	:	"Patsy",
		"lastName"	:	"Edwards",
		"dateOfBirth"	:	"1985-09-21",
		"email"	:	"hetty.cameron@youdesk.jo",
		"mobileNumber"	:	100100151
	},
	{
		"createdAt"	:	"2012-08-23",
		"userName"	:	"ypwuaxu",
		"password"	:	"kDku0",
		"firstName"	:	"Hilary",
		"lastName"	:	"Wolf",
		"dateOfBirth"	:	"1938-01-08",
		"email"	:	"sophie@selfdesk.st",
		"mobileNumber"	:	100100152
	},
	{
		"createdAt"	:	"2012-08-15",
		"userName"	:	"mdkvgnc",
		"password"	:	"eBVCS",
		"firstName"	:	"Mia",
		"lastName"	:	"Guzman",
		"dateOfBirth"	:	"1929-03-11",
		"email"	:	"glen@fuelsource.mh",
		"mobileNumber"	:	100100153
	},
	{
		"createdAt"	:	"2012-03-26",
		"userName"	:	"qqczbyw",
		"password"	:	"IoZCr",
		"firstName"	:	"Amelia",
		"lastName"	:	"Crosby",
		"dateOfBirth"	:	"1924-04-24",
		"email"	:	"parker@earlyspace.name",
		"mobileNumber"	:	100100154
	},
	{
		"createdAt"	:	"2014-07-08",
		"userName"	:	"rqmtxsn",
		"password"	:	"1qWBW",
		"firstName"	:	"Ruby",
		"lastName"	:	"Strickland",
		"dateOfBirth"	:	"1933-10-13",
		"email"	:	"ferrell@gigafeed.ci",
		"mobileNumber"	:	100100155
	},
	{
		"createdAt"	:	"2012-10-15",
		"userName"	:	"ateqgow",
		"password"	:	"TF8zt",
		"firstName"	:	"Jens",
		"lastName"	:	"Tyler",
		"dateOfBirth"	:	"1958-12-25",
		"email"	:	"claire@selfpower.name",
		"mobileNumber"	:	100100156
	},
	{
		"createdAt"	:	"2011-12-28",
		"userName"	:	"yitqnsc",
		"password"	:	"rLrF4",
		"firstName"	:	"Anne",
		"lastName"	:	"Bryant",
		"dateOfBirth"	:	"1940-11-03",
		"email"	:	"phyllis.cunningham@jetdesk.is",
		"mobileNumber"	:	100100157
	},
	{
		"createdAt"	:	"2012-10-27",
		"userName"	:	"doibqvm",
		"password"	:	"wR4jq",
		"firstName"	:	"Jochen",
		"lastName"	:	"Brady",
		"dateOfBirth"	:	"1972-12-10",
		"email"	:	"olson@putbase.mh",
		"mobileNumber"	:	100100158
	},
	{
		"createdAt"	:	"2012-08-13",
		"userName"	:	"eclnpqg",
		"password"	:	"GL9Uu",
		"firstName"	:	"Edward",
		"lastName"	:	"Cohen",
		"dateOfBirth"	:	"1929-09-07",
		"email"	:	"henry.gibson@quitpower.sn",
		"mobileNumber"	:	100100159
	},
	{
		"createdAt"	:	"2014-06-15",
		"userName"	:	"jluicrh",
		"password"	:	"EkDHy",
		"firstName"	:	"Chloe",
		"lastName"	:	"Lopez",
		"dateOfBirth"	:	"1983-01-13",
		"email"	:	"osborne@lateblog.tl",
		"mobileNumber"	:	100100160
	},
	{
		"createdAt"	:	"2012-04-22",
		"userName"	:	"mnqsljf",
		"password"	:	"o0viN",
		"firstName"	:	"Andrey",
		"lastName"	:	"Mercado",
		"dateOfBirth"	:	"1984-02-16",
		"email"	:	"farley@tidybase.gb",
		"mobileNumber"	:	100100161
	},
	{
		"createdAt"	:	"2012-12-04",
		"userName"	:	"lscrnsj",
		"password"	:	"4boeA",
		"firstName"	:	"Randy",
		"lastName"	:	"Le",
		"dateOfBirth"	:	"1956-06-14",
		"email"	:	"catherine.sanford@madeunit.mm",
		"mobileNumber"	:	100100162
	},
	{
		"createdAt"	:	"2013-01-12",
		"userName"	:	"dniport",
		"password"	:	"QVwoI",
		"firstName"	:	"Bernard",
		"lastName"	:	"Baxter",
		"dateOfBirth"	:	"1943-04-03",
		"email"	:	"abigail.pacheco@getpower.tv",
		"mobileNumber"	:	100100163
	},
	{
		"createdAt"	:	"2014-03-29",
		"userName"	:	"pmnhwvn",
		"password"	:	"YabOU",
		"firstName"	:	"Elizabeth",
		"lastName"	:	"Price",
		"dateOfBirth"	:	"1968-01-31",
		"email"	:	"pugh@putunit.tp",
		"mobileNumber"	:	100100164
	},
	{
		"createdAt"	:	"2013-06-21",
		"userName"	:	"ygaivnt",
		"password"	:	"BDBlM",
		"firstName"	:	"Elizabeth",
		"lastName"	:	"McKay",
		"dateOfBirth"	:	"1955-03-17",
		"email"	:	"bartlomiej@quitthing.kn",
		"mobileNumber"	:	100100165
	},
	{
		"createdAt"	:	"2014-06-24",
		"userName"	:	"cntzouu",
		"password"	:	"niZpi",
		"firstName"	:	"Brooke",
		"lastName"	:	"Lindsay",
		"dateOfBirth"	:	"1974-03-13",
		"email"	:	"calman@tidybot.al",
		"mobileNumber"	:	100100166
	},
	{
		"createdAt"	:	"2014-03-04",
		"userName"	:	"axdmqsw",
		"password"	:	"iTTcI",
		"firstName"	:	"Henry",
		"lastName"	:	"O'Brien",
		"dateOfBirth"	:	"1932-05-03",
		"email"	:	"koen@chatserv.pf",
		"mobileNumber"	:	100100167
	},
	{
		"createdAt"	:	"2012-10-12",
		"userName"	:	"maqpmji",
		"password"	:	"J1fxn",
		"firstName"	:	"Fernando",
		"lastName"	:	"Lyons",
		"dateOfBirth"	:	"1982-05-16",
		"email"	:	"mathews@lowthing.ro",
		"mobileNumber"	:	100100168
	},
	{
		"createdAt"	:	"2013-09-04",
		"userName"	:	"voadtuc",
		"password"	:	"ARJnd",
		"firstName"	:	"Nicole",
		"lastName"	:	"Huynh",
		"dateOfBirth"	:	"1921-08-19",
		"email"	:	"waters@tagwerk.pro",
		"mobileNumber"	:	100100169
	},
	{
		"createdAt"	:	"2014-03-19",
		"userName"	:	"jemcwrl",
		"password"	:	"IkLsF",
		"firstName"	:	"Bjorn",
		"lastName"	:	"Hall",
		"dateOfBirth"	:	"1939-10-16",
		"email"	:	"michelle@fueldesk.sb",
		"mobileNumber"	:	100100170
	},
	{
		"createdAt"	:	"2013-12-07",
		"userName"	:	"dyamknw",
		"password"	:	"Vs4kd",
		"firstName"	:	"Petros",
		"lastName"	:	"Soto",
		"dateOfBirth"	:	"1980-05-06",
		"email"	:	"benny@earlybeat.mv",
		"mobileNumber"	:	100100171
	},
	{
		"createdAt"	:	"2013-10-01",
		"userName"	:	"etbxhgi",
		"password"	:	"I0tqO",
		"firstName"	:	"Gail",
		"lastName"	:	"Golden",
		"dateOfBirth"	:	"1933-05-17",
		"email"	:	"wall@rollbeat.bn",
		"mobileNumber"	:	100100172
	},
	{
		"createdAt"	:	"2013-12-01",
		"userName"	:	"sgjjpri",
		"password"	:	"YioJE",
		"firstName"	:	"Brit",
		"lastName"	:	"Hudson",
		"dateOfBirth"	:	"1983-09-18",
		"email"	:	"greg.miranda@jetbeat.mv",
		"mobileNumber"	:	100100173
	},
	{
		"createdAt"	:	"2014-03-04",
		"userName"	:	"azbwwjx",
		"password"	:	"eFCR3",
		"firstName"	:	"Andrew",
		"lastName"	:	"Deleon",
		"dateOfBirth"	:	"1922-01-16",
		"email"	:	"nick.russell@madebit.us",
		"mobileNumber"	:	100100174
	},
	{
		"createdAt"	:	"2013-04-25",
		"userName"	:	"nldiblg",
		"password"	:	"Rpxlc",
		"firstName"	:	"Wendy",
		"lastName"	:	"Bennett",
		"dateOfBirth"	:	"1970-10-21",
		"email"	:	"bjorn.o'donnell@shutsimple.sh",
		"mobileNumber"	:	100100175
	},
	{
		"createdAt"	:	"2013-10-11",
		"userName"	:	"fynvlip",
		"password"	:	"dmeKa",
		"firstName"	:	"Bradley",
		"lastName"	:	"Santiago",
		"dateOfBirth"	:	"1953-08-16",
		"email"	:	"york@tidysource.ma",
		"mobileNumber"	:	100100176
	},
	{
		"createdAt"	:	"2013-05-29",
		"userName"	:	"zaslhvd",
		"password"	:	"LuH2v",
		"firstName"	:	"Hetty",
		"lastName"	:	"Dickson",
		"dateOfBirth"	:	"1954-06-25",
		"email"	:	"oleg.andrews@putpower.asia",
		"mobileNumber"	:	100100177
	},
	{
		"createdAt"	:	"2012-10-23",
		"userName"	:	"hdzndgs",
		"password"	:	"MSdjN",
		"firstName"	:	"Abu",
		"lastName"	:	"Walker",
		"dateOfBirth"	:	"1926-03-31",
		"email"	:	"mendez@presssphere.at",
		"mobileNumber"	:	100100178
	},
	{
		"createdAt"	:	"2013-05-11",
		"userName"	:	"iunoqhg",
		"password"	:	"ttxsx",
		"firstName"	:	"Edin",
		"lastName"	:	"Lewis",
		"dateOfBirth"	:	"1942-03-29",
		"email"	:	"horn@latelive.ie",
		"mobileNumber"	:	100100179
	},
	{
		"createdAt"	:	"2013-09-27",
		"userName"	:	"yebuhwb",
		"password"	:	"hc34Y",
		"firstName"	:	"Gavin",
		"lastName"	:	"Sosa",
		"dateOfBirth"	:	"1960-08-01",
		"email"	:	"stokes@jetblog.kn",
		"mobileNumber"	:	100100180
	},
	{
		"createdAt"	:	"2014-10-01",
		"userName"	:	"lpuuhvx",
		"password"	:	"a6NYw",
		"firstName"	:	"Travis",
		"lastName"	:	"Conway",
		"dateOfBirth"	:	"1938-06-03",
		"email"	:	"long@chatthing.kn",
		"mobileNumber"	:	100100181
	},
	{
		"createdAt"	:	"2012-09-30",
		"userName"	:	"zpzbwzz",
		"password"	:	"6LTSI",
		"firstName"	:	"Amy",
		"lastName"	:	"Barber",
		"dateOfBirth"	:	"1922-12-25",
		"email"	:	"mohammed@getwords.dj",
		"mobileNumber"	:	100100182
	},
	{
		"createdAt"	:	"2014-02-02",
		"userName"	:	"yutlklr",
		"password"	:	"ZR4u0",
		"firstName"	:	"Cedric",
		"lastName"	:	"Barr",
		"dateOfBirth"	:	"1944-02-03",
		"email"	:	"bonnie.lyons@getwords.jo",
		"mobileNumber"	:	100100183
	},
	{
		"createdAt"	:	"2012-05-31",
		"userName"	:	"afqzlyn",
		"password"	:	"0cySC",
		"firstName"	:	"Sébastien",
		"lastName"	:	"White",
		"dateOfBirth"	:	"1952-08-12",
		"email"	:	"frey@fuelsphere.ug",
		"mobileNumber"	:	100100184
	},
	{
		"createdAt"	:	"2013-12-13",
		"userName"	:	"hmtcmpy",
		"password"	:	"vkB5V",
		"firstName"	:	"Gavin",
		"lastName"	:	"Hayes",
		"dateOfBirth"	:	"1937-05-02",
		"email"	:	"valencia@latebit.na",
		"mobileNumber"	:	100100185
	},
	{
		"createdAt"	:	"2013-01-28",
		"userName"	:	"qzoofhn",
		"password"	:	"t5fvQ",
		"firstName"	:	"Mike",
		"lastName"	:	"Cain",
		"dateOfBirth"	:	"1962-03-25",
		"email"	:	"grace@earlybeat.ci",
		"mobileNumber"	:	100100186
	},
	{
		"createdAt"	:	"2014-10-06",
		"userName"	:	"cbzeocv",
		"password"	:	"xTBGS",
		"firstName"	:	"Bjorn",
		"lastName"	:	"Wade",
		"dateOfBirth"	:	"1935-09-27",
		"email"	:	"levy@busybot.cm",
		"mobileNumber"	:	100100187
	},
	{
		"createdAt"	:	"2012-11-23",
		"userName"	:	"hdmwqgq",
		"password"	:	"pdlGe",
		"firstName"	:	"Ignacio",
		"lastName"	:	"Olson",
		"dateOfBirth"	:	"1978-10-30",
		"email"	:	"guillermo@fuelclicks.ci",
		"mobileNumber"	:	100100188
	},
	{
		"createdAt"	:	"2014-08-09",
		"userName"	:	"ukdqncj",
		"password"	:	"yNGJK",
		"firstName"	:	"Geoffrey",
		"lastName"	:	"Castro",
		"dateOfBirth"	:	"1972-06-17",
		"email"	:	"dudley@tidything.gy",
		"mobileNumber"	:	100100189
	},
	{
		"createdAt"	:	"2014-08-08",
		"userName"	:	"lslooun",
		"password"	:	"uWlVC",
		"firstName"	:	"Roger",
		"lastName"	:	"Turner",
		"dateOfBirth"	:	"1964-08-14",
		"email"	:	"bray@tagbit.fm",
		"mobileNumber"	:	100100190
	},
	{
		"createdAt"	:	"2013-03-18",
		"userName"	:	"kdmblco",
		"password"	:	"0cnkW",
		"firstName"	:	"Connor",
		"lastName"	:	"Hale",
		"dateOfBirth"	:	"1930-06-27",
		"email"	:	"jocelyn.montoya@pressthing.mz",
		"mobileNumber"	:	100100191
	},
	{
		"createdAt"	:	"2013-06-30",
		"userName"	:	"mqgzice",
		"password"	:	"TYcss",
		"firstName"	:	"Guillermo",
		"lastName"	:	"Singh",
		"dateOfBirth"	:	"1948-01-16",
		"email"	:	"roy@busyclicks.cat",
		"mobileNumber"	:	100100192
	},
	{
		"createdAt"	:	"2013-03-19",
		"userName"	:	"jpxmyty",
		"password"	:	"S8mR0",
		"firstName"	:	"Roy",
		"lastName"	:	"Lamb",
		"dateOfBirth"	:	"1939-08-04",
		"email"	:	"harding@madebit.is",
		"mobileNumber"	:	100100193
	},
	{
		"createdAt"	:	"2014-07-01",
		"userName"	:	"dwxhpjx",
		"password"	:	"hBNts",
		"firstName"	:	"Marco",
		"lastName"	:	"Wells",
		"dateOfBirth"	:	"1935-01-26",
		"email"	:	"nick@lateunit.de",
		"mobileNumber"	:	100100194
	},
	{
		"createdAt"	:	"2012-08-04",
		"userName"	:	"wgjvnby",
		"password"	:	"7lqn0",
		"firstName"	:	"Alistair",
		"lastName"	:	"Steele",
		"dateOfBirth"	:	"1979-05-06",
		"email"	:	"callum.crawford@fuelware.af",
		"mobileNumber"	:	100100195
	},
	{
		"createdAt"	:	"2012-11-24",
		"userName"	:	"nnibvep",
		"password"	:	"LxptF",
		"firstName"	:	"Brit",
		"lastName"	:	"Chaney",
		"dateOfBirth"	:	"1925-01-25",
		"email"	:	"hayden@tagspace.tk",
		"mobileNumber"	:	100100196
	},
	{
		"createdAt"	:	"2014-07-05",
		"userName"	:	"excftfn",
		"password"	:	"3UX5B",
		"firstName"	:	"Walter",
		"lastName"	:	"Murillo",
		"dateOfBirth"	:	"1925-11-08",
		"email"	:	"karen.riley@busyserv.im",
		"mobileNumber"	:	100100197
	},
	{
		"createdAt"	:	"2013-08-08",
		"userName"	:	"lkxtgta",
		"password"	:	"w6efc",
		"firstName"	:	"Aidan",
		"lastName"	:	"Bautista",
		"dateOfBirth"	:	"1973-06-18",
		"email"	:	"vincent@earlyware.tv",
		"mobileNumber"	:	100100198
	},
	{
		"createdAt"	:	"2013-08-14",
		"userName"	:	"xjrqpso",
		"password"	:	"1j6SY",
		"firstName"	:	"Suzanne",
		"lastName"	:	"Small",
		"dateOfBirth"	:	"1986-03-30",
		"email"	:	"pavel.harmon@fussblog.tg",
		"mobileNumber"	:	100100199
	}
]
