[
	{
		"createdAt"	:	"2014-11-23",
		"credit"	:	38,
		"debit"	:	81,
		"description"	:	"Luctus suspendisse vestibulum quisque volutpat ultrices dictum porttitor in sit",
		"Game"	:	1,
		"balanceAfter"	:	""
	},
	{
		"createdAt"	:	"2014-10-20",
		"credit"	:	30,
		"debit"	:	77,
		"description"	:	"At diam imperdiet at sodales felis adipiscing lacinia nascetur nec",
		"Game"	:	5,
		"balanceAfter"	:	""
	},
	{
		"createdAt"	:	"2014-08-02",
		"credit"	:	76,
		"debit"	:	10,
		"description"	:	"Consequat eu cras vivamus lacus eget fermentum et placerat fusce",
		"Game"	:	5,
		"balanceAfter"	:	""
	},
	{
		"createdAt"	:	"2014-05-11",
		"credit"	:	87,
		"debit"	:	6,
		"description"	:	"Neque elit nec libero inceptos turpis id non neque habitant",
		"Game"	:	5,
		"balanceAfter"	:	""
	},
	{
		"createdAt"	:	"2014-05-18",
		"credit"	:	39,
		"debit"	:	3,
		"description"	:	"Et platea vestibulum sagittis aliquam tellus felis a curabitur nunc",
		"Game"	:	5,
		"balanceAfter"	:	""
	},
	{
		"createdAt"	:	"2014-01-23",
		"credit"	:	38,
		"debit"	:	7,
		"description"	:	"Malesuada congue leo in sed magna ullamcorper pede nisi lorem",
		"Game"	:	4,
		"balanceAfter"	:	""
	},
	{
		"createdAt"	:	"2014-03-28",
		"credit"	:	1,
		"debit"	:	27,
		"description"	:	"Lorem curae; ligula litora vivamus feugiat commodo ac consectetuer nec",
		"Game"	:	2,
		"balanceAfter"	:	""
	},
	{
		"createdAt"	:	"2014-03-13",
		"credit"	:	79,
		"debit"	:	46,
		"description"	:	"Per in aenean ligula et vulputate mi vestibulum dui vestibulum",
		"Game"	:	1,
		"balanceAfter"	:	""
	},
	{
		"createdAt"	:	"2014-08-24",
		"credit"	:	79,
		"debit"	:	13,
		"description"	:	"Quis lobortis accumsan lectus nunc per cras mi praesent sodales",
		"Game"	:	5,
		"balanceAfter"	:	""
	},
	{
		"createdAt"	:	"2014-07-30",
		"credit"	:	100,
		"debit"	:	38,
		"description"	:	"Vel sapien justo massa tincidunt metus tempor imperdiet a mauris",
		"Game"	:	1,
		"balanceAfter"	:	""
	},
	{
		"createdAt"	:	"2014-09-18",
		"credit"	:	29,
		"debit"	:	18,
		"description"	:	"Ornare ac orci scelerisque commodo elit malesuada aliquet hymenaeos amet",
		"Game"	:	1,
		"balanceAfter"	:	""
	},
	{
		"createdAt"	:	"2014-05-01",
		"credit"	:	2,
		"debit"	:	63,
		"description"	:	"Class ornare magna ridiculus pellentesque phasellus sed purus ad praesent",
		"Game"	:	1,
		"balanceAfter"	:	""
	},
	{
		"createdAt"	:	"2014-10-18",
		"credit"	:	51,
		"debit"	:	22,
		"description"	:	"Eget litora nec sapien auctor amet sapien vulputate in non",
		"Game"	:	4,
		"balanceAfter"	:	""
	},
	{
		"createdAt"	:	"2014-09-18",
		"credit"	:	70,
		"debit"	:	58,
		"description"	:	"Amet dolor interdum purus nunc hymenaeos pretium tempor ipsum a",
		"Game"	:	3,
		"balanceAfter"	:	""
	},
	{
		"createdAt"	:	"2014-03-10",
		"credit"	:	79,
		"debit"	:	30,
		"description"	:	"Enim nulla rutrum eget mollis sit per sodales ligula enim",
		"Game"	:	5,
		"balanceAfter"	:	""
	},
	{
		"createdAt"	:	"2014-03-28",
		"credit"	:	29,
		"debit"	:	74,
		"description"	:	"Sapien fames nec aliquam viverra eleifend turpis eget turpis vel",
		"Game"	:	4,
		"balanceAfter"	:	""
	},
	{
		"createdAt"	:	"2014-09-08",
		"credit"	:	78,
		"debit"	:	19,
		"description"	:	"Tristique erat nibh a tortor eros duis purus gravida conubia",
		"Game"	:	5,
		"balanceAfter"	:	""
	},
	{
		"createdAt"	:	"2014-04-11",
		"credit"	:	9,
		"debit"	:	24,
		"description"	:	"Accumsan phasellus accumsan vel mauris orci vitae nisi vestibulum est",
		"Game"	:	2,
		"balanceAfter"	:	""
	},
	{
		"createdAt"	:	"2014-11-05",
		"credit"	:	68,
		"debit"	:	32,
		"description"	:	"Neque dictumst habitant a feugiat ligula pellentesque viverra pretium purus",
		"Game"	:	1,
		"balanceAfter"	:	""
	},
	{
		"createdAt"	:	"2014-10-11",
		"credit"	:	62,
		"debit"	:	89,
		"description"	:	"Sapien consectetuer per morbi eu ipsum dictum quam nibh vestibulum",
		"Game"	:	5,
		"balanceAfter"	:	""
	},
	{
		"createdAt"	:	"2014-01-03",
		"credit"	:	5,
		"debit"	:	14,
		"description"	:	"Suscipit praesent nostra quam blandit a sed sapien leo orci",
		"Game"	:	5,
		"balanceAfter"	:	""
	},
	{
		"createdAt"	:	"2014-10-20",
		"credit"	:	29,
		"debit"	:	91,
		"description"	:	"Interdum vestibulum sed erat vestibulum sapien fusce nullam quam consectetuer",
		"Game"	:	4,
		"balanceAfter"	:	""
	},
	{
		"createdAt"	:	"2014-10-19",
		"credit"	:	24,
		"debit"	:	11,
		"description"	:	"Nam feugiat nonummy nisi aliquet lacus eu imperdiet dapibus enim",
		"Game"	:	4,
		"balanceAfter"	:	""
	},
	{
		"createdAt"	:	"2014-11-11",
		"credit"	:	66,
		"debit"	:	74,
		"description"	:	"Ornare turpis vitae libero aptent feugiat feugiat ante dis vestibulum",
		"Game"	:	4,
		"balanceAfter"	:	""
	},
	{
		"createdAt"	:	"2014-10-04",
		"credit"	:	32,
		"debit"	:	56,
		"description"	:	"Ut id mauris dolor urna ante ut mauris lacinia a",
		"Game"	:	5,
		"balanceAfter"	:	""
	},
	{
		"createdAt"	:	"2014-02-13",
		"credit"	:	16,
		"debit"	:	82,
		"description"	:	"Mollis feugiat sociosqu lectus a orci praesent semper egestas mauris",
		"Game"	:	5,
		"balanceAfter"	:	""
	},
	{
		"createdAt"	:	"2014-07-10",
		"credit"	:	93,
		"debit"	:	65,
		"description"	:	"Placerat vestibulum gravida egestas eget sit a nibh ullamcorper tellus",
		"Game"	:	5,
		"balanceAfter"	:	""
	},
	{
		"createdAt"	:	"2014-04-23",
		"credit"	:	79,
		"debit"	:	95,
		"description"	:	"Ipsum et augue massa lacinia turpis magna dolor nibh imperdiet",
		"Game"	:	3,
		"balanceAfter"	:	""
	},
	{
		"createdAt"	:	"2014-02-19",
		"credit"	:	73,
		"debit"	:	15,
		"description"	:	"Ultrices vel volutpat per amet fermentum amet at donec quis",
		"Game"	:	1,
		"balanceAfter"	:	""
	},
	{
		"createdAt"	:	"2014-06-17",
		"credit"	:	86,
		"debit"	:	26,
		"description"	:	"Inceptos et justo ipsum augue aenean ipsum metus lacus ante",
		"Game"	:	3,
		"balanceAfter"	:	""
	},
	{
		"createdAt"	:	"2014-02-24",
		"credit"	:	52,
		"debit"	:	63,
		"description"	:	"Tempor mollis nonummy ullamcorper ultrices elit aliquam semper nullam litora",
		"Game"	:	3,
		"balanceAfter"	:	""
	},
	{
		"createdAt"	:	"2014-11-22",
		"credit"	:	96,
		"debit"	:	76,
		"description"	:	"Tellus laoreet neque nibh vivamus aptent diam urna sapien et",
		"Game"	:	4,
		"balanceAfter"	:	""
	},
	{
		"createdAt"	:	"2014-09-01",
		"credit"	:	34,
		"debit"	:	1,
		"description"	:	"Nulla lacinia velit elit elit massa accumsan suscipit et malesuada",
		"Game"	:	5,
		"balanceAfter"	:	""
	},
	{
		"createdAt"	:	"2014-09-30",
		"credit"	:	24,
		"debit"	:	52,
		"description"	:	"Pede penatibus est leo class justo quis ut est quisque",
		"Game"	:	3,
		"balanceAfter"	:	""
	},
	{
		"createdAt"	:	"2014-09-11",
		"credit"	:	72,
		"debit"	:	1,
		"description"	:	"Eu potenti accumsan vitae senectus ante dolor consectetuer a justo",
		"Game"	:	5,
		"balanceAfter"	:	""
	},
	{
		"createdAt"	:	"2014-04-20",
		"credit"	:	53,
		"debit"	:	59,
		"description"	:	"Feugiat ut pede tempor aptent mauris purus magna pede nibh",
		"Game"	:	3,
		"balanceAfter"	:	""
	},
	{
		"createdAt"	:	"2014-05-15",
		"credit"	:	36,
		"debit"	:	93,
		"description"	:	"Nec nibh et sagittis massa mattis ut amet ante feugiat",
		"Game"	:	1,
		"balanceAfter"	:	""
	},
	{
		"createdAt"	:	"2014-10-19",
		"credit"	:	96,
		"debit"	:	39,
		"description"	:	"Vel vulputate dapibus mi tincidunt massa ut tortor nec ipsum",
		"Game"	:	3,
		"balanceAfter"	:	""
	},
	{
		"createdAt"	:	"2014-11-08",
		"credit"	:	13,
		"debit"	:	64,
		"description"	:	"Lacinia mattis egestas libero mauris interdum justo hymenaeos suscipit phasellus",
		"Game"	:	2,
		"balanceAfter"	:	""
	},
	{
		"createdAt"	:	"2014-09-27",
		"credit"	:	73,
		"debit"	:	0,
		"description"	:	"Mollis id accumsan massa potenti praesent augue habitasse nisl purus",
		"Game"	:	4,
		"balanceAfter"	:	""
	},
	{
		"createdAt"	:	"2014-01-12",
		"credit"	:	19,
		"debit"	:	24,
		"description"	:	"Amet lobortis class sagittis elit mauris suspendisse accumsan hac platea",
		"Game"	:	3,
		"balanceAfter"	:	""
	},
	{
		"createdAt"	:	"2014-03-13",
		"credit"	:	47,
		"debit"	:	57,
		"description"	:	"Mauris sollicitudin eget est a bibendum quisque vel leo libero",
		"Game"	:	4,
		"balanceAfter"	:	""
	},
	{
		"createdAt"	:	"2014-05-15",
		"credit"	:	40,
		"debit"	:	4,
		"description"	:	"Lacus interdum ullamcorper elit varius praesent quis magna dui vel",
		"Game"	:	5,
		"balanceAfter"	:	""
	},
	{
		"createdAt"	:	"2014-07-12",
		"credit"	:	11,
		"debit"	:	70,
		"description"	:	"Suspendisse luctus praesent placerat per duis massa nulla mauris quam",
		"Game"	:	4,
		"balanceAfter"	:	""
	},
	{
		"createdAt"	:	"2014-05-15",
		"credit"	:	68,
		"debit"	:	60,
		"description"	:	"Quam purus aliquam et eu cursus mauris taciti dictum eros",
		"Game"	:	1,
		"balanceAfter"	:	""
	},
	{
		"createdAt"	:	"2014-08-27",
		"credit"	:	66,
		"debit"	:	8,
		"description"	:	"Justo tempor ornare sollicitudin tristique ipsum ipsum aliquam per et",
		"Game"	:	3,
		"balanceAfter"	:	""
	},
	{
		"createdAt"	:	"2014-07-18",
		"credit"	:	51,
		"debit"	:	15,
		"description"	:	"Cras lacus phasellus ullamcorper libero turpis amet est facilisis nullam",
		"Game"	:	1,
		"balanceAfter"	:	""
	},
	{
		"createdAt"	:	"2014-10-12",
		"credit"	:	24,
		"debit"	:	86,
		"description"	:	"Erat bibendum mattis mollis diam mollis eu orci suscipit at",
		"Game"	:	5,
		"balanceAfter"	:	""
	},
	{
		"createdAt"	:	"2014-09-27",
		"credit"	:	69,
		"debit"	:	83,
		"description"	:	"Donec quis amet pharetra nibh aliquet ut erat cursus tortor",
		"Game"	:	4,
		"balanceAfter"	:	""
	},
	{
		"createdAt"	:	"2014-05-21",
		"credit"	:	57,
		"debit"	:	87,
		"description"	:	"Nunc pellentesque ut ut mauris sed ultrices magna non justo",
		"Game"	:	3,
		"balanceAfter"	:	""
	}
]
